Price,Close,High,Low,Open,Volume
Ticker,QQQ,QQQ,QQQ,QQQ,QQQ
Datetime,,,,,
2024-03-07 14:30:00+00:00,443.75,443.7699890136719,440.8599853515625,442.4200134277344,10077095
2024-03-07 15:30:00+00:00,444.92999267578125,445.0892028808594,443.2900085449219,443.760009765625,5616521
2024-03-07 16:30:00+00:00,445.44000244140625,445.95001220703125,444.2799987792969,444.92999267578125,4582843
2024-03-07 17:30:00+00:00,445.9200134277344,445.9200134277344,444.9150085449219,445.44000244140625,3429891
2024-03-07 18:30:00+00:00,446.25,446.7200012207031,445.760009765625,445.92999267578125,4197410
2024-03-07 19:30:00+00:00,445.3500061035156,446.6199951171875,444.9800109863281,446.2439880371094,4345294
2024-03-07 20:30:00+00:00,445.510009765625,446.2449951171875,445.29998779296875,445.3500061035156,6927361
2024-03-08 14:30:00+00:00,448.46990966796875,448.6000061035156,445.07000732421875,445.5,10941320
2024-03-08 15:30:00+00:00,442.8609924316406,448.6400146484375,442.70001220703125,448.489990234375,12954959
2024-03-08 16:30:00+00:00,442.6199951171875,443.6400146484375,441.1600036621094,442.8599853515625,11694088
2024-03-08 17:30:00+00:00,439.4800109863281,442.86590576171875,439.1000061035156,442.6700134277344,8956420
2024-03-08 18:30:00+00:00,440.8573913574219,441.1400146484375,438.3399963378906,439.3900146484375,6996403
2024-03-08 19:30:00+00:00,439.2699890136719,442.30999755859375,439.1499938964844,440.8598937988281,8395312
2024-03-08 20:30:00+00:00,439.0,440.260009765625,438.9800109863281,439.2850036621094,8626513
2024-03-11 13:30:00+00:00,436.3900146484375,438.04998779296875,435.44000244140625,437.75,12172923
2024-03-11 14:30:00+00:00,436.4200134277344,438.6300048828125,436.3299865722656,436.3999938964844,6822847
2024-03-11 15:30:00+00:00,437.45001220703125,438.17999267578125,436.1199951171875,436.42999267578125,4599674
2024-03-11 16:30:00+00:00,437.9100036621094,438.1199951171875,436.7900085449219,437.4800109863281,3784884
2024-03-11 17:30:00+00:00,437.9150085449219,438.2699890136719,436.6499938964844,437.8800048828125,4003659
2024-03-11 18:30:00+00:00,437.07000732421875,438.6600036621094,436.94000244140625,437.92999267578125,5706793
2024-03-11 19:30:00+00:00,437.3500061035156,437.8599853515625,436.79998779296875,437.07000732421875,5553856
2024-03-12 13:30:00+00:00,440.989990234375,441.04998779296875,436.4599914550781,439.7300109863281,14023730
2024-03-12 14:30:00+00:00,443.1499938964844,443.20001220703125,441.0,441.0,7802710
2024-03-12 15:30:00+00:00,441.4801025390625,443.1921081542969,441.239990234375,443.1700134277344,4756544
2024-03-12 16:30:00+00:00,441.4599914550781,441.9599914550781,440.07000732421875,441.4849853515625,7086511
2024-03-12 17:30:00+00:00,442.9031982421875,442.93499755859375,441.3804016113281,441.4525146484375,5547322
2024-03-12 18:30:00+00:00,443.5,443.5889892578125,442.05999755859375,442.906005859375,6388151
2024-03-12 19:30:00+00:00,443.67999267578125,444.0199890136719,443.20001220703125,443.510009765625,6527203
2024-03-13 13:30:00+00:00,440.6000061035156,442.6700134277344,439.6600036621094,442.6499938964844,9151903
2024-03-13 14:30:00+00:00,440.07000732421875,441.5979919433594,439.92999267578125,440.5899963378906,4844113
2024-03-13 15:30:00+00:00,440.3500061035156,440.7200012207031,439.1199951171875,440.07000732421875,5061408
2024-03-13 16:30:00+00:00,441.5400085449219,441.7300109863281,439.989990234375,440.3599853515625,3653907
2024-03-13 17:30:00+00:00,441.4700012207031,441.8399963378906,441.0400085449219,441.54998779296875,3042181
2024-03-13 18:30:00+00:00,439.82000732421875,441.9700012207031,439.2200012207031,441.489990234375,4493712
2024-03-13 19:30:00+00:00,440.2300109863281,440.7298889160156,439.6499938964844,439.82000732421875,5771340
2024-03-14 13:30:00+00:00,440.05499267578125,442.0299987792969,437.3900146484375,441.5,12070089
2024-03-14 14:30:00+00:00,439.20001220703125,440.7300109863281,438.875,440.0299987792969,7086338
2024-03-14 15:30:00+00:00,439.239990234375,440.0400085449219,438.3399963378906,439.2300109863281,4371254
2024-03-14 16:30:00+00:00,438.1400146484375,439.82000732421875,437.5799865722656,439.2253112792969,5037066
2024-03-14 17:30:00+00:00,439.70001220703125,440.44000244140625,437.82000732421875,438.1400146484375,4622531
2024-03-14 18:30:00+00:00,437.1300048828125,439.95001220703125,436.6499938964844,439.69000244140625,8542646
2024-03-14 19:30:00+00:00,439.19000244140625,439.19000244140625,436.3900146484375,437.1400146484375,7584042
2024-03-15 13:30:00+00:00,435.1300048828125,436.7799987792969,433.29998779296875,436.1600036621094,9124295
2024-03-15 14:30:00+00:00,435.0400085449219,436.69000244140625,434.510009765625,435.05999755859375,7642690
2024-03-15 15:30:00+00:00,433.57000732421875,435.2200012207031,433.1199951171875,435.0400085449219,4284724
2024-03-15 16:30:00+00:00,433.7950134277344,434.2898864746094,432.74169921875,433.55999755859375,3310104
2024-03-15 17:30:00+00:00,433.92999267578125,434.760009765625,433.4800109863281,433.7900085449219,3866955
2024-03-15 18:30:00+00:00,434.6799011230469,435.0899963378906,433.8800048828125,433.9200134277344,3036266
2024-03-15 19:30:00+00:00,433.8800048828125,434.79998779296875,433.56500244140625,434.69000244140625,6011106
2024-03-18 13:30:00+00:00,440.8200988769531,441.0400085449219,438.57000732421875,438.739990234375,13946111
2024-03-18 14:30:00+00:00,439.5950012207031,441.010009765625,439.0899963378906,440.8299865722656,6429290
2024-03-18 15:30:00+00:00,438.94000244140625,439.6300048828125,438.42999267578125,439.6000061035156,5710122
2024-03-18 16:30:00+00:00,438.8399963378906,439.19000244140625,437.6099853515625,438.95001220703125,4389004
2024-03-18 17:30:00+00:00,439.3999938964844,439.4112854003906,437.8399963378906,438.8900146484375,3662941
2024-03-18 18:30:00+00:00,438.67999267578125,439.4200134277344,438.0799865722656,439.3887939453125,4135314
2024-03-18 19:30:00+00:00,437.4700012207031,438.9599914550781,437.239990234375,438.70001220703125,5055700
2024-03-19 13:30:00+00:00,433.8999938964844,435.69000244140625,433.3299865722656,435.4700012207031,10131944
2024-03-19 14:30:00+00:00,435.1925048828125,435.57000732421875,433.67999267578125,433.8599853515625,4732434
2024-03-19 15:30:00+00:00,436.7699890136719,436.9200134277344,435.2200012207031,435.2200012207031,5700990
2024-03-19 16:30:00+00:00,438.07000732421875,438.8900146484375,436.79998779296875,436.79998779296875,5705806
2024-03-19 17:30:00+00:00,438.48968505859375,438.87890625,437.8599853515625,438.0950012207031,3573677
2024-03-19 18:30:00+00:00,437.6199951171875,438.9800109863281,437.239990234375,438.4599914550781,4468286
2024-03-19 19:30:00+00:00,438.5799865722656,438.8800048828125,437.4849853515625,437.6099853515625,6084306
2024-03-20 13:30:00+00:00,439.29998779296875,440.1600036621094,438.0611877441406,439.8999938964844,6367487
2024-03-20 14:30:00+00:00,439.0299987792969,439.44000244140625,438.1650085449219,439.2900085449219,2582829
2024-03-20 15:30:00+00:00,438.8699951171875,439.25,438.260009765625,439.010009765625,2996391
2024-03-20 16:30:00+00:00,438.4649963378906,439.1700134277344,438.2900085449219,438.8800048828125,2209965
2024-03-20 17:30:00+00:00,441.07000732421875,441.8599853515625,438.0799865722656,438.45001220703125,6918979
2024-03-20 18:30:00+00:00,443.8399963378906,443.95001220703125,439.0400085449219,441.0899963378906,11826068
2024-03-20 19:30:00+00:00,443.80999755859375,444.1099853515625,442.70001220703125,443.8299865722656,6433062
2024-03-21 13:30:00+00:00,448.19500732421875,449.32000732421875,447.3800048828125,448.88800048828125,9986095
2024-03-21 14:30:00+00:00,448.1499938964844,448.45001220703125,447.2200012207031,448.2200012207031,5178118
2024-03-21 15:30:00+00:00,449.25,449.3399963378906,448.0150146484375,448.0799865722656,3854370
2024-03-21 16:30:00+00:00,448.30999755859375,449.3399963378906,448.1499938964844,449.25,4081970
2024-03-21 17:30:00+00:00,447.19500732421875,448.30999755859375,446.4100036621094,448.2900085449219,4233067
2024-03-21 18:30:00+00:00,446.4700012207031,447.19000244140625,445.67999267578125,447.19000244140625,5102547
2024-03-21 19:30:00+00:00,445.7799987792969,446.82000732421875,445.6700134277344,446.4700012207031,4993745
2024-03-22 13:30:00+00:00,445.2650146484375,446.0400085449219,444.5,445.3699951171875,6190344
2024-03-22 14:30:00+00:00,445.760009765625,445.8599853515625,444.55999755859375,445.2900085449219,2619807
2024-03-22 15:30:00+00:00,445.7694091796875,446.1050109863281,445.2699890136719,445.7699890136719,2788340
2024-03-22 16:30:00+00:00,446.82989501953125,447.0799865722656,445.1700134277344,445.79998779296875,2955894
2024-03-22 17:30:00+00:00,447.09039306640625,447.489990234375,446.3949890136719,446.8299865722656,3586235
2024-03-22 18:30:00+00:00,446.19000244140625,447.1499938964844,445.6000061035156,447.11138916015625,3353231
2024-03-22 19:30:00+00:00,446.20001220703125,446.989990234375,445.9200134277344,446.17999267578125,4307947
2024-03-25 13:30:00+00:00,444.875,445.55999755859375,442.5400085449219,443.4200134277344,7494336
2024-03-25 14:30:00+00:00,445.2344970703125,445.55999755859375,444.54998779296875,444.8699951171875,3564454
2024-03-25 15:30:00+00:00,445.1495056152344,445.8299865722656,444.989990234375,445.260009765625,2847253
2024-03-25 16:30:00+00:00,445.6050109863281,445.67999267578125,444.82000732421875,445.1499938964844,2035564
2024-03-25 17:30:00+00:00,445.9700012207031,446.17999267578125,445.4599914550781,445.6199951171875,2597461
2024-03-25 18:30:00+00:00,445.30999755859375,446.260009765625,445.17999267578125,445.9700012207031,3196036
2024-03-25 19:30:00+00:00,444.739990234375,445.8550109863281,444.70001220703125,445.28131103515625,4775823
2024-03-26 13:30:00+00:00,445.9599914550781,447.2250061035156,445.7900085449219,446.2799987792969,7270684
2024-03-26 14:30:00+00:00,446.260009765625,446.53009033203125,445.42999267578125,445.9200134277344,3955475
2024-03-26 15:30:00+00:00,446.0599060058594,446.75,445.739990234375,446.2799987792969,2788069
2024-03-26 16:30:00+00:00,445.7950134277344,446.1289978027344,445.3500061035156,446.06201171875,2257321
2024-03-26 17:30:00+00:00,446.0299987792969,446.0846862792969,445.3699951171875,445.79998779296875,2119788
2024-03-26 18:30:00+00:00,444.8800048828125,446.1174011230469,444.625,446.0199890136719,3343110
2024-03-26 19:30:00+00:00,443.29998779296875,444.9100036621094,443.1000061035156,444.9100036621094,8980000
2024-03-27 13:30:00+00:00,442.7699890136719,446.5400085449219,441.92999267578125,446.44000244140625,9997624
2024-03-27 14:30:00+00:00,442.44989013671875,443.4700012207031,442.42999267578125,442.79998779296875,4330267
2024-03-27 15:30:00+00:00,443.2749938964844,443.3399963378906,442.20001220703125,442.4700012207031,4159683
2024-03-27 16:30:00+00:00,443.0539855957031,443.69000244140625,442.5799865722656,443.260009765625,3104021
2024-03-27 17:30:00+00:00,443.70001220703125,443.8595886230469,442.7597961425781,443.0899963378906,3028794
2024-03-27 18:30:00+00:00,443.20001220703125,443.82000732421875,442.2699890136719,443.7200012207031,4914190
2024-03-27 19:30:00+00:00,444.9200134277344,444.9800109863281,443.010009765625,443.2099914550781,7647610
2024-03-28 13:30:00+00:00,444.46661376953125,445.6400146484375,443.760009765625,444.80999755859375,7062215
2024-03-28 14:30:00+00:00,444.8900146484375,445.1000061035156,444.3399963378906,444.4849853515625,5024323
2024-03-28 15:30:00+00:00,444.4800109863281,445.04998779296875,444.0,444.8988037109375,3434898
2024-03-28 16:30:00+00:00,443.97900390625,444.5202941894531,443.7312927246094,444.510009765625,2969188
2024-03-28 17:30:00+00:00,444.2340087890625,444.3800048828125,443.6499938964844,443.9549865722656,3065743
2024-03-28 18:30:00+00:00,444.8901062011719,445.1499938964844,443.69000244140625,444.239990234375,4767731
2024-03-28 19:30:00+00:00,443.989990234375,445.0799865722656,443.8299865722656,444.8999938964844,7453185
2024-04-01 13:30:00+00:00,445.81988525390625,447.5299987792969,444.54998779296875,444.9599914550781,10434848
2024-04-01 14:30:00+00:00,444.3500061035156,446.0,443.2709045410156,445.8299865722656,7372565
2024-04-01 15:30:00+00:00,444.4501037597656,444.5400085449219,443.0199890136719,444.3599853515625,4670009
2024-04-01 16:30:00+00:00,443.8699951171875,444.8399963378906,443.28009033203125,444.4599914550781,3669911
2024-04-01 17:30:00+00:00,444.3550109863281,444.55999755859375,443.7300109863281,443.8900146484375,2558422
2024-04-01 18:30:00+00:00,444.30999755859375,444.7300109863281,444.0199890136719,444.3399963378906,2814924
2024-04-01 19:30:00+00:00,444.989990234375,445.3800048828125,444.04998779296875,444.31988525390625,5562844
2024-04-02 13:30:00+00:00,438.8999938964844,440.19000244140625,438.0299987792969,440.07000732421875,13913986
2024-04-02 14:30:00+00:00,439.6199035644531,439.7200012207031,438.18121337890625,438.9150085449219,6221814
2024-04-02 15:30:00+00:00,439.2799072265625,440.0199890136719,438.70001220703125,439.6099853515625,4124221
2024-04-02 16:30:00+00:00,439.889892578125,440.3699951171875,439.2200012207031,439.27850341796875,3774743
2024-04-02 17:30:00+00:00,439.94000244140625,440.2799987792969,439.635009765625,439.8900146484375,2884791
2024-04-02 18:30:00+00:00,440.510009765625,440.6888122558594,439.6000061035156,439.94000244140625,4123111
2024-04-02 19:30:00+00:00,441.0899963378906,441.42999267578125,440.3999938964844,440.5400085449219,6868524
2024-04-03 13:30:00+00:00,443.0000915527344,443.2250061035156,438.9599914550781,438.9700012207031,9268230
2024-04-03 14:30:00+00:00,443.7799987792969,443.95001220703125,442.8399963378906,443.0199890136719,6315716
2024-04-03 15:30:00+00:00,443.4150085449219,444.0,442.239990234375,443.80999755859375,4968872
2024-04-03 16:30:00+00:00,443.29998779296875,443.70001220703125,442.0899963378906,443.4100036621094,5055272
2024-04-03 17:30:00+00:00,442.9849853515625,443.5299072265625,442.92999267578125,443.32000732421875,2231170
2024-04-03 18:30:00+00:00,441.17999267578125,443.3883056640625,440.4700012207031,442.9630126953125,4854053
2024-04-03 19:30:00+00:00,442.05999755859375,442.239990234375,440.7699890136719,441.19500732421875,5731024
2024-04-04 13:30:00+00:00,445.5799865722656,446.95001220703125,445.0299987792969,446.3500061035156,8721562
2024-04-04 14:30:00+00:00,445.42999267578125,445.6618957519531,444.9100036621094,445.5799865722656,3324219
2024-04-04 15:30:00+00:00,446.6300048828125,446.8900146484375,445.3450012207031,445.44000244140625,3762106
2024-04-04 16:30:00+00:00,446.3299865722656,446.9289855957031,446.32000732421875,446.6401062011719,2838151
2024-04-04 17:30:00+00:00,441.44000244140625,446.4100036621094,441.2550048828125,446.3500061035156,8568672
2024-04-04 18:30:00+00:00,436.04998779296875,441.4200134277344,436.0,441.4200134277344,15438940
2024-04-04 19:30:00+00:00,435.239990234375,436.80999755859375,435.1099853515625,436.05999755859375,11123852
2024-04-05 13:30:00+00:00,438.3800048828125,439.54998779296875,435.9599914550781,436.8399963378906,12317732
2024-04-05 14:30:00+00:00,440.2392883300781,441.2099914550781,438.1199951171875,438.3800048828125,7206848
2024-04-05 15:30:00+00:00,441.94000244140625,442.42999267578125,440.010009765625,440.239990234375,6683545
2024-04-05 16:30:00+00:00,442.2200012207031,443.1700134277344,441.44000244140625,441.95001220703125,5502230
2024-04-05 17:30:00+00:00,440.1000061035156,442.6400146484375,439.45001220703125,442.239990234375,6606461
2024-04-05 18:30:00+00:00,440.3399963378906,441.0799865722656,439.5400085449219,440.239990234375,5752173
2024-04-05 19:30:00+00:00,440.510009765625,441.3800048828125,440.2200012207031,440.3299865722656,7149093
2024-04-08 13:30:00+00:00,441.67999267578125,441.70001220703125,439.20001220703125,441.4200134277344,6818035
2024-04-08 14:30:00+00:00,441.57000732421875,442.5,441.32000732421875,441.68499755859375,4084629
2024-04-08 15:30:00+00:00,440.2799987792969,441.5372009277344,439.5799865722656,441.52459716796875,3722773
2024-04-08 16:30:00+00:00,440.989990234375,441.1300048828125,440.17498779296875,440.2799987792969,2553641
2024-04-08 17:30:00+00:00,441.0039978027344,441.2799987792969,440.2206115722656,441.0,2449388
2024-04-08 18:30:00+00:00,441.0799865722656,441.2200012207031,440.3599853515625,441.03460693359375,2270670
2024-04-08 19:30:00+00:00,440.6199951171875,441.45001220703125,440.3399963378906,441.05999755859375,4986307
2024-04-09 13:30:00+00:00,440.3500061035156,443.239990234375,440.07000732421875,443.0299072265625,7385649
2024-04-09 14:30:00+00:00,438.9849853515625,440.3800048828125,437.44000244140625,440.3599853515625,8734336
2024-04-09 15:30:00+00:00,440.3900146484375,440.80999755859375,438.5823974609375,438.9800109863281,3864752
2024-04-09 16:30:00+00:00,440.20001220703125,440.8500061035156,439.6300048828125,440.3999938964844,3171932
2024-04-09 17:30:00+00:00,439.79998779296875,440.6199951171875,439.2900085449219,440.2099914550781,3238859
2024-04-09 18:30:00+00:00,441.4200134277344,441.489990234375,438.7301025390625,439.80999755859375,4433217
2024-04-09 19:30:00+00:00,442.25,442.3299865722656,440.5199890136719,441.3999938964844,6269353
2024-04-10 13:30:00+00:00,437.8999938964844,438.6700134277344,436.3500061035156,436.8399963378906,20080490
2024-04-10 14:30:00+00:00,438.01971435546875,439.239990234375,436.7699890136719,437.95001220703125,8455256
2024-04-10 15:30:00+00:00,437.29998779296875,438.05999755859375,436.6820068359375,438.0299987792969,3319499
2024-04-10 16:30:00+00:00,437.8599853515625,439.0400085449219,436.45001220703125,437.30999755859375,6158327
2024-04-10 17:30:00+00:00,437.0729064941406,438.6300048828125,436.3900146484375,437.80999755859375,8008278
2024-04-10 18:30:00+00:00,438.0400085449219,442.2300109863281,436.5199890136719,437.1099853515625,6190144
2024-04-10 19:30:00+00:00,438.2799987792969,439.05999755859375,437.29998779296875,438.0400085449219,6400035
2024-04-11 13:30:00+00:00,438.9200134277344,440.4800109863281,437.9599914550781,440.25,10439314
2024-04-11 14:30:00+00:00,439.7950134277344,440.54998779296875,438.7799987792969,438.94000244140625,4707876
2024-04-11 15:30:00+00:00,440.94000244140625,441.70001220703125,439.7200012207031,439.80999755859375,4050017
2024-04-11 16:30:00+00:00,443.7300109863281,444.0400085449219,440.7900085449219,440.95001220703125,5809311
2024-04-11 17:30:00+00:00,445.7799987792969,445.8299865722656,443.29998779296875,443.75,6873959
2024-04-11 18:30:00+00:00,445.9049987792969,446.1400146484375,445.30999755859375,445.7799987792969,5369644
2024-04-11 19:30:00+00:00,445.4599914550781,446.3299865722656,445.42498779296875,445.9049987792969,6003562
2024-04-12 13:30:00+00:00,440.5899963378906,442.2300109863281,440.239990234375,441.1300048828125,11017201
2024-04-12 14:30:00+00:00,440.3399963378906,440.9100036621094,438.6610107421875,440.5899963378906,7853509
2024-04-12 15:30:00+00:00,438.8500061035156,441.010009765625,438.79998779296875,440.3599853515625,4509191
2024-04-12 16:30:00+00:00,437.31988525390625,439.010009765625,437.0199890136719,438.8599853515625,7444702
2024-04-12 17:30:00+00:00,438.05999755859375,438.6300048828125,436.9599914550781,437.30499267578125,4690314
2024-04-12 18:30:00+00:00,437.32000732421875,438.1000061035156,436.8800048828125,438.04998779296875,6437332
2024-04-12 19:30:00+00:00,438.30999755859375,438.7099914550781,437.2099914550781,437.32989501953125,8165273
2024-04-15 13:30:00+00:00,439.5199890136719,442.090087890625,438.6000061035156,442.07000732421875,11585642
2024-04-15 14:30:00+00:00,438.7099914550781,440.0,437.82000732421875,439.5,6551698
2024-04-15 15:30:00+00:00,437.2889099121094,439.4800109863281,437.05999755859375,438.7250061035156,4082047
2024-04-15 16:30:00+00:00,432.7900085449219,437.29998779296875,432.69000244140625,437.29998779296875,8098253
2024-04-15 17:30:00+00:00,431.42999267578125,432.80999755859375,430.94000244140625,432.80999755859375,12426591
2024-04-15 18:30:00+00:00,430.6199951171875,432.54998779296875,430.2099914550781,431.3999938964844,7456748
2024-04-15 19:30:00+00:00,430.989990234375,431.7300109863281,430.57000732421875,430.6600036621094,9053573
2024-04-16 13:30:00+00:00,430.6400146484375,432.4100036621094,429.7799987792969,430.8900146484375,10376022
2024-04-16 14:30:00+00:00,431.92999267578125,432.1099853515625,430.0799865722656,430.6412048339844,6319661
2024-04-16 15:30:00+00:00,431.6549987792969,432.5299987792969,430.739990234375,431.92999267578125,4040125
2024-04-16 16:30:00+00:00,431.6400146484375,432.3800048828125,431.3500061035156,431.6199951171875,3728673
2024-04-16 17:30:00+00:00,430.6199951171875,433.760009765625,429.70001220703125,431.67999267578125,9581928
2024-04-16 18:30:00+00:00,432.739990234375,432.989990234375,430.5899963378906,430.6199951171875,5486429
2024-04-16 19:30:00+00:00,431.0899963378906,432.7099914550781,431.0,432.7099914550781,5898000
2024-04-17 13:30:00+00:00,430.5400085449219,433.09991455078125,429.5299987792969,433.0899963378906,9745198
2024-04-17 14:30:00+00:00,428.5299987792969,430.7300109863281,428.4700012207031,430.5400085449219,6273616
2024-04-17 15:30:00+00:00,426.4700012207031,428.6600036621094,426.239990234375,428.5299987792969,7226447
2024-04-17 16:30:00+00:00,427.2699890136719,427.2699890136719,424.9093017578125,426.4599914550781,7960755
2024-04-17 17:30:00+00:00,427.1700134277344,428.04998779296875,426.7300109863281,427.260009765625,5092803
2024-04-17 18:30:00+00:00,425.8670959472656,429.25,425.7300109863281,427.2300109863281,7464245
2024-04-17 19:30:00+00:00,425.79998779296875,427.239990234375,425.67999267578125,425.8699951171875,9298346
2024-04-18 13:30:00+00:00,425.989990234375,426.6099853515625,423.5299987792969,426.4100036621094,12003884
2024-04-18 14:30:00+00:00,427.2650146484375,428.239990234375,425.989990234375,426.010009765625,5920460
2024-04-18 15:30:00+00:00,426.7793884277344,427.4809875488281,426.40008544921875,427.2699890136719,3773589
2024-04-18 16:30:00+00:00,424.4013977050781,426.8399963378906,423.20001220703125,426.7699890136719,5560977
2024-04-18 17:30:00+00:00,423.80999755859375,424.61968994140625,422.8299865722656,424.4100036621094,4991363
2024-04-18 18:30:00+00:00,423.7799987792969,424.4750061035156,422.8599853515625,423.82000732421875,5668211
2024-04-18 19:30:00+00:00,423.3599853515625,424.5400085449219,423.010009765625,423.80999755859375,5683146
2024-04-19 13:30:00+00:00,419.3786926269531,422.75,418.5199890136719,422.1199951171875,15818148
2024-04-19 14:30:00+00:00,418.3500061035156,420.4700012207031,418.0400085449219,419.3699951171875,9598380
2024-04-19 15:30:00+00:00,415.3399963378906,418.79998779296875,415.29998779296875,418.3251037597656,9179840
2024-04-19 16:30:00+00:00,416.6199951171875,417.92498779296875,415.2300109863281,415.3705139160156,7886101
2024-04-19 17:30:00+00:00,415.3800048828125,418.5151062011719,415.3800048828125,416.5899963378906,6522768
2024-04-19 18:30:00+00:00,414.6700134277344,415.8900146484375,413.260009765625,415.3800048828125,11039887
2024-04-19 19:30:00+00:00,414.6499938964844,414.9898986816406,413.07000732421875,414.6700134277344,11897156
2024-04-22 13:30:00+00:00,414.99969482421875,418.3299865722656,414.739990234375,417.32000732421875,13291570
2024-04-22 14:30:00+00:00,415.32049560546875,416.04998779296875,413.94000244140625,414.9949951171875,6686222
2024-04-22 15:30:00+00:00,416.5849914550781,417.4800109863281,415.2300109863281,415.3399963378906,5655509
2024-04-22 16:30:00+00:00,418.660888671875,418.660888671875,416.02508544921875,416.5899963378906,3616583
2024-04-22 17:30:00+00:00,420.7099914550781,420.94000244140625,418.6000061035156,418.6400146484375,5424527
2024-04-22 18:30:00+00:00,419.7786865234375,421.17999267578125,419.4512939453125,420.7250061035156,5242715
2024-04-22 19:30:00+00:00,418.8500061035156,419.8799133300781,418.2300109863281,419.75,5049050
2024-04-23 13:30:00+00:00,424.1050109863281,424.2099914550781,420.4200134277344,420.9100036621094,11722008
2024-04-23 14:30:00+00:00,424.610107421875,425.0799865722656,423.510009765625,424.1449890136719,7519239
2024-04-23 15:30:00+00:00,425.07000732421875,425.2799987792969,423.9599914550781,424.614990234375,3954913
2024-04-23 16:30:00+00:00,424.9200134277344,425.2699890136719,424.25,425.07000732421875,3284986
2024-04-23 17:30:00+00:00,426.0899963378906,426.1600036621094,424.6499938964844,424.9100036621094,3169795
2024-04-23 18:30:00+00:00,425.5299987792969,426.2799987792969,425.19000244140625,426.1099853515625,4589393
2024-04-23 19:30:00+00:00,425.1400146484375,425.79998779296875,424.7699890136719,425.5299987792969,5556011
2024-04-24 13:30:00+00:00,428.07000732421875,429.7300109863281,427.7099914550781,428.17999267578125,13448950
2024-04-24 14:30:00+00:00,426.3999938964844,428.42999267578125,425.8599853515625,428.0899963378906,5079667
2024-04-24 15:30:00+00:00,425.20989990234375,426.9798889160156,424.54998779296875,426.44000244140625,5542049
2024-04-24 16:30:00+00:00,426.29998779296875,426.4200134277344,424.20001220703125,425.19000244140625,4506635
2024-04-24 17:30:00+00:00,425.92999267578125,427.5497131347656,425.82000732421875,426.30999755859375,4904435
2024-04-24 18:30:00+00:00,426.69000244140625,427.0367126464844,425.1700134277344,425.9200134277344,4644580
2024-04-24 19:30:00+00:00,426.42999267578125,427.1099853515625,426.42999267578125,426.69000244140625,4056915
2024-04-25 13:30:00+00:00,421.1700134277344,421.5299987792969,418.1400146484375,419.239990234375,15743104
2024-04-25 14:30:00+00:00,420.54998779296875,421.2793884277344,418.9800109863281,421.17999267578125,7523811
2024-04-25 15:30:00+00:00,421.8205871582031,421.94000244140625,419.4849853515625,420.5400085449219,6193783
2024-04-25 16:30:00+00:00,422.67999267578125,423.260009765625,421.4601135253906,421.8299865722656,5465778
2024-04-25 17:30:00+00:00,423.1000061035156,424.80999755859375,422.55029296875,422.6600036621094,5133700
2024-04-25 18:30:00+00:00,425.1600036621094,425.32000732421875,422.6300048828125,423.07000732421875,4560101
2024-04-25 19:30:00+00:00,424.3800048828125,425.19000244140625,423.6099853515625,425.1650085449219,5789003
2024-04-26 13:30:00+00:00,429.9800109863281,431.0899963378906,426.9200134277344,427.6300048828125,15850598
2024-04-26 14:30:00+00:00,431.0,432.1700134277344,429.6400146484375,430.010009765625,5708778
2024-04-26 15:30:00+00:00,431.2300109863281,431.92999267578125,430.69000244140625,431.0150146484375,3039855
2024-04-26 16:30:00+00:00,432.2799987792969,432.4700012207031,430.9599914550781,431.2699890136719,2726232
2024-04-26 17:30:00+00:00,431.31201171875,432.54998779296875,431.1300048828125,432.2900085449219,2857979
2024-04-26 18:30:00+00:00,432.2200012207031,432.2449951171875,430.9700012207031,431.30999755859375,3701951
2024-04-26 19:30:00+00:00,431.04998779296875,432.239990234375,430.9800109863281,432.2099914550781,5568037
2024-04-29 13:30:00+00:00,432.46710205078125,433.760009765625,430.8999938964844,433.1000061035156,8399214
2024-04-29 14:30:00+00:00,432.04998779296875,432.989990234375,431.6300048828125,432.45001220703125,3568753
2024-04-29 15:30:00+00:00,432.7799072265625,432.7799072265625,431.2604064941406,432.05999755859375,2470894
2024-04-29 16:30:00+00:00,433.17999267578125,433.20001220703125,431.9800109863281,432.7699890136719,2481658
2024-04-29 17:30:00+00:00,432.2952880859375,433.3453063964844,432.19000244140625,433.17999267578125,2664488
2024-04-29 18:30:00+00:00,431.3349914550781,432.3900146484375,429.9800109863281,432.260009765625,5068852
2024-04-29 19:30:00+00:00,432.7300109863281,432.8550109863281,431.25,431.3399963378906,3691072
2024-04-30 13:30:00+00:00,430.8800048828125,432.55999755859375,430.8760986328125,431.1499938964844,5986296
2024-04-30 14:30:00+00:00,429.5899963378906,432.1700134277344,429.1300048828125,430.8699951171875,4776699
2024-04-30 15:30:00+00:00,429.45001220703125,429.6994934082031,428.6499938964844,429.6000061035156,3624919
2024-04-30 16:30:00+00:00,427.81500244140625,429.45001220703125,427.29998779296875,429.45001220703125,4387103
2024-04-30 17:30:00+00:00,427.60009765625,428.9700012207031,427.5799865722656,427.79998779296875,3000163
2024-04-30 18:30:00+00:00,427.6499938964844,428.3900146484375,426.9100036621094,427.6400146484375,5220479
2024-04-30 19:30:00+00:00,424.55999755859375,428.04998779296875,424.510009765625,427.6700134277344,12087538
2024-05-01 13:30:00+00:00,422.3299865722656,423.5199890136719,421.29998779296875,423.1400146484375,8786375
2024-05-01 14:30:00+00:00,421.92999267578125,423.25,420.9700012207031,422.3399963378906,3810580
2024-05-01 15:30:00+00:00,422.2157897949219,422.6695861816406,420.6600036621094,421.94000244140625,3767177
2024-05-01 16:30:00+00:00,421.847900390625,422.2149963378906,421.0,422.2001953125,2838199
2024-05-01 17:30:00+00:00,424.5563049316406,424.69000244140625,421.69000244140625,421.8800048828125,5906254
2024-05-01 18:30:00+00:00,428.35809326171875,430.1400146484375,422.2701110839844,424.54998779296875,13269359
2024-05-01 19:30:00+00:00,421.45001220703125,428.3599853515625,421.30999755859375,428.3500061035156,10208444
2024-05-02 13:30:00+00:00,423.2699890136719,425.75,420.6300048828125,425.2799987792969,11028880
2024-05-02 14:30:00+00:00,423.8299865722656,424.8399963378906,422.0,423.2799987792969,4613212
2024-05-02 15:30:00+00:00,424.29998779296875,425.04998779296875,423.0799865722656,423.8399963378906,2975382
2024-05-02 16:30:00+00:00,425.8399963378906,425.9200134277344,423.1816101074219,424.239990234375,2792819
2024-05-02 17:30:00+00:00,426.4200134277344,426.6000061035156,425.1600036621094,425.8900146484375,2656835
2024-05-02 18:30:00+00:00,427.42999267578125,427.80999755859375,426.3599853515625,426.4497985839844,4222192
2024-05-02 19:30:00+00:00,426.9200134277344,427.54998779296875,426.04998779296875,427.3900146484375,5073289
2024-05-03 13:30:00+00:00,434.0400085449219,436.4700012207031,432.739990234375,434.4200134277344,15727574
2024-05-03 14:30:00+00:00,434.1199951171875,435.1499938964844,432.8999938964844,434.07000732421875,6045675
2024-05-03 15:30:00+00:00,435.0928955078125,435.5249938964844,434.125,434.125,5602119
2024-05-03 16:30:00+00:00,435.1499938964844,435.5899963378906,434.5199890136719,435.1099853515625,3359634
2024-05-03 17:30:00+00:00,435.8203125,436.0299987792969,434.6400146484375,435.1698913574219,2992498
2024-05-03 18:30:00+00:00,435.82000732421875,436.07000732421875,435.3900146484375,435.80499267578125,6150640
2024-05-03 19:30:00+00:00,435.4750061035156,435.8399963378906,435.1499938964844,435.82000732421875,5406181
2024-05-06 13:30:00+00:00,437.8478088378906,438.32000732421875,436.5199890136719,437.32000732421875,6562558
2024-05-06 14:30:00+00:00,437.8699951171875,438.1897888183594,435.4800109863281,437.70001220703125,3337797
2024-05-06 15:30:00+00:00,437.67999267578125,438.5,437.17999267578125,437.8800048828125,3236793
2024-05-06 16:30:00+00:00,438.25830078125,438.5400085449219,437.6099853515625,437.7149963378906,3129512
2024-05-06 17:30:00+00:00,439.07501220703125,439.2799987792969,438.114990234375,438.2200012207031,3545333
2024-05-06 18:30:00+00:00,438.9100036621094,439.2200012207031,438.6600036621094,439.07501220703125,3499007
2024-05-06 19:30:00+00:00,440.3299865722656,440.3399963378906,438.69000244140625,438.9100036621094,5061323
2024-05-07 13:30:00+00:00,440.1499938964844,441.2914123535156,439.9800109863281,440.7200012207031,7126083
2024-05-07 14:30:00+00:00,441.5299987792969,441.9100036621094,440.04998779296875,440.1300048828125,4581622
2024-05-07 15:30:00+00:00,441.760009765625,441.9399108886719,441.239990234375,441.510009765625,2238955
2024-05-07 16:30:00+00:00,441.7398986816406,441.8598937988281,441.1000061035156,441.760009765625,5568053
2024-05-07 17:30:00+00:00,440.06500244140625,441.9700012207031,439.8299865722656,441.7250061035156,3194543
2024-05-07 18:30:00+00:00,440.3900146484375,440.5849914550781,439.5799865722656,440.0498962402344,2947743
2024-05-07 19:30:00+00:00,440.29998779296875,440.8900146484375,440.0899963378906,440.4100036621094,3491378
2024-05-08 13:30:00+00:00,440.55999755859375,440.7297058105469,437.55999755859375,437.739990234375,6177937
2024-05-08 14:30:00+00:00,440.1300048828125,441.4700012207031,439.7799987792969,440.56500244140625,3202850
2024-05-08 15:30:00+00:00,439.9700012207031,440.29998779296875,439.6099853515625,440.14959716796875,2356664
2024-05-08 16:30:00+00:00,439.1579895019531,440.07000732421875,439.010009765625,439.9700012207031,3056300
2024-05-08 17:30:00+00:00,440.1488952636719,440.29998779296875,439.04998779296875,439.1099853515625,2709107
2024-05-08 18:30:00+00:00,440.07501220703125,440.32000732421875,439.3900146484375,440.14990234375,2026911
2024-05-08 19:30:00+00:00,440.07000732421875,440.4800109863281,440.0010070800781,440.06500244140625,3306832
2024-05-09 13:30:00+00:00,439.510009765625,440.75,438.4599914550781,440.3299865722656,6398531
2024-05-09 14:30:00+00:00,441.3800048828125,441.4200134277344,439.5,439.5150146484375,3708430
2024-05-09 15:30:00+00:00,440.5828857421875,441.55499267578125,439.9599914550781,441.3900146484375,2292078
2024-05-09 16:30:00+00:00,441.1700134277344,441.45001220703125,440.2250061035156,440.5899963378906,3210986
2024-05-09 17:30:00+00:00,441.05999755859375,441.239990234375,440.44049072265625,441.17999267578125,2188492
2024-05-09 18:30:00+00:00,440.8800048828125,441.6000061035156,440.79998779296875,441.07000732421875,2557780
2024-05-09 19:30:00+00:00,441.0299987792969,441.1600036621094,440.5799865722656,440.8599853515625,3247008
2024-05-10 13:30:00+00:00,441.5150146484375,444.30999755859375,441.3699951171875,442.55999755859375,7564013
2024-05-10 14:30:00+00:00,441.67999267578125,442.1449890136719,440.4989929199219,441.55999755859375,4683954
2024-05-10 15:30:00+00:00,441.6099853515625,441.81988525390625,440.6099853515625,441.68499755859375,2825323
2024-05-10 16:30:00+00:00,441.3799133300781,442.0299072265625,441.239990234375,441.5906982421875,1821698
2024-05-10 17:30:00+00:00,441.9800109863281,442.2550048828125,440.94000244140625,441.3900146484375,2081121
2024-05-10 18:30:00+00:00,442.2099914550781,442.3399963378906,441.44000244140625,441.9700012207031,2533289
2024-05-10 19:30:00+00:00,442.05999755859375,442.44000244140625,441.8299865722656,442.239990234375,4213895
2024-05-13 13:30:00+00:00,443.3399963378906,444.05999755859375,442.0849914550781,443.989990234375,5115188
2024-05-13 14:30:00+00:00,442.7300109863281,443.4100036621094,442.6099853515625,443.30999755859375,4610298
2024-05-13 15:30:00+00:00,443.2650146484375,443.360107421875,442.25,442.70001220703125,2584587
2024-05-13 16:30:00+00:00,443.0400085449219,443.44000244140625,441.6499938964844,443.2699890136719,2605413
2024-05-13 17:30:00+00:00,442.80560302734375,443.07769775390625,442.43499755859375,443.04998779296875,1898890
2024-05-13 18:30:00+00:00,442.92498779296875,443.125,442.55999755859375,442.7900085449219,2043253
2024-05-13 19:30:00+00:00,443.1000061035156,443.2298889160156,442.8349914550781,442.92999267578125,2644386
2024-05-14 13:30:00+00:00,444.81500244140625,444.9700012207031,442.4599914550781,442.6099853515625,9277549
2024-05-14 14:30:00+00:00,444.69000244140625,444.94000244140625,442.8900146484375,444.82000732421875,4424861
2024-05-14 15:30:00+00:00,443.5799865722656,444.69500732421875,443.3999938964844,444.69500732421875,2548987
2024-05-14 16:30:00+00:00,443.82000732421875,443.8599853515625,443.239990234375,443.55999755859375,2081433
2024-05-14 17:30:00+00:00,445.139892578125,445.3399963378906,443.77960205078125,443.8299865722656,3338158
2024-05-14 18:30:00+00:00,446.135009765625,446.4200134277344,444.94000244140625,445.1300048828125,5234604
2024-05-14 19:30:00+00:00,445.9599914550781,446.4649963378906,445.94000244140625,446.1099853515625,5570893
2024-05-15 13:30:00+00:00,448.9150085449219,449.2090148925781,446.8999938964844,448.44000244140625,9833041
2024-05-15 14:30:00+00:00,450.4800109863281,450.7900085449219,448.8399963378906,448.95001220703125,5230477
2024-05-15 15:30:00+00:00,450.8699951171875,450.8900146484375,450.05499267578125,450.489990234375,3366705
2024-05-15 16:30:00+00:00,451.9100036621094,451.9100036621094,450.7900085449219,450.8800048828125,4859226
2024-05-15 17:30:00+00:00,452.6300048828125,453.0400085449219,451.7650146484375,451.9200134277344,4786211
2024-05-15 18:30:00+00:00,452.8599853515625,453.1499938964844,452.29998779296875,452.6400146484375,4733275
2024-05-15 19:30:00+00:00,452.8599853515625,453.0299987792969,452.45001220703125,452.8500061035156,5880342
2024-05-16 13:30:00+00:00,453.6000061035156,453.760009765625,452.5299987792969,452.69000244140625,7468217
2024-05-16 14:30:00+00:00,454.3299865722656,454.69000244140625,453.4599914550781,453.6300048828125,3733966
2024-05-16 15:30:00+00:00,453.8299865722656,454.57000732421875,453.5,454.3299865722656,3167107
2024-05-16 16:30:00+00:00,452.9800109863281,454.2192077636719,452.54998779296875,453.8100891113281,2992767
2024-05-16 17:30:00+00:00,452.625,453.5299987792969,452.2699890136719,452.9700012207031,3703184
2024-05-16 18:30:00+00:00,452.91009521484375,453.2699890136719,452.6050109863281,452.6050109863281,5753426
2024-05-16 19:30:00+00:00,451.9599914550781,452.9599914550781,451.80999755859375,452.9100036621094,6321679
2024-05-17 13:30:00+00:00,452.42498779296875,452.4800109863281,451.3500061035156,452.0899963378906,7026994
2024-05-17 14:30:00+00:00,452.1700134277344,452.7200012207031,451.54998779296875,452.42999267578125,5771772
2024-05-17 15:30:00+00:00,451.84979248046875,452.32000732421875,451.3900146484375,452.1700134277344,3073102
2024-05-17 16:30:00+00:00,451.4100036621094,451.947998046875,451.05999755859375,451.8399963378906,3069680
2024-05-17 17:30:00+00:00,450.1650085449219,451.5799865722656,449.5398864746094,451.4158020019531,3555183
2024-05-17 18:30:00+00:00,451.58050537109375,451.83990478515625,450.1199951171875,450.1499938964844,5394265
2024-05-17 19:30:00+00:00,451.7699890136719,451.8299865722656,451.2650146484375,451.57000732421875,6405627
2024-05-20 13:30:00+00:00,454.6000061035156,454.7099914550781,451.7850036621094,451.989990234375,6665561
2024-05-20 14:30:00+00:00,454.57000732421875,455.010009765625,454.0199890136719,454.6000061035156,2281442
2024-05-20 15:30:00+00:00,454.45001220703125,454.8153076171875,454.1000061035156,454.6199951171875,1595585
2024-05-20 16:30:00+00:00,454.3699951171875,455.5799865722656,454.3223876953125,454.4200134277344,2447100
2024-05-20 17:30:00+00:00,454.51959228515625,454.60931396484375,453.4800109863281,454.3599853515625,2340966
2024-05-20 18:30:00+00:00,455.20989990234375,455.2099914550781,454.3500061035156,454.510009765625,2623770
2024-05-20 19:30:00+00:00,454.9200134277344,455.3179931640625,454.2900085449219,455.2099914550781,3890231
2024-05-21 13:30:00+00:00,454.125,454.1499938964844,452.8399963378906,453.0400085449219,5289950
2024-05-21 14:30:00+00:00,454.68060302734375,454.9200134277344,454.0419006347656,454.1400146484375,3274633
2024-05-21 15:30:00+00:00,454.94989013671875,455.1099853515625,454.1400146484375,454.69000244140625,1837627
2024-05-21 16:30:00+00:00,454.75,454.9800109863281,454.20001220703125,454.92999267578125,1318920
2024-05-21 17:30:00+00:00,454.7431945800781,455.30999755859375,454.6900939941406,454.760009765625,1878025
2024-05-21 18:30:00+00:00,455.1549987792969,455.42999267578125,454.7380065917969,454.7449951171875,3217304
2024-05-21 19:30:00+00:00,455.79998779296875,455.9800109863281,455.125,455.1400146484375,4426744
2024-05-22 13:30:00+00:00,456.2900085449219,456.6499938964844,455.6199951171875,456.05999755859375,4495611
2024-05-22 14:30:00+00:00,456.7099914550781,456.80999755859375,455.9200134277344,456.29998779296875,1639824
2024-05-22 15:30:00+00:00,456.3700866699219,456.7900085449219,455.8825988769531,456.7200012207031,2307993
2024-05-22 16:30:00+00:00,456.30999755859375,456.49969482421875,455.6603088378906,456.3699951171875,1718532
2024-05-22 17:30:00+00:00,453.2699890136719,456.29998779296875,453.2099914550781,456.29998779296875,4488895
2024-05-22 18:30:00+00:00,454.4200134277344,454.4299011230469,453.0799865722656,453.25,3422848
2024-05-22 19:30:00+00:00,455.67999267578125,455.67999267578125,453.79998779296875,454.4200134277344,3273135
2024-05-23 13:30:00+00:00,458.3800048828125,460.5799865722656,457.07000732421875,460.54998779296875,12655181
2024-05-23 14:30:00+00:00,458.44000244140625,458.92999267578125,456.19000244140625,458.44000244140625,5402235
2024-05-23 15:30:00+00:00,459.1499938964844,459.3682861328125,458.25,458.45001220703125,2718183
2024-05-23 16:30:00+00:00,457.2699890136719,459.2300109863281,456.5400085449219,459.1499938964844,3232243
2024-05-23 17:30:00+00:00,453.239990234375,457.260009765625,452.9200134277344,457.25,5395035
2024-05-23 18:30:00+00:00,452.54998779296875,453.7001037597656,451.8503112792969,453.21600341796875,4359260
2024-05-23 19:30:00+00:00,453.6499938964844,454.1300048828125,452.5400085449219,452.5422058105469,4058245
2024-05-24 13:30:00+00:00,456.9800109863281,457.1099853515625,454.5799865722656,455.2900085449219,5297059
2024-05-24 14:30:00+00:00,458.6050109863281,459.0400085449219,456.5400085449219,457.03790283203125,4235253
2024-05-24 15:30:00+00:00,458.739990234375,458.9599914550781,458.09991455078125,458.6099853515625,3332567
2024-05-24 16:30:00+00:00,458.4700012207031,458.8399963378906,457.95001220703125,458.7550048828125,3495271
2024-05-24 17:30:00+00:00,458.5799865722656,459.2300109863281,458.0400085449219,458.4700012207031,3636605
2024-05-24 18:30:00+00:00,457.70001220703125,458.59991455078125,457.04998779296875,458.5799865722656,3148158
2024-05-24 19:30:00+00:00,458.010009765625,458.19000244140625,457.5249938964844,457.69000244140625,3129594
2024-05-28 13:30:00+00:00,458.5299987792969,459.55999755859375,457.1000061035156,459.1499938964844,5743068
2024-05-28 14:30:00+00:00,459.2749938964844,459.3699951171875,458.0799865722656,458.5299987792969,3721607
2024-05-28 15:30:00+00:00,459.0199890136719,459.5299987792969,458.8728942871094,459.2799987792969,1991845
2024-05-28 16:30:00+00:00,459.2200012207031,459.6698913574219,458.3999938964844,459.0299987792969,2639729
2024-05-28 17:30:00+00:00,458.0799865722656,459.70001220703125,458.05999755859375,459.2200012207031,2371297
2024-05-28 18:30:00+00:00,458.12298583984375,458.7699890136719,456.69000244140625,458.07000732421875,4361502
2024-05-28 19:30:00+00:00,459.67999267578125,459.7300109863281,458.0,458.1400146484375,3652990
2024-05-29 13:30:00+00:00,457.5799865722656,457.9287109375,455.3599853515625,455.45001220703125,5862329
2024-05-29 14:30:00+00:00,457.5,458.239990234375,456.8810119628906,457.6000061035156,2482865
2024-05-29 15:30:00+00:00,457.5899963378906,457.7099914550781,456.8399963378906,457.4800109863281,5042361
2024-05-29 16:30:00+00:00,457.57000732421875,458.17999267578125,457.1300048828125,457.6000061035156,2646965
2024-05-29 17:30:00+00:00,457.2550048828125,457.8800048828125,456.70001220703125,457.57000732421875,2045853
2024-05-29 18:30:00+00:00,457.4549865722656,457.80999755859375,456.6600036621094,457.2099914550781,3607730
2024-05-29 19:30:00+00:00,456.510009765625,457.6300964355469,455.9209899902344,457.45001220703125,4779947
2024-05-30 13:30:00+00:00,454.3916931152344,455.6400146484375,453.55999755859375,455.4200134277344,6465632
2024-05-30 14:30:00+00:00,453.29998779296875,454.5,452.1000061035156,454.3399963378906,3376289
2024-05-30 15:30:00+00:00,453.5899963378906,454.06988525390625,453.1400146484375,453.2900085449219,1984948
2024-05-30 16:30:00+00:00,454.33990478515625,454.5299987792969,453.489990234375,453.6098937988281,1652601
2024-05-30 17:30:00+00:00,453.29998779296875,454.6099853515625,452.75,454.3399963378906,3010089
2024-05-30 18:30:00+00:00,452.3550109863281,453.6499938964844,451.7699890136719,453.29998779296875,3587503
2024-05-30 19:30:00+00:00,451.54998779296875,452.54998779296875,450.2099914550781,452.3500061035156,6743130
2024-05-31 13:30:00+00:00,447.3949890136719,452.4800109863281,447.2799987792969,451.7799987792969,9638774
2024-05-31 14:30:00+00:00,445.3699951171875,447.3399963378906,445.19000244140625,447.3399963378906,7950685
2024-05-31 15:30:00+00:00,443.5199890136719,445.510009765625,443.05499267578125,445.3599853515625,5227283
2024-05-31 16:30:00+00:00,445.8623962402344,446.0199890136719,443.3599853515625,443.510009765625,5770302
2024-05-31 17:30:00+00:00,444.94000244140625,446.1000061035156,444.9200134277344,445.8800048828125,3837709
2024-05-31 18:30:00+00:00,447.1300048828125,447.57000732421875,444.7401123046875,444.95001220703125,7061866
2024-05-31 19:30:00+00:00,451.7099914550781,451.7586975097656,446.9200134277344,447.1000061035156,11024493
2024-06-03 13:30:00+00:00,454.2200012207031,455.5799865722656,452.94000244140625,454.57000732421875,8951613
2024-06-03 14:30:00+00:00,452.260009765625,454.2699890136719,450.9800109863281,454.2099914550781,4955562
2024-06-03 15:30:00+00:00,449.52099609375,452.75,449.17999267578125,452.25,3709662
2024-06-03 16:30:00+00:00,450.19000244140625,450.2300109863281,447.8999938964844,449.5199890136719,4636916
2024-06-03 17:30:00+00:00,450.38751220703125,451.3500061035156,450.1000061035156,450.17999267578125,2887668
2024-06-03 18:30:00+00:00,451.5801086425781,451.8500061035156,450.3550109863281,450.3800048828125,2981631
2024-06-03 19:30:00+00:00,453.1499938964844,453.19000244140625,451.03399658203125,451.5899963378906,3401579
2024-06-04 13:30:00+00:00,452.3299865722656,453.45001220703125,451.131103515625,452.8699951171875,5718339
2024-06-04 14:30:00+00:00,451.95001220703125,453.2099914550781,451.67718505859375,452.3399963378906,2673409
2024-06-04 15:30:00+00:00,452.0899963378906,452.1499938964844,451.20001220703125,451.93499755859375,2226208
2024-06-04 16:30:00+00:00,452.8399963378906,453.1400146484375,451.7239990234375,452.0799865722656,2234415
2024-06-04 17:30:00+00:00,455.1700134277344,455.1700134277344,452.2799987792969,452.9100036621094,2461569
2024-06-04 18:30:00+00:00,453.55999755859375,455.57501220703125,452.69000244140625,455.1700134277344,4180151
2024-06-04 19:30:00+00:00,454.3399963378906,454.6400146484375,452.9100036621094,453.55999755859375,2674677
2024-06-05 13:30:00+00:00,459.0299987792969,459.05999755859375,456.8399963378906,458.01800537109375,6635701
2024-06-05 14:30:00+00:00,460.7699890136719,461.1499938964844,459.0299987792969,459.0299987792969,5587334
2024-06-05 15:30:00+00:00,460.9700012207031,461.2900085449219,460.5299987792969,460.8349914550781,2402731
2024-06-05 16:30:00+00:00,461.5400085449219,462.1300048828125,460.7900085449219,460.9599914550781,3228691
2024-06-05 17:30:00+00:00,462.2702941894531,462.29681396484375,461.5434875488281,461.57000732421875,2457928
2024-06-05 18:30:00+00:00,462.4525146484375,462.8699951171875,462.1700134277344,462.2799987792969,3889192
2024-06-05 19:30:00+00:00,463.5899963378906,463.6099853515625,462.1600036621094,462.45001220703125,6515642
2024-06-06 13:30:00+00:00,463.70001220703125,464.5400085449219,462.4800109863281,464.2300109863281,6000553
2024-06-06 14:30:00+00:00,463.43011474609375,464.3299865722656,463.3299865722656,463.6839904785156,2303014
2024-06-06 15:30:00+00:00,463.1300048828125,463.6199951171875,462.7099914550781,463.3999938964844,1889062
2024-06-06 16:30:00+00:00,463.7200012207031,463.8299865722656,462.61090087890625,463.1400146484375,1832618
2024-06-06 17:30:00+00:00,463.0199890136719,463.9649963378906,462.19000244140625,463.69000244140625,2130772
2024-06-06 18:30:00+00:00,463.3299865722656,463.6400146484375,462.70001220703125,462.9200134277344,2272740
2024-06-06 19:30:00+00:00,463.4100036621094,463.6000061035156,462.7799987792969,463.2900085449219,3981673
2024-06-07 13:30:00+00:00,462.9800109863281,463.56781005859375,461.8399963378906,462.9599914550781,5703212
2024-06-07 14:30:00+00:00,463.625,464.8500061035156,462.3999938964844,462.9200134277344,2860965
2024-06-07 15:30:00+00:00,464.739990234375,465.69268798828125,463.3699951171875,463.6300048828125,2614367
2024-06-07 16:30:00+00:00,465.0299987792969,465.739990234375,463.8999938964844,464.75,2748570
2024-06-07 17:30:00+00:00,463.07000732421875,465.3598937988281,461.94000244140625,465.0,2574213
2024-06-07 18:30:00+00:00,463.17999267578125,463.7449035644531,461.9800109863281,463.04998779296875,2975995
2024-06-07 19:30:00+00:00,462.9800109863281,463.3800048828125,462.42999267578125,463.1499938964844,3533661
2024-06-10 13:30:00+00:00,462.95001220703125,462.9800109863281,461.5299987792969,461.8599853515625,3921602
2024-06-10 14:30:00+00:00,464.25,464.260009765625,462.614990234375,462.8699951171875,2371243
2024-06-10 15:30:00+00:00,464.6700134277344,465.0199890136719,464.07000732421875,464.2900085449219,2157439
2024-06-10 16:30:00+00:00,463.5899963378906,464.9150085449219,463.5899963378906,464.67498779296875,1781665
2024-06-10 17:30:00+00:00,463.3349914550781,464.90020751953125,463.1199951171875,463.5899963378906,3091520
2024-06-10 18:30:00+00:00,464.8299865722656,465.19000244140625,462.8699951171875,463.2950134277344,3524642
2024-06-10 19:30:00+00:00,464.7900085449219,464.8949890136719,464.1400146484375,464.82000732421875,2645005
2024-06-11 13:30:00+00:00,464.2799987792969,464.3900146484375,462.0299987792969,463.5199890136719,4995793
2024-06-11 14:30:00+00:00,464.9750061035156,465.4798889160156,464.09051513671875,464.30999755859375,3117123
2024-06-11 15:30:00+00:00,464.5,465.2799987792969,463.7049865722656,464.9700012207031,2079152
2024-06-11 16:30:00+00:00,465.04998779296875,465.6000061035156,464.2799987792969,464.5000915527344,1723789
2024-06-11 17:30:00+00:00,467.29998779296875,467.32000732421875,465.0249938964844,465.05999755859375,2975641
2024-06-11 18:30:00+00:00,466.8599853515625,467.760009765625,466.72320556640625,467.30999755859375,3066420
2024-06-11 19:30:00+00:00,468.04998779296875,468.1400146484375,466.67999267578125,466.8500061035156,2686639
2024-06-12 13:30:00+00:00,475.3599853515625,475.3800048828125,471.29998779296875,471.9599914550781,9211065
2024-06-12 14:30:00+00:00,475.135009765625,475.42999267578125,474.0199890136719,475.3699951171875,3843292
2024-06-12 15:30:00+00:00,474.3500061035156,475.18499755859375,474.2341003417969,475.17498779296875,2277249
2024-06-12 16:30:00+00:00,474.92999267578125,475.2300109863281,474.17999267578125,474.3500061035156,2176213
2024-06-12 17:30:00+00:00,474.9562072753906,475.1199951171875,473.1099853515625,474.8900146484375,3471411
2024-06-12 18:30:00+00:00,473.510009765625,476.5,473.13031005859375,475.0360107421875,5847822
2024-06-12 19:30:00+00:00,474.1400146484375,475.0400085449219,472.7200012207031,473.5199890136719,4628194
2024-06-13 13:30:00+00:00,476.20001220703125,478.3900146484375,475.25,477.67999267578125,8228146
2024-06-13 14:30:00+00:00,476.3399963378906,476.7300109863281,475.510009765625,476.2099914550781,2864360
2024-06-13 15:30:00+00:00,474.6087951660156,477.07000732421875,474.4200134277344,476.32000732421875,2815658
2024-06-13 16:30:00+00:00,476.19000244140625,476.4599914550781,474.42010498046875,474.6099853515625,2593982
2024-06-13 17:30:00+00:00,476.5249938964844,476.7496032714844,475.6419982910156,476.2099914550781,1690971
2024-06-13 18:30:00+00:00,476.8999938964844,477.29998779296875,476.45001220703125,476.5299987792969,2708143
2024-06-13 19:30:00+00:00,476.7099914550781,477.6199951171875,476.6099853515625,476.8900146484375,3111734
2024-06-14 13:30:00+00:00,477.69000244140625,478.2699890136719,476.04998779296875,476.5199890136719,6387174
2024-06-14 14:30:00+00:00,477.5299987792969,477.8999938964844,476.4599914550781,477.7200012207031,3286415
2024-06-14 15:30:00+00:00,477.2900085449219,478.1199951171875,476.20001220703125,477.5400085449219,2781619
2024-06-14 16:30:00+00:00,478.5498962402344,478.7300109863281,477.1199951171875,477.2900085449219,2040901
2024-06-14 17:30:00+00:00,478.4574890136719,478.92999267578125,477.7898864746094,478.5299987792969,2418705
2024-06-14 18:30:00+00:00,478.8293151855469,478.9700012207031,477.8800048828125,478.4549865722656,1762305
2024-06-14 19:30:00+00:00,479.1708068847656,479.260009765625,478.17999267578125,478.80999755859375,3232098
2024-06-17 13:30:00+00:00,479.2300109863281,480.0899963378906,478.1400146484375,479.4100036621094,6366915
2024-06-17 14:30:00+00:00,480.75,480.94000244140625,479.1700134277344,479.2699890136719,3117137
2024-06-17 15:30:00+00:00,482.45001220703125,482.4700012207031,480.5299987792969,480.7900085449219,3081903
2024-06-17 16:30:00+00:00,484.1899108886719,484.3699951171875,482.1499938964844,482.44000244140625,4133187
2024-06-17 17:30:00+00:00,486.1099853515625,486.8599853515625,484.1300048828125,484.20001220703125,6141708
2024-06-17 18:30:00+00:00,486.5799865722656,486.6499938964844,485.57000732421875,486.0849914550781,5512630
2024-06-17 19:30:00+00:00,485.04998779296875,486.55999755859375,484.8299865722656,486.55999755859375,5480761
2024-06-18 13:30:00+00:00,484.739990234375,485.67999267578125,484.3800048828125,485.05999755859375,5967656
2024-06-18 14:30:00+00:00,484.1400146484375,485.26080322265625,483.42999267578125,484.7300109863281,3403328
2024-06-18 15:30:00+00:00,484.6025085449219,485.1300048828125,484.0400085449219,484.135009765625,3133719
2024-06-18 16:30:00+00:00,485.55999755859375,485.5899963378906,484.45001220703125,484.6025085449219,2008169
2024-06-18 17:30:00+00:00,484.8599853515625,485.8999938964844,484.2699890136719,485.57000732421875,2360561
2024-06-18 18:30:00+00:00,485.04998779296875,485.25,484.6300048828125,484.8599853515625,2041176
2024-06-18 19:30:00+00:00,485.2300109863281,485.4200134277344,484.6300048828125,485.04998779296875,3405963
2024-06-20 13:30:00+00:00,484.5899963378906,486.8387145996094,483.3699951171875,486.4200134277344,7139454
2024-06-20 14:30:00+00:00,485.1014099121094,486.0350036621094,484.3900146484375,484.54998779296875,3183035
2024-06-20 15:30:00+00:00,482.1099853515625,485.6253967285156,482.0704040527344,485.1199951171875,2847718
2024-06-20 16:30:00+00:00,480.80999755859375,483.0,480.5,482.07501220703125,3991408
2024-06-20 17:30:00+00:00,482.2699890136719,482.54901123046875,479.6400146484375,480.8500061035156,3561372
2024-06-20 18:30:00+00:00,481.2900085449219,482.3800048828125,479.70001220703125,482.2699890136719,4795761
2024-06-20 19:30:00+00:00,481.3800048828125,482.19000244140625,480.9599914550781,481.2799987792969,5525810
2024-06-21 13:30:00+00:00,479.9200134277344,481.45001220703125,478.6700134277344,481.1499938964844,7903873
2024-06-21 14:30:00+00:00,480.7099914550781,481.760009765625,479.3999938964844,479.9100036621094,6863341
2024-06-21 15:30:00+00:00,481.82000732421875,482.5350036621094,480.2398986816406,480.7149963378906,2657078
2024-06-21 16:30:00+00:00,480.16400146484375,482.0299987792969,479.8500061035156,481.9049987792969,3073574
2024-06-21 17:30:00+00:00,480.7699890136719,480.79998779296875,479.5199890136719,480.1549987792969,3531648
2024-06-21 18:30:00+00:00,480.6199951171875,480.9700012207031,480.0199890136719,480.70599365234375,3768356
2024-06-21 19:30:00+00:00,480.0799865722656,481.04998779296875,479.989990234375,480.6400146484375,6577140
2024-06-24 13:30:00+00:00,477.4700012207031,479.9200134277344,476.82000732421875,478.17999267578125,7066986
2024-06-24 14:30:00+00:00,477.9100036621094,478.6400146484375,475.7699890136719,477.3949890136719,5293907
2024-06-24 15:30:00+00:00,477.69000244140625,478.25,477.1709899902344,477.9186096191406,2812995
2024-06-24 16:30:00+00:00,475.70849609375,478.05999755859375,475.30999755859375,477.67999267578125,3803483
2024-06-24 17:30:00+00:00,474.8299865722656,476.05999755859375,474.6199951171875,475.67498779296875,3624516
2024-06-24 18:30:00+00:00,476.05029296875,476.55999755859375,474.510009765625,474.8299865722656,4854463
2024-06-24 19:30:00+00:00,473.9100036621094,476.1600036621094,473.82000732421875,476.04998779296875,6642720
2024-06-25 13:30:00+00:00,477.260009765625,477.67999267578125,475.1199951171875,476.0299987792969,5094594
2024-06-25 14:30:00+00:00,478.5,478.7799987792969,476.6199951171875,477.260009765625,6545019
2024-06-25 15:30:00+00:00,478.2099914550781,479.3291015625,478.010009765625,478.5,2937362
2024-06-25 16:30:00+00:00,477.67999267578125,478.2099914550781,476.2799987792969,478.2099914550781,2598525
2024-06-25 17:30:00+00:00,479.2650146484375,479.2699890136719,477.25,477.69000244140625,1876509
2024-06-25 18:30:00+00:00,479.6499938964844,479.67999267578125,478.1300048828125,479.260009765625,2550070
2024-06-25 19:30:00+00:00,479.3500061035156,479.64990234375,478.7699890136719,479.6300048828125,2988592
2024-06-26 13:30:00+00:00,479.29010009765625,480.80999755859375,478.3299865722656,478.52801513671875,4827575
2024-06-26 14:30:00+00:00,479.2499084472656,480.4700012207031,478.1300048828125,479.32000732421875,3108727
2024-06-26 15:30:00+00:00,480.3301086425781,480.8800048828125,478.8590087890625,479.2200012207031,2105602
2024-06-26 16:30:00+00:00,479.340087890625,480.4200134277344,478.7200012207031,480.32000732421875,1863339
2024-06-26 17:30:00+00:00,479.54998779296875,480.0400085449219,479.1600036621094,479.29998779296875,1446934
2024-06-26 18:30:00+00:00,479.3100891113281,479.92498779296875,478.5350036621094,479.5450134277344,1972723
2024-06-26 19:30:00+00:00,480.3900146484375,480.9100036621094,479.1400146484375,479.30999755859375,4508879
2024-06-27 13:30:00+00:00,482.239990234375,483.0899963378906,480.1300048828125,480.1300048828125,5847231
2024-06-27 14:30:00+00:00,480.21771240234375,482.3299865722656,479.8599853515625,482.2300109863281,2572488
2024-06-27 15:30:00+00:00,481.1400146484375,481.2950134277344,479.29998779296875,480.239990234375,2593047
2024-06-27 16:30:00+00:00,481.69000244140625,481.7799987792969,480.9798889160156,481.1549987792969,2676896
2024-06-27 17:30:00+00:00,480.67999267578125,482.0,480.2900085449219,481.69000244140625,2216422
2024-06-27 18:30:00+00:00,481.69000244140625,481.8599853515625,480.4599914550781,480.6499938964844,3633178
2024-06-27 19:30:00+00:00,481.54998779296875,481.6719970703125,480.4100036621094,481.6600036621094,3632794
2024-06-28 13:30:00+00:00,485.7900085449219,487.19000244140625,481.6700134277344,482.3999938964844,7264600
2024-06-28 14:30:00+00:00,483.1485900878906,486.55499267578125,482.57000732421875,485.7900085449219,4879378
2024-06-28 15:30:00+00:00,482.4200134277344,483.8500061035156,481.25,483.1199951171875,2898864
2024-06-28 16:30:00+00:00,481.9100036621094,482.57000732421875,480.3900146484375,482.4100036621094,3442130
2024-06-28 17:30:00+00:00,481.03009033203125,482.42999267578125,480.8399963378906,481.9100036621094,2292486
2024-06-28 18:30:00+00:00,480.489990234375,481.5299987792969,480.42999267578125,481.04998779296875,3638575
2024-06-28 19:30:00+00:00,478.989990234375,481.1099853515625,478.4613037109375,480.489990234375,7911640
2024-07-01 13:30:00+00:00,479.17999267578125,480.3900146484375,476.2550048828125,480.0299987792969,7449624
2024-07-01 14:30:00+00:00,479.5805969238281,479.7200012207031,477.5,479.2384033203125,3636458
2024-07-01 15:30:00+00:00,481.17999267578125,481.2300109863281,478.93499755859375,479.55999755859375,3029430
2024-07-01 16:30:00+00:00,480.8900146484375,481.4100036621094,480.2099914550781,481.1499938964844,1852513
2024-07-01 17:30:00+00:00,480.9100036621094,481.9599914550781,480.3399963378906,480.8900146484375,1764331
2024-07-01 18:30:00+00:00,480.92999267578125,481.8349914550781,480.360107421875,480.8900146484375,2469638
2024-07-01 19:30:00+00:00,481.94000244140625,482.489990234375,480.81988525390625,480.9200134277344,3219729
2024-07-02 13:30:00+00:00,482.239990234375,483.17999267578125,480.2799987792969,480.3800048828125,5365530
2024-07-02 14:30:00+00:00,483.79998779296875,483.92999267578125,482.2300109863281,482.260009765625,3035913
2024-07-02 15:30:00+00:00,483.340087890625,484.5299987792969,482.3800048828125,483.8299865722656,2509486
2024-07-02 16:30:00+00:00,485.0299987792969,485.3080139160156,483.1910095214844,483.3299865722656,2122194
2024-07-02 17:30:00+00:00,486.1498107910156,486.2900085449219,484.70001220703125,485.0400085449219,2418066
2024-07-02 18:30:00+00:00,486.2200012207031,486.54998779296875,485.8315124511719,486.1449890136719,2655493
2024-07-02 19:30:00+00:00,487.0299987792969,487.0299987792969,485.82000732421875,486.2200012207031,4655849
2024-07-03 13:30:00+00:00,487.29998779296875,488.20001220703125,486.2300109863281,486.30999755859375,5473214
2024-07-03 14:30:00+00:00,489.32000732421875,489.57000732421875,487.0896911621094,487.2900085449219,3744845
2024-07-03 15:30:00+00:00,491.1612854003906,491.1700134277344,488.9200134277344,489.3399963378906,3378105
2024-07-05 13:30:00+00:00,493.6700134277344,494.3396911621094,491.5899963378906,491.9100036621094,6767425
2024-07-05 14:30:00+00:00,494.67999267578125,494.8349914550781,493.0799865722656,493.7091979980469,3737316
2024-07-05 15:30:00+00:00,495.989990234375,496.0249938964844,494.6700134277344,494.67999267578125,3233886
2024-07-05 16:30:00+00:00,495.960693359375,496.125,495.0697021484375,495.9800109863281,3210030
2024-07-05 17:30:00+00:00,495.67840576171875,496.489990234375,495.6400146484375,495.9800109863281,3083616
2024-07-05 18:30:00+00:00,496.17401123046875,496.42999267578125,495.4800109863281,495.6700134277344,2643326
2024-07-05 19:30:00+00:00,496.239990234375,496.6000061035156,496.0199890136719,496.1600036621094,3280176
2024-07-08 13:30:00+00:00,496.3399963378906,497.0400085449219,495.69000244140625,496.55999755859375,5618180
2024-07-08 14:30:00+00:00,497.2650146484375,497.3599853515625,495.5,496.3399963378906,3703452
2024-07-08 15:30:00+00:00,496.3399963378906,497.4800109863281,496.0199890136719,497.2699890136719,2823216
2024-07-08 16:30:00+00:00,497.0,497.0199890136719,496.05999755859375,496.3299865722656,1556525
2024-07-08 17:30:00+00:00,497.0472106933594,497.45001220703125,496.5700988769531,497.0,1640155
2024-07-08 18:30:00+00:00,496.3949890136719,497.0400085449219,496.0199890136719,497.0400085449219,2562767
2024-07-08 19:30:00+00:00,497.3900146484375,497.8949890136719,496.2250061035156,496.385009765625,2574357
2024-07-09 13:30:00+00:00,498.3800048828125,500.0,498.1300048828125,498.8699951171875,5740294
2024-07-09 14:30:00+00:00,497.989990234375,499.260009765625,497.55999755859375,498.3599853515625,3807482
2024-07-09 15:30:00+00:00,498.260009765625,498.67999267578125,497.6300048828125,497.9898986816406,1936147
2024-07-09 16:30:00+00:00,496.6405029296875,498.3699951171875,496.239990234375,498.260009765625,3224800
2024-07-09 17:30:00+00:00,497.0404052734375,497.5400085449219,496.5710144042969,496.6300048828125,1958938
2024-07-09 18:30:00+00:00,497.42999267578125,497.7799987792969,496.8760070800781,497.0899963378906,4146990
2024-07-09 19:30:00+00:00,497.7699890136719,497.9100036621094,497.2099914550781,497.39898681640625,2753014
2024-07-10 13:30:00+00:00,500.0400085449219,500.60400390625,498.8299865722656,499.7099914550781,5085888
2024-07-10 14:30:00+00:00,499.595703125,500.07000732421875,498.3900146484375,500.0400085449219,3277066
2024-07-10 15:30:00+00:00,501.05999755859375,501.0799865722656,499.4750061035156,499.6050109863281,2562685
2024-07-10 16:30:00+00:00,501.9840087890625,502.32000732421875,500.8876953125,501.0799865722656,3676906
2024-07-10 17:30:00+00:00,502.3100891113281,502.69000244140625,501.8800048828125,502.0299987792969,2988782
2024-07-10 18:30:00+00:00,502.3955993652344,502.9700012207031,501.9999084472656,502.3299865722656,2554101
2024-07-10 19:30:00+00:00,502.9700012207031,503.5199890136719,502.260009765625,502.3900146484375,4381020
2024-07-11 13:30:00+00:00,498.2037048339844,503.2799987792969,497.35009765625,503.05999755859375,11472244
2024-07-11 14:30:00+00:00,494.4549865722656,499.0299987792969,494.2699890136719,498.17498779296875,7522486
2024-07-11 15:30:00+00:00,493.92498779296875,494.7300109863281,492.5,494.45001220703125,6767617
2024-07-11 16:30:00+00:00,493.2699890136719,494.57000732421875,491.7699890136719,493.8999938964844,5293248
2024-07-11 17:30:00+00:00,491.5299987792969,493.25,490.7250061035156,493.25,4665885
2024-07-11 18:30:00+00:00,492.1300048828125,493.5350036621094,491.4787902832031,491.510009765625,4978693
2024-07-11 19:30:00+00:00,491.9100036621094,493.409912109375,491.8699951171875,492.1099853515625,6131203
2024-07-12 13:30:00+00:00,495.0299987792969,495.94000244140625,492.0400085449219,492.5,8570407
2024-07-12 14:30:00+00:00,497.5799865722656,497.82000732421875,494.95001220703125,495.07000732421875,4079972
2024-07-12 15:30:00+00:00,495.8800964355469,497.82000732421875,495.1742858886719,497.5799865722656,3074255
2024-07-12 16:30:00+00:00,497.8900146484375,497.8999938964844,495.6300048828125,495.9100036621094,2951026
2024-07-12 17:30:00+00:00,498.7099914550781,499.619384765625,497.7008056640625,497.8800048828125,4129639
2024-07-12 18:30:00+00:00,498.1000061035156,498.94000244140625,497.739990234375,498.7300109863281,3173195
2024-07-12 19:30:00+00:00,494.8699951171875,498.1000061035156,494.1099853515625,498.1000061035156,6295895
2024-07-15 13:30:00+00:00,498.30999755859375,498.4200134277344,495.9200134277344,496.6300048828125,5963531
2024-07-15 14:30:00+00:00,499.5199890136719,501.010009765625,498.239990234375,498.30499267578125,4081853
2024-07-15 15:30:00+00:00,497.8500061035156,499.7900085449219,496.3900146484375,499.489990234375,5170886
2024-07-15 16:30:00+00:00,496.489990234375,498.3822021484375,496.0199890136719,497.82000732421875,3535039
2024-07-15 17:30:00+00:00,496.3699951171875,496.5299987792969,495.0799865722656,496.3999938964844,3387414
2024-07-15 18:30:00+00:00,496.8550109863281,497.3599853515625,495.872802734375,496.3699951171875,3144541
2024-07-15 19:30:00+00:00,496.1600036621094,497.2200012207031,494.0899963378906,496.8819885253906,4356960
2024-07-16 13:30:00+00:00,494.5299987792969,498.44000244140625,493.6400146484375,497.69000244140625,6627075
2024-07-16 14:30:00+00:00,495.3599853515625,496.5799865722656,494.2200012207031,494.5199890136719,2890813
2024-07-16 15:30:00+00:00,493.67999267578125,495.7900085449219,493.29998779296875,495.3699951171875,3494427
2024-07-16 16:30:00+00:00,494.260009765625,495.1600036621094,493.1499938964844,493.6789855957031,2639920
2024-07-16 17:30:00+00:00,494.7950134277344,495.08990478515625,493.6600036621094,494.2699890136719,2459031
2024-07-16 18:30:00+00:00,495.8599853515625,496.20001220703125,494.6600036621094,494.7699890136719,3036825
2024-07-16 19:30:00+00:00,496.3900146484375,496.69000244140625,495.4700012207031,495.8599853515625,2959518
2024-07-17 13:30:00+00:00,485.1499938964844,488.79840087890625,484.3699951171875,488.239990234375,14917498
2024-07-17 14:30:00+00:00,485.1600036621094,486.3399963378906,484.32000732421875,485.1300048828125,5546915
2024-07-17 15:30:00+00:00,482.8599853515625,485.260009765625,482.6400146484375,485.1600036621094,5999503
2024-07-17 16:30:00+00:00,483.1300048828125,483.6600036621094,482.2099914550781,482.8500061035156,5992970
2024-07-17 17:30:00+00:00,483.42999267578125,484.0400085449219,482.3299865722656,483.1000061035156,3585331
2024-07-17 18:30:00+00:00,483.3399963378906,483.80999755859375,481.94000244140625,483.4194030761719,6515179
2024-07-17 19:30:00+00:00,481.79998779296875,483.739990234375,481.70001220703125,483.3299865722656,7663967
2024-07-18 13:30:00+00:00,483.2380065917969,485.70001220703125,482.560302734375,485.489990234375,8984476
2024-07-18 14:30:00+00:00,477.760009765625,483.2200012207031,477.614990234375,483.2200012207031,8913121
2024-07-18 15:30:00+00:00,478.0299987792969,478.71990966796875,476.5799865722656,477.7300109863281,6302793
2024-07-18 16:30:00+00:00,479.7200012207031,480.7605895996094,477.7300109863281,478.0299987792969,4444222
2024-07-18 17:30:00+00:00,478.4798889160156,480.45001220703125,478.260009765625,479.7300109863281,4687425
2024-07-18 18:30:00+00:00,477.82000732421875,478.9599914550781,476.2799987792969,478.4150085449219,5968842
2024-07-18 19:30:00+00:00,479.5299987792969,481.1199951171875,477.5400085449219,477.80999755859375,5964428
2024-07-19 13:30:00+00:00,477.5199890136719,481.67999267578125,477.4599914550781,479.0299987792969,9585626
2024-07-19 14:30:00+00:00,476.197998046875,479.2799987792969,476.10101318359375,477.54998779296875,5310964
2024-07-19 15:30:00+00:00,476.20001220703125,478.0899963378906,475.19000244140625,476.239990234375,5188173
2024-07-19 16:30:00+00:00,474.8500061035156,476.375,473.94000244140625,476.20001220703125,4126465
2024-07-19 17:30:00+00:00,474.9065856933594,476.1600036621094,474.1700134277344,474.80999755859375,3529291
2024-07-19 18:30:00+00:00,476.6499938964844,477.06988525390625,474.3399963378906,474.9700012207031,5218356
2024-07-19 19:30:00+00:00,475.239990234375,476.7200012207031,474.6499938964844,476.6400146484375,5164444
2024-07-22 13:30:00+00:00,481.3349914550781,482.8599853515625,479.44000244140625,481.1199951171875,10726957
2024-07-22 14:30:00+00:00,478.4200134277344,482.69000244140625,478.20001220703125,481.3699951171875,7955900
2024-07-22 15:30:00+00:00,479.6900939941406,480.04998779296875,477.760009765625,478.4200134277344,3403968
2024-07-22 16:30:00+00:00,481.8200988769531,482.1264953613281,479.42999267578125,479.6700134277344,2238202
2024-07-22 17:30:00+00:00,482.82830810546875,483.3500061035156,481.7799987792969,481.8399963378906,2712930
2024-07-22 18:30:00+00:00,482.20001220703125,483.28009033203125,481.80999755859375,482.80999755859375,3204446
2024-07-22 19:30:00+00:00,482.3299865722656,483.1050109863281,481.864990234375,482.20001220703125,5005971
2024-07-23 13:30:00+00:00,482.8800048828125,483.55999755859375,480.8717041015625,481.4100036621094,6031924
2024-07-23 14:30:00+00:00,483.92999267578125,484.42999267578125,480.70001220703125,482.8800048828125,3711012
2024-07-23 15:30:00+00:00,481.6099853515625,484.1606140136719,480.9549865722656,483.95001220703125,2842446
2024-07-23 16:30:00+00:00,481.55999755859375,481.92999267578125,480.4599914550781,481.57000732421875,2339427
2024-07-23 17:30:00+00:00,481.5,482.3800048828125,481.1000061035156,481.4750061035156,2105909
2024-07-23 18:30:00+00:00,482.1650085449219,482.3299865722656,481.40850830078125,481.54998779296875,1492618
2024-07-23 19:30:00+00:00,480.6300048828125,482.1300048828125,480.1499938964844,482.1300048828125,2576229
2024-07-24 13:30:00+00:00,470.2200012207031,474.19000244140625,469.7300109863281,473.80999755859375,11697872
2024-07-24 14:30:00+00:00,468.0299987792969,470.489990234375,467.41009521484375,470.2099914550781,5852584
2024-07-24 15:30:00+00:00,466.4931945800781,468.5,466.239990234375,468.0299987792969,5534650
2024-07-24 16:30:00+00:00,466.8500061035156,467.6499938964844,465.90008544921875,466.4599914550781,6156775
2024-07-24 17:30:00+00:00,465.4599914550781,467.5199890136719,465.3500061035156,466.8699951171875,4786184
2024-07-24 18:30:00+00:00,463.7200012207031,465.7099914550781,463.5799865722656,465.4849853515625,7071808
2024-07-24 19:30:00+00:00,463.3299865722656,465.8550109863281,462.510009765625,463.7300109863281,11373177
2024-07-25 13:30:00+00:00,460.3599853515625,463.95001220703125,455.6300048828125,463.7200012207031,19282687
2024-07-25 14:30:00+00:00,463.39801025390625,465.239990234375,459.5,460.3699951171875,9266908
2024-07-25 15:30:00+00:00,466.7250061035156,467.0799865722656,461.9800109863281,463.3900146484375,5445543
2024-07-25 16:30:00+00:00,464.9198913574219,467.92999267578125,464.4700012207031,466.8299865722656,5006365
2024-07-25 17:30:00+00:00,463.875,465.82000732421875,463.1199951171875,464.9599914550781,3996479
2024-07-25 18:30:00+00:00,463.7300109863281,464.4100036621094,461.1700134277344,463.8599853515625,4651697
2024-07-25 19:30:00+00:00,458.25,463.8999938964844,458.04998779296875,463.69000244140625,7536069
2024-07-26 13:30:00+00:00,462.0150146484375,463.3699951171875,459.8599853515625,462.6700134277344,9993778
2024-07-26 14:30:00+00:00,461.3900146484375,462.6300048828125,459.7799987792969,462.07000732421875,5383492
2024-07-26 15:30:00+00:00,464.3500061035156,464.760009765625,461.1600036621094,461.3800048828125,5848315
2024-07-26 16:30:00+00:00,465.739990234375,465.92010498046875,464.29998779296875,464.3699951171875,4227256
2024-07-26 17:30:00+00:00,463.052001953125,465.8500061035156,462.3999938964844,465.75,5449703
2024-07-26 18:30:00+00:00,463.1700134277344,463.54998779296875,461.2900085449219,463.0820007324219,3421019
2024-07-26 19:30:00+00:00,463.0,463.3299865722656,461.2699890136719,463.1700134277344,4055265
2024-07-29 13:30:00+00:00,465.9150085449219,467.9100036621094,464.2099914550781,465.0,7557183
2024-07-29 14:30:00+00:00,463.3900146484375,466.6000061035156,462.4360046386719,465.94000244140625,3756230
2024-07-29 15:30:00+00:00,466.0899963378906,466.9800109863281,461.614990234375,463.3299865722656,4924655
2024-07-29 16:30:00+00:00,465.05999755859375,467.19500732421875,465.04998779296875,466.0920104980469,2233584
2024-07-29 17:30:00+00:00,464.1199951171875,466.010009765625,463.95001220703125,465.07000732421875,2685486
2024-07-29 18:30:00+00:00,464.6199951171875,464.8599853515625,463.2900085449219,464.090087890625,2470917
2024-07-29 19:30:00+00:00,463.8399963378906,465.2349853515625,463.5799865722656,464.6199951171875,2970788
2024-07-30 13:30:00+00:00,462.8800964355469,466.5610046386719,462.739990234375,465.8500061035156,5645367
2024-07-30 14:30:00+00:00,459.489990234375,463.1650085449219,458.3399963378906,462.8999938964844,5819498
2024-07-30 15:30:00+00:00,457.3699951171875,459.72900390625,456.67999267578125,459.3999938964844,4197339
2024-07-30 16:30:00+00:00,456.70001220703125,457.6600036621094,454.1499938964844,457.32501220703125,4713091
2024-07-30 17:30:00+00:00,458.2001037597656,458.8999938964844,456.239990234375,456.7059020996094,3548430
2024-07-30 18:30:00+00:00,457.3398132324219,458.7200012207031,456.69000244140625,458.2098083496094,4662133
2024-07-30 19:30:00+00:00,457.3800048828125,459.239990234375,456.55010986328125,457.3299865722656,5731060
2024-07-31 13:30:00+00:00,469.57000732421875,470.2900085449219,466.4100036621094,467.9200134277344,13745346
2024-07-31 14:30:00+00:00,470.739990234375,470.8299865722656,468.8500061035156,469.5799865722656,4355271
2024-07-31 15:30:00+00:00,469.7799987792969,471.3599853515625,469.5,470.7200012207031,3302190
2024-07-31 16:30:00+00:00,469.57989501953125,470.5198974609375,469.1000061035156,469.7099914550781,1987246
2024-07-31 17:30:00+00:00,470.389892578125,470.6300048828125,467.3035888671875,469.54998779296875,3892615
2024-07-31 18:30:00+00:00,469.5,472.7900085449219,469.0450134277344,470.42498779296875,6665670
2024-07-31 19:30:00+00:00,471.04998779296875,472.3799133300781,469.19000244140625,469.55999755859375,6825257
2024-08-01 13:30:00+00:00,469.8699951171875,475.54998779296875,469.8399963378906,471.7300109863281,8675612
2024-08-01 14:30:00+00:00,465.4599914550781,470.4599914550781,465.1700134277344,469.9219970703125,6983245
2024-08-01 15:30:00+00:00,462.83099365234375,465.91009521484375,462.010009765625,465.489990234375,7722280
2024-08-01 16:30:00+00:00,459.510009765625,462.889404296875,458.8280029296875,462.81500244140625,5415244
2024-08-01 17:30:00+00:00,457.1600036621094,459.9700012207031,456.6304931640625,459.5199890136719,7901809
2024-08-01 18:30:00+00:00,458.57000732421875,458.61871337890625,455.9800109863281,457.1199951171875,6717552
2024-08-01 19:30:00+00:00,459.79998779296875,460.6300048828125,457.92999267578125,458.57000732421875,7186347
2024-08-02 13:30:00+00:00,446.9800109863281,453.56500244140625,444.5,450.8999938964844,22382243
2024-08-02 14:30:00+00:00,446.75750732421875,448.510009765625,444.9700012207031,446.92498779296875,12121353
2024-08-02 15:30:00+00:00,449.45001220703125,450.3949890136719,446.3800048828125,446.7650146484375,7499616
2024-08-02 16:30:00+00:00,446.8900146484375,450.489990234375,446.7900085449219,449.44000244140625,4887910
2024-08-02 17:30:00+00:00,448.55999755859375,448.5899963378906,445.9549865722656,446.8594970703125,4049128
2024-08-02 18:30:00+00:00,448.5450134277344,449.3999938964844,447.0,448.5400085449219,5007426
2024-08-02 19:30:00+00:00,448.67999267578125,449.20001220703125,446.3699951171875,448.5050048828125,6861521
2024-08-05 13:30:00+00:00,431.9100036621094,438.07000732421875,423.45001220703125,424.67999267578125,29643319
2024-08-05 14:30:00+00:00,437.8550109863281,439.9100036621094,431.7300109863281,431.9200134277344,11661104
2024-08-05 15:30:00+00:00,442.1600036621094,442.2900085449219,436.5400085449219,437.82000732421875,9002361
2024-08-05 16:30:00+00:00,437.5799865722656,442.1449890136719,435.80999755859375,442.1449890136719,6314875
2024-08-05 17:30:00+00:00,436.2099914550781,439.3500061035156,434.80999755859375,437.55999755859375,6471713
2024-08-05 18:30:00+00:00,434.8599853515625,436.79998779296875,432.7300109863281,436.1499938964844,9194982
2024-08-05 19:30:00+00:00,435.75,436.0299987792969,433.2200012207031,434.80999755859375,10487875
2024-08-06 13:30:00+00:00,439.30999755859375,440.92999267578125,434.55999755859375,437.2300109863281,15678250
2024-08-06 14:30:00+00:00,439.8900146484375,443.6199951171875,438.510009765625,439.3399963378906,7868913
2024-08-06 15:30:00+00:00,443.45001220703125,444.5899963378906,439.8699951171875,439.9200134277344,5624165
2024-08-06 16:30:00+00:00,445.6300048828125,446.25,443.0799865722656,443.489990234375,5895744
2024-08-06 17:30:00+00:00,446.42999267578125,446.6000061035156,444.5899963378906,445.6499938964844,4535617
2024-08-06 18:30:00+00:00,443.6600036621094,447.07000732421875,441.8699951171875,446.45001220703125,9185215
2024-08-06 19:30:00+00:00,439.55999755859375,444.0664978027344,439.44000244140625,443.69000244140625,7995435
2024-08-07 13:30:00+00:00,445.8909912109375,449.0,445.30999755859375,446.6600036621094,10975904
2024-08-07 14:30:00+00:00,446.79998779296875,448.75,445.5799865722656,446.04998779296875,4821794
2024-08-07 15:30:00+00:00,444.7898864746094,447.2799987792969,442.3299865722656,446.7900085449219,5222636
2024-08-07 16:30:00+00:00,440.3598937988281,445.010009765625,439.2699890136719,444.739990234375,10934440
2024-08-07 17:30:00+00:00,437.4800109863281,441.4873962402344,435.92999267578125,440.3349914550781,7756645
2024-08-07 18:30:00+00:00,437.70001220703125,439.0899963378906,435.54998779296875,437.4659118652344,7432853
2024-08-07 19:30:00+00:00,434.82000732421875,438.2900085449219,434.3699951171875,437.70001220703125,4886883
2024-08-08 13:30:00+00:00,444.75,444.9289855957031,437.1499938964844,441.1499938964844,12851627
2024-08-08 14:30:00+00:00,444.7799987792969,446.0899963378906,443.3699951171875,444.7799987792969,5421301
2024-08-08 15:30:00+00:00,446.1348876953125,446.8500061035156,444.1400146484375,444.79998779296875,3791582
2024-08-08 16:30:00+00:00,447.54998779296875,447.55999755859375,444.2200012207031,446.1000061035156,3952027
2024-08-08 17:30:00+00:00,447.9494934082031,448.9800109863281,447.3800048828125,447.5899963378906,4008728
2024-08-08 18:30:00+00:00,446.260009765625,448.5400085449219,446.10888671875,447.989990234375,4842773
2024-08-08 19:30:00+00:00,448.20001220703125,448.6600036621094,445.3599853515625,446.2799987792969,8708067
2024-08-09 13:30:00+00:00,447.7699890136719,449.5199890136719,445.6300048828125,446.8500061035156,9576464
2024-08-09 14:30:00+00:00,448.07000732421875,449.80999755859375,446.4200134277344,447.8299865722656,3955266
2024-08-09 15:30:00+00:00,447.4700012207031,449.05999755859375,446.8399963378906,448.1300048828125,3051122
2024-08-09 16:30:00+00:00,451.6400146484375,451.6400146484375,447.3599853515625,447.42999267578125,3700295
2024-08-09 17:30:00+00:00,449.9800109863281,452.05999755859375,449.510009765625,451.6700134277344,4042441
2024-08-09 18:30:00+00:00,450.4800109863281,450.94000244140625,449.4200134277344,449.93499755859375,3405964
2024-08-09 19:30:00+00:00,450.5299987792969,451.0899963378906,449.7300109863281,450.4750061035156,4256100
2024-08-12 13:30:00+00:00,452.7099914550781,453.4599914550781,448.5545959472656,451.3500061035156,7087072
2024-08-12 14:30:00+00:00,451.1300048828125,454.3699951171875,449.8500061035156,452.7300109863281,5024379
2024-08-12 15:30:00+00:00,452.67498779296875,453.54998779296875,450.19000244140625,451.1000061035156,4125184
2024-08-12 16:30:00+00:00,451.6549987792969,453.1600036621094,450.3299865722656,452.6000061035156,2160626
2024-08-12 17:30:00+00:00,450.92999267578125,452.10919189453125,450.04998779296875,451.70001220703125,2766654
2024-08-12 18:30:00+00:00,450.8800048828125,451.5899963378906,450.55999755859375,450.82000732421875,1821073
2024-08-12 19:30:00+00:00,451.4700012207031,451.510009765625,449.94000244140625,450.8999938964844,2976543
2024-08-13 13:30:00+00:00,457.7898864746094,458.2099914550781,455.70001220703125,455.8299865722656,9008274
2024-08-13 14:30:00+00:00,459.3299865722656,459.5199890136719,456.63299560546875,457.6400146484375,3830749
2024-08-13 15:30:00+00:00,460.4100036621094,460.739990234375,459.04998779296875,459.29998779296875,3861302
2024-08-13 16:30:00+00:00,461.739990234375,462.17999267578125,460.010009765625,460.3999938964844,3979343
2024-08-13 17:30:00+00:00,461.760009765625,462.07000732421875,460.2300109863281,461.7699890136719,3310683
2024-08-13 18:30:00+00:00,461.55999755859375,462.1199951171875,460.8900146484375,461.7799987792969,4271917
2024-08-13 19:30:00+00:00,462.6000061035156,462.8399963378906,461.3599853515625,461.5400085449219,6470183
2024-08-14 13:30:00+00:00,460.3949890136719,464.42999267578125,459.3800048828125,463.5,10733027
2024-08-14 14:30:00+00:00,462.79998779296875,462.82000732421875,458.3999938964844,460.3900146484375,5115195
2024-08-14 15:30:00+00:00,461.9649963378906,465.10931396484375,461.239990234375,462.82000732421875,4987098
2024-08-14 16:30:00+00:00,462.25,462.6700134277344,460.6499938964844,461.9602966308594,2807647
2024-08-14 17:30:00+00:00,462.30999755859375,462.590087890625,461.29998779296875,462.2200012207031,2655160
2024-08-14 18:30:00+00:00,461.5899963378906,462.9100036621094,461.1499938964844,462.29998779296875,3198791
2024-08-14 19:30:00+00:00,462.82000732421875,463.6300048828125,461.29998779296875,461.635009765625,3981182
2024-08-15 13:30:00+00:00,471.7099914550781,472.0199890136719,468.3800048828125,468.80999755859375,12094034
2024-08-15 14:30:00+00:00,472.3399963378906,472.9599914550781,471.510009765625,471.739990234375,4473038
2024-08-15 15:30:00+00:00,473.909912109375,473.989990234375,472.1400146484375,472.3699951171875,3418485
2024-08-15 16:30:00+00:00,473.3399963378906,473.9599914550781,472.659912109375,473.9200134277344,2950480
2024-08-15 17:30:00+00:00,474.2799987792969,474.5299987792969,473.3299865722656,473.3299865722656,2543270
2024-08-15 18:30:00+00:00,474.2900085449219,474.5199890136719,473.8500061035156,474.29998779296875,3259013
2024-08-15 19:30:00+00:00,474.5,474.82000732421875,473.3699951171875,474.2699890136719,5763874
2024-08-16 13:30:00+00:00,474.239990234375,474.79998779296875,471.6606140136719,472.7200012207031,12983862
2024-08-16 14:30:00+00:00,473.2900085449219,474.7799987792969,472.4800109863281,474.239990234375,6361973
2024-08-16 15:30:00+00:00,475.30999755859375,475.4591979980469,473.17999267578125,473.3399963378906,3314193
2024-08-16 16:30:00+00:00,475.8699951171875,476.4100036621094,475.16009521484375,475.32000732421875,2131419
2024-08-16 17:30:00+00:00,475.29998779296875,476.0799865722656,474.7398986816406,475.8599853515625,2255623
2024-08-16 18:30:00+00:00,475.0,475.6099853515625,474.8599853515625,475.32000732421875,2973781
2024-08-16 19:30:00+00:00,475.0199890136719,475.25,474.2699890136719,475.010009765625,2904528
2024-08-19 13:30:00+00:00,475.32000732421875,475.6700134277344,473.3699951171875,475.1199951171875,5767390
2024-08-19 14:30:00+00:00,476.4399108886719,476.8999938964844,474.8800048828125,475.3399963378906,2533089
2024-08-19 15:30:00+00:00,476.57110595703125,476.94000244140625,475.5199890136719,476.4100036621094,1820058
2024-08-19 16:30:00+00:00,477.2774963378906,477.55999755859375,476.1449890136719,476.4949951171875,2445167
2024-08-19 17:30:00+00:00,478.4649963378906,478.5181884765625,477.0799865722656,477.29998779296875,2060924
2024-08-19 18:30:00+00:00,479.4700927734375,479.5199890136719,478.4200134277344,478.4704895019531,2299208
2024-08-19 19:30:00+00:00,481.2699890136719,481.3099060058594,478.9700012207031,479.45001220703125,4345689
2024-08-20 13:30:00+00:00,480.5,482.94000244140625,479.9700012207031,480.3500061035156,8216787
2024-08-20 14:30:00+00:00,479.70001220703125,480.7799987792969,478.54998779296875,480.5,4370648
2024-08-20 15:30:00+00:00,480.19500732421875,481.3500061035156,479.489990234375,479.6499938964844,2851220
2024-08-20 16:30:00+00:00,479.6400146484375,480.44000244140625,478.6499938964844,480.1400146484375,2728738
2024-08-20 17:30:00+00:00,481.1393127441406,481.5320129394531,479.3399963378906,479.6499938964844,2711603
2024-08-20 18:30:00+00:00,480.489990234375,481.5,480.4212951660156,481.1400146484375,3197321
2024-08-20 19:30:00+00:00,480.20001220703125,481.3349914550781,480.0299987792969,480.489990234375,3000624
2024-08-21 13:30:00+00:00,481.8221130371094,482.69940185546875,480.3500061035156,481.0,4920981
2024-08-21 14:30:00+00:00,481.5740051269531,484.3599853515625,480.07000732421875,481.8599853515625,5808334
2024-08-21 15:30:00+00:00,480.9599914550781,481.7178955078125,479.32000732421875,481.6199951171875,2303336
2024-08-21 16:30:00+00:00,481.340087890625,481.989990234375,480.8699951171875,480.95001220703125,1744173
2024-08-21 17:30:00+00:00,483.1889953613281,483.2699890136719,481.3599853515625,481.3599853515625,2957150
2024-08-21 18:30:00+00:00,481.68011474609375,483.6600036621094,480.75,483.17999267578125,3252908
2024-08-21 19:30:00+00:00,482.5299987792969,482.92999267578125,481.31060791015625,481.70001220703125,2844865
2024-08-22 13:30:00+00:00,482.9419860839844,485.5199890136719,482.1300048828125,484.8299865722656,5804482
2024-08-22 14:30:00+00:00,480.3450012207031,482.9150085449219,480.25,482.9150085449219,3991809
2024-08-22 15:30:00+00:00,480.42999267578125,480.6199951171875,476.79998779296875,480.3500061035156,5878863
2024-08-22 16:30:00+00:00,477.9198913574219,480.8290100097656,477.1099853515625,480.42999267578125,3909882
2024-08-22 17:30:00+00:00,476.7250061035156,478.07550048828125,474.864990234375,477.8900146484375,5188078
2024-08-22 18:30:00+00:00,474.7799987792969,477.05999755859375,474.67999267578125,476.7250061035156,3609914
2024-08-22 19:30:00+00:00,474.8299865722656,475.5899963378906,473.80999755859375,474.82000732421875,6112107
2024-08-23 13:30:00+00:00,482.1874084472656,482.7300109863281,478.0199890136719,479.25,9758790
2024-08-23 14:30:00+00:00,479.6099853515625,482.489990234375,475.9800109863281,482.260009765625,7505710
2024-08-23 15:30:00+00:00,476.94000244140625,480.69000244140625,476.2200012207031,479.57000732421875,3995788
2024-08-23 16:30:00+00:00,478.4700012207031,478.6700134277344,475.2799987792969,476.95001220703125,3017682
2024-08-23 17:30:00+00:00,479.0799865722656,479.489990234375,478.3999938964844,478.5400085449219,3349813
2024-08-23 18:30:00+00:00,480.2449951171875,480.3599853515625,477.989990234375,479.0899963378906,2867880
2024-08-23 19:30:00+00:00,480.0199890136719,480.5400085449219,478.510009765625,480.2699890136719,3928320
2024-08-26 13:30:00+00:00,475.95001220703125,480.3800048828125,475.69000244140625,479.5799865722656,5938766
2024-08-26 14:30:00+00:00,475.760009765625,476.32000732421875,473.239990234375,475.9100036621094,5790024
2024-08-26 15:30:00+00:00,475.9150085449219,475.989990234375,474.1199951171875,475.6099853515625,2869573
2024-08-26 16:30:00+00:00,475.3800048828125,476.55999755859375,475.05999755859375,475.9100036621094,2461700
2024-08-26 17:30:00+00:00,475.0,475.6050109863281,473.4303894042969,475.3999938964844,3069891
2024-08-26 18:30:00+00:00,475.18499755859375,476.0917053222656,474.79998779296875,474.9700012207031,2329227
2024-08-26 19:30:00+00:00,475.3299865722656,475.4776916503906,474.4800109863281,475.1700134277344,3161719
2024-08-27 13:30:00+00:00,476.2799987792969,476.3699951171875,471.7099914550781,473.75,7013434
2024-08-27 14:30:00+00:00,476.17999267578125,477.8299865722656,476.1000061035156,476.2799987792969,5688088
2024-08-27 15:30:00+00:00,476.1299133300781,476.55999755859375,475.05999755859375,476.1700134277344,2743650
2024-08-27 16:30:00+00:00,477.23089599609375,477.3599853515625,475.17999267578125,476.1300048828125,2745153
2024-08-27 17:30:00+00:00,477.0899963378906,477.7850036621094,476.5299987792969,477.2799987792969,2583519
2024-08-27 18:30:00+00:00,476.75,477.25,476.3500061035156,477.0299987792969,2070751
2024-08-27 19:30:00+00:00,476.8299865722656,477.239990234375,476.3399963378906,476.739990234375,2431972
2024-08-28 13:30:00+00:00,475.1700134277344,477.0199890136719,473.5899963378906,476.2900085449219,5342327
2024-08-28 14:30:00+00:00,470.4700012207031,475.46990966796875,469.3299865722656,475.1600036621094,6123237
2024-08-28 15:30:00+00:00,470.760009765625,471.80499267578125,469.9100036621094,470.489990234375,3381235
2024-08-28 16:30:00+00:00,471.5199890136719,472.4599914550781,470.55999755859375,470.7200012207031,2290945
2024-08-28 17:30:00+00:00,469.07000732421875,471.8500061035156,467.9100036621094,471.5199890136719,6207606
2024-08-28 18:30:00+00:00,472.1600036621094,472.3500061035156,468.7414855957031,469.0400085449219,5241617
2024-08-28 19:30:00+00:00,471.2799987792969,472.760009765625,471.0199890136719,472.1600036621094,3553050
2024-08-29 13:30:00+00:00,475.69659423828125,477.760009765625,472.7799987792969,473.2799987792969,11026208
2024-08-29 14:30:00+00:00,476.3800048828125,477.92999267578125,475.55999755859375,475.7099914550781,5105116
2024-08-29 15:30:00+00:00,477.32000732421875,477.8299865722656,476.1499938964844,476.4200134277344,2675142
2024-08-29 16:30:00+00:00,476.1300048828125,477.8800048828125,475.7300109863281,477.3100891113281,3061718
2024-08-29 17:30:00+00:00,473.2745056152344,476.5799865722656,472.9800109863281,476.1400146484375,4306909
2024-08-29 18:30:00+00:00,470.989990234375,473.2799987792969,469.37200927734375,473.2799987792969,8110972
2024-08-29 19:30:00+00:00,470.70001220703125,472.4599914550781,470.0899963378906,471.0,4446077
2024-08-30 13:30:00+00:00,474.7950134277344,476.7300109863281,473.9800109863281,475.2500915527344,7764151
2024-08-30 14:30:00+00:00,472.80999755859375,476.1700134277344,472.29998779296875,474.7900085449219,5429817
2024-08-30 15:30:00+00:00,471.6549987792969,473.20001220703125,471.5199890136719,472.7799987792969,3394725
2024-08-30 16:30:00+00:00,472.7699890136719,473.54998779296875,470.510009765625,471.69000244140625,3767533
2024-08-30 17:30:00+00:00,473.0199890136719,473.44000244140625,472.0400085449219,472.82000732421875,2098112
2024-08-30 18:30:00+00:00,475.1300964355469,475.2200012207031,473.0299987792969,473.04998779296875,3124450
2024-08-30 19:30:00+00:00,476.3900146484375,476.8999938964844,474.1199951171875,475.1449890136719,6053220
2024-09-03 13:30:00+00:00,469.30999755859375,473.29998779296875,468.489990234375,473.1700134277344,9774336
2024-09-03 14:30:00+00:00,466.3949890136719,469.2799987792969,465.2300109863281,469.2699890136719,7624569
2024-09-03 15:30:00+00:00,465.6700134277344,467.0899963378906,464.92999267578125,466.3699951171875,3918656
2024-09-03 16:30:00+00:00,465.760009765625,465.9200134277344,464.69000244140625,465.6199951171875,2991324
2024-09-03 17:30:00+00:00,462.4800109863281,465.8800048828125,462.3399963378906,465.7099914550781,4530331
2024-09-03 18:30:00+00:00,462.4200134277344,463.44000244140625,462.19000244140625,462.4800109863281,4448800
2024-09-03 19:30:00+00:00,461.82000732421875,462.6700134277344,459.41009521484375,462.42999267578125,8017499
2024-09-04 13:30:00+00:00,461.45001220703125,461.6499938964844,457.7699890136719,458.7099914550781,9799358
2024-09-04 14:30:00+00:00,461.9800109863281,464.45001220703125,461.0899963378906,461.44000244140625,5077696
2024-09-04 15:30:00+00:00,462.7799987792969,462.8999938964844,461.1300048828125,462.0299987792969,3519802
2024-09-04 16:30:00+00:00,462.1499938964844,463.75,461.9700012207031,462.7200012207031,2331639
2024-09-04 17:30:00+00:00,462.0246887207031,462.57000732421875,461.07000732421875,462.1199951171875,3194050
2024-09-04 18:30:00+00:00,460.82000732421875,462.3900146484375,459.3900146484375,462.010009765625,3555151
2024-09-04 19:30:00+00:00,460.6000061035156,462.1199951171875,460.3116149902344,460.7900085449219,3221172
2024-09-05 13:30:00+00:00,464.2893981933594,465.2200012207031,458.9800109863281,459.0,9466095
2024-09-05 14:30:00+00:00,458.54998779296875,465.0,458.4800109863281,464.3500061035156,5717055
2024-09-05 15:30:00+00:00,460.4100036621094,460.5199890136719,457.9389953613281,458.5899963378906,4018198
2024-09-05 16:30:00+00:00,459.1000061035156,460.8800048828125,459.0600891113281,460.4100036621094,2471756
2024-09-05 17:30:00+00:00,461.54998779296875,462.3999938964844,459.04998779296875,459.0799865722656,3137728
2024-09-05 18:30:00+00:00,460.8599853515625,462.7200012207031,459.4599914550781,461.54998779296875,3204371
2024-09-05 19:30:00+00:00,461.1400146484375,461.7007141113281,459.3299865722656,460.8699951171875,3339253
2024-09-06 13:30:00+00:00,453.3399963378906,461.2200012207031,453.30999755859375,460.25,13288720
2024-09-06 14:30:00+00:00,450.0299987792969,453.79998779296875,449.4100036621094,453.3399963378906,9957773
2024-09-06 15:30:00+00:00,448.66009521484375,451.11749267578125,448.5712890625,450.0400085449219,5483149
2024-09-06 16:30:00+00:00,449.7099914550781,451.0,448.19000244140625,448.6700134277344,3944888
2024-09-06 17:30:00+00:00,448.80999755859375,449.9200134277344,448.25,449.69000244140625,3445867
2024-09-06 18:30:00+00:00,450.1600036621094,450.67999267578125,448.5,448.82000732421875,3527377
2024-09-06 19:30:00+00:00,448.8699951171875,450.6700134277344,448.32000732421875,450.1700134277344,7718369
2024-09-09 13:30:00+00:00,452.8699951171875,455.1600036621094,452.4649963378906,453.1199951171875,8871221
2024-09-09 14:30:00+00:00,451.5545959472656,452.8599853515625,449.8233947753906,452.8599853515625,4785030
2024-09-09 15:30:00+00:00,454.1820068359375,454.2799987792969,451.3900146484375,451.6300048828125,3887431
2024-09-09 16:30:00+00:00,455.1199951171875,455.4599914550781,453.94000244140625,454.1969909667969,3599239
2024-09-09 17:30:00+00:00,452.2799987792969,455.1000061035156,452.20001220703125,455.05999755859375,3237554
2024-09-09 18:30:00+00:00,453.4599914550781,453.4800109863281,451.55999755859375,452.27899169921875,3381793
2024-09-09 19:30:00+00:00,454.510009765625,454.7200012207031,452.8599853515625,453.44000244140625,2895573
2024-09-10 13:30:00+00:00,456.79998779296875,457.82000732421875,454.54998779296875,456.32000732421875,7416080
2024-09-10 14:30:00+00:00,456.6700134277344,456.94000244140625,454.239990234375,456.8500061035156,2836852
2024-09-10 15:30:00+00:00,453.45001220703125,457.0299987792969,452.2300109863281,456.7699890136719,4114785
2024-09-10 16:30:00+00:00,456.0199890136719,456.739990234375,453.32000732421875,453.32000732421875,3184893
2024-09-10 17:30:00+00:00,457.92999267578125,458.4100036621094,455.8900146484375,456.0,2994012
2024-09-10 18:30:00+00:00,458.7112121582031,458.7200012207031,457.6300048828125,457.92999267578125,3619481
2024-09-10 19:30:00+00:00,458.6700134277344,459.1700134277344,458.2099914550781,458.7200012207031,3815380
2024-09-11 13:30:00+00:00,453.8900146484375,459.94000244140625,453.7349853515625,458.75,10937641
2024-09-11 14:30:00+00:00,454.69610595703125,454.8799133300781,451.2799987792969,453.9100036621094,7815141
2024-09-11 15:30:00+00:00,460.1000061035156,460.1400146484375,454.489990234375,454.6549987792969,6981344
2024-09-11 16:30:00+00:00,461.8500061035156,462.0899963378906,459.1099853515625,460.1099853515625,4547397
2024-09-11 17:30:00+00:00,465.1300048828125,465.3500061035156,461.722412109375,461.8699951171875,8541181
2024-09-11 18:30:00+00:00,467.0899963378906,467.1099853515625,464.6300048828125,465.14990234375,7611972
2024-09-11 19:30:00+00:00,468.45001220703125,469.3699951171875,466.2099914550781,467.07501220703125,6912099
2024-09-12 13:30:00+00:00,470.5299072265625,470.8399963378906,466.8999938964844,468.25,8695600
2024-09-12 14:30:00+00:00,469.3399963378906,471.7900085449219,468.55999755859375,470.5400085449219,5358323
2024-09-12 15:30:00+00:00,470.04998779296875,470.1700134277344,468.34979248046875,469.3374938964844,5113987
2024-09-12 16:30:00+00:00,472.20001220703125,472.5199890136719,469.2099914550781,470.1000061035156,3118489
2024-09-12 17:30:00+00:00,473.7699890136719,473.9100036621094,471.92999267578125,472.1700134277344,4390950
2024-09-12 18:30:00+00:00,473.1400146484375,474.0400085449219,471.0299987792969,473.7099914550781,5228272
2024-09-12 19:30:00+00:00,473.239990234375,473.6000061035156,472.2799987792969,473.1199951171875,5831611
2024-09-13 13:30:00+00:00,473.75,475.3800048828125,472.25,472.25,6751528
2024-09-13 14:30:00+00:00,475.15008544921875,475.6700134277344,472.59820556640625,473.0400085449219,4904672
2024-09-13 15:30:00+00:00,474.6163024902344,476.1099853515625,474.3399963378906,475.17498779296875,3169088
2024-09-13 16:30:00+00:00,476.2200012207031,476.2900085449219,474.1499938964844,474.63250732421875,2615602
2024-09-13 17:30:00+00:00,474.9800109863281,476.5299987792969,474.739990234375,476.17999267578125,3198916
2024-09-13 18:30:00+00:00,475.3797912597656,475.5799865722656,474.5,474.9800109863281,2899754
2024-09-13 19:30:00+00:00,475.3800048828125,475.9100036621094,474.8800048828125,475.375,3938568
2024-09-16 13:30:00+00:00,472.0578918457031,473.8598937988281,470.53009033203125,473.2449951171875,6465665
2024-09-16 14:30:00+00:00,471.92999267578125,472.55999755859375,469.8900146484375,472.0199890136719,4420841
2024-09-16 15:30:00+00:00,471.45001220703125,472.30999755859375,470.20001220703125,471.9035949707031,2412389
2024-09-16 16:30:00+00:00,471.9599914550781,472.260009765625,470.75299072265625,471.4598083496094,1618834
2024-09-16 17:30:00+00:00,473.1000061035156,473.2597961425781,471.92999267578125,471.9859924316406,2062699
2024-09-16 18:30:00+00:00,472.7699890136719,473.19000244140625,472.1990051269531,473.0899963378906,1650071
2024-09-16 19:30:00+00:00,473.2200012207031,473.54998779296875,472.590087890625,472.760009765625,2068198
2024-09-17 13:30:00+00:00,476.3699951171875,477.04998779296875,474.2300109863281,476.67999267578125,6534828
2024-09-17 14:30:00+00:00,475.54998779296875,477.6000061035156,475.1000061035156,476.3599853515625,4487508
2024-09-17 15:30:00+00:00,473.7799987792969,476.0198974609375,472.6199951171875,475.5397033691406,3581244
2024-09-17 16:30:00+00:00,473.4599914550781,473.989990234375,471.5299987792969,473.75,3775453
2024-09-17 17:30:00+00:00,473.0299987792969,473.83990478515625,470.9800109863281,473.4100036621094,2633911
2024-09-17 18:30:00+00:00,472.79998779296875,473.3420104980469,471.82000732421875,473.0350036621094,3717401
2024-09-17 19:30:00+00:00,473.510009765625,473.54998779296875,472.3340148925781,472.760009765625,2926787
2024-09-18 13:30:00+00:00,473.9888000488281,474.6300048828125,472.739990234375,474.5,4594178
2024-09-18 14:30:00+00:00,473.1650085449219,474.57000732421875,472.45001220703125,473.9493103027344,2700592
2024-09-18 15:30:00+00:00,473.3099060058594,473.3799133300781,471.25,473.1499938964844,2043602
2024-09-18 16:30:00+00:00,474.1099853515625,474.2799987792969,472.8800048828125,473.29998779296875,2019171
2024-09-18 17:30:00+00:00,476.7467041015625,478.79998779296875,472.6000061035156,474.1000061035156,9117157
2024-09-18 18:30:00+00:00,475.1499938964844,478.07000732421875,471.4200134277344,476.79998779296875,10428001
2024-09-18 19:30:00+00:00,471.32000732421875,475.7900085449219,470.8299865722656,475.16009521484375,6195280
2024-09-19 13:30:00+00:00,484.489990234375,484.5400085449219,480.489990234375,482.25,12858511
2024-09-19 14:30:00+00:00,484.6199951171875,485.17999267578125,482.5899963378906,484.4649963378906,7064607
2024-09-19 15:30:00+00:00,485.2099914550781,485.3800048828125,483.489990234375,484.6199951171875,4709843
2024-09-19 16:30:00+00:00,485.2611083984375,485.5400085449219,484.7001037597656,485.2298889160156,3545032
2024-09-19 17:30:00+00:00,485.07000732421875,486.2300109863281,484.17999267578125,485.2749938964844,4164500
2024-09-19 18:30:00+00:00,483.9599914550781,485.1300048828125,483.1400146484375,485.0799865722656,6923593
2024-09-19 19:30:00+00:00,483.4100036621094,484.69000244140625,482.95001220703125,483.94171142578125,8873204
2024-09-20 13:30:00+00:00,481.67498779296875,483.6286926269531,481.0,482.4599914550781,6904169
2024-09-20 14:30:00+00:00,479.42999267578125,482.05999755859375,478.29998779296875,481.67498779296875,7139638
2024-09-20 15:30:00+00:00,482.0799865722656,482.13861083984375,479.29998779296875,479.4200134277344,2971117
2024-09-20 16:30:00+00:00,481.7799987792969,482.5400085449219,481.50048828125,482.0400085449219,3546466
2024-09-20 17:30:00+00:00,480.6099853515625,482.3900146484375,480.20001220703125,481.7699890136719,2782376
2024-09-20 18:30:00+00:00,482.6195983886719,482.95001220703125,480.1300048828125,480.5899963378906,3627144
2024-09-20 19:30:00+00:00,482.42999267578125,483.69000244140625,482.17999267578125,482.5899963378906,4011910
2024-09-23 13:30:00+00:00,483.5450134277344,483.989990234375,481.8699951171875,482.92999267578125,6505817
2024-09-23 14:30:00+00:00,483.3599853515625,484.1400146484375,482.2799987792969,483.5400085449219,3426977
2024-09-23 15:30:00+00:00,482.69000244140625,484.0899963378906,482.0799865722656,483.3500061035156,2366721
2024-09-23 16:30:00+00:00,482.1600036621094,482.9599914550781,481.6000061035156,482.69000244140625,1818498
2024-09-23 17:30:00+00:00,482.7699890136719,483.17999267578125,481.9100036621094,482.17999267578125,1931996
2024-09-23 18:30:00+00:00,482.989990234375,483.239990234375,482.54998779296875,482.7799987792969,2741962
2024-09-23 19:30:00+00:00,483.0199890136719,483.32000732421875,482.4800109863281,483.0,1411465
2024-09-24 13:30:00+00:00,480.9700012207031,484.8900146484375,480.42999267578125,484.4599914550781,5902154
2024-09-24 14:30:00+00:00,483.9700012207031,484.2090148925781,480.1700134277344,480.9849853515625,4546593
2024-09-24 15:30:00+00:00,485.70001220703125,486.3299865722656,483.9200134277344,483.9800109863281,4759595
2024-09-24 16:30:00+00:00,485.30999755859375,486.260009765625,484.8399963378906,485.7200012207031,2091263
2024-09-24 17:30:00+00:00,484.7200012207031,485.8380126953125,484.4800109863281,485.3290100097656,1527786
2024-09-24 18:30:00+00:00,484.8700866699219,485.0899963378906,483.8699951171875,484.7300109863281,2562774
2024-09-24 19:30:00+00:00,485.3500061035156,485.4800109863281,484.6199951171875,484.8900146484375,2832234
2024-09-25 13:30:00+00:00,486.70001220703125,487.75,484.989990234375,485.0,5881940
2024-09-25 14:30:00+00:00,486.1400146484375,487.1700134277344,486.1199951171875,486.67999267578125,2439288
2024-09-25 15:30:00+00:00,486.30999755859375,487.0350036621094,485.3800048828125,486.1099853515625,3208602
2024-09-25 16:30:00+00:00,485.6506042480469,486.3999938964844,484.55999755859375,486.30108642578125,2109596
2024-09-25 17:30:00+00:00,486.0398864746094,486.23590087890625,484.6300048828125,485.6199951171875,2626746
2024-09-25 18:30:00+00:00,485.6499938964844,486.1099853515625,485.44000244140625,486.0299987792969,3658174
2024-09-25 19:30:00+00:00,485.92999267578125,486.07000732421875,485.44000244140625,485.6199951171875,3481191
2024-09-26 13:30:00+00:00,489.5899963378906,493.0299987792969,489.42999267578125,492.75,8062230
2024-09-26 14:30:00+00:00,487.4549865722656,490.0849914550781,485.79998779296875,489.6600036621094,6351469
2024-09-26 15:30:00+00:00,487.3999938964844,489.0404968261719,486.7699890136719,487.3800048828125,3000179
2024-09-26 16:30:00+00:00,487.2720031738281,487.739990234375,485.8399963378906,487.489990234375,2192297
2024-09-26 17:30:00+00:00,489.57000732421875,489.6000061035156,487.2300109863281,487.2506103515625,3725640
2024-09-26 18:30:00+00:00,489.5799865722656,489.9599914550781,488.9200134277344,489.57000732421875,2353117
2024-09-26 19:30:00+00:00,489.44000244140625,489.864990234375,489.04998779296875,489.59368896484375,3658796
2024-09-27 13:30:00+00:00,488.9200134277344,490.3800048828125,488.239990234375,490.0,4800762
2024-09-27 14:30:00+00:00,487.8699951171875,489.3500061035156,487.29998779296875,488.9100036621094,3626533
2024-09-27 15:30:00+00:00,487.4800109863281,488.23919677734375,486.4800109863281,487.8900146484375,2833069
2024-09-27 16:30:00+00:00,487.0150146484375,488.2799987792969,487.0150146484375,487.4200134277344,1905787
2024-09-27 17:30:00+00:00,486.2099914550781,488.42999267578125,486.20001220703125,487.0199890136719,2320926
2024-09-27 18:30:00+00:00,487.1600036621094,487.7149963378906,485.57000732421875,486.260009765625,2720848
2024-09-27 19:30:00+00:00,486.7799987792969,487.34991455078125,486.5199890136719,487.1387939453125,3077666
2024-09-30 13:30:00+00:00,485.9200134277344,487.7900085449219,484.5899963378906,485.75,5363826
2024-09-30 14:30:00+00:00,486.8900146484375,486.8999938964844,485.3999938964844,485.94000244140625,2503529
2024-09-30 15:30:00+00:00,487.1499938964844,487.5799865722656,485.5202941894531,487.06988525390625,3182866
2024-09-30 16:30:00+00:00,485.7200012207031,487.2380065917969,485.55999755859375,487.1400146484375,1910943
2024-09-30 17:30:00+00:00,483.7850036621094,486.6099853515625,482.92999267578125,485.70001220703125,3987854
2024-09-30 18:30:00+00:00,485.1991882324219,485.7200012207031,483.29998779296875,483.760009765625,4866562
2024-09-30 19:30:00+00:00,488.04998779296875,488.4100036621094,484.9200134277344,485.17999267578125,5916719
2024-10-01 13:30:00+00:00,479.5299987792969,488.0,478.94000244140625,487.8299865722656,12078632
2024-10-01 14:30:00+00:00,479.2149963378906,480.8900146484375,477.4800109863281,479.0799865722656,6429398
2024-10-01 15:30:00+00:00,480.614990234375,481.6130065917969,478.8999938964844,479.2099914550781,3539172
2024-10-01 16:30:00+00:00,478.2099914550781,480.7900085449219,478.05999755859375,480.55999755859375,4491299
2024-10-01 17:30:00+00:00,483.05999755859375,483.1400146484375,478.010009765625,478.2099914550781,5819518
2024-10-01 18:30:00+00:00,482.5950012207031,483.55999755859375,482.1000061035156,483.010009765625,4019113
2024-10-01 19:30:00+00:00,481.1700134277344,482.54998779296875,480.6000061035156,482.54998779296875,3563948
2024-10-02 13:30:00+00:00,481.8999938964844,482.04998779296875,477.739990234375,480.36248779296875,7114545
2024-10-02 14:30:00+00:00,483.07000732421875,483.8800048828125,481.30999755859375,481.8299865722656,3953086
2024-10-02 15:30:00+00:00,483.3800048828125,483.7699890136719,482.4700012207031,483.1499938964844,2329210
2024-10-02 16:30:00+00:00,482.19000244140625,483.375,481.1300048828125,483.375,2377199
2024-10-02 17:30:00+00:00,482.2699890136719,483.1300048828125,481.010009765625,482.1499938964844,2157319
2024-10-02 18:30:00+00:00,482.8500061035156,482.8999938964844,481.86749267578125,482.2200012207031,1367133
2024-10-02 19:30:00+00:00,481.94000244140625,483.1300048828125,481.8349914550781,482.8900146484375,2238302
2024-10-03 13:30:00+00:00,481.0,484.5450134277344,479.3699951171875,479.8599853515625,7032845
2024-10-03 14:30:00+00:00,481.69500732421875,482.6000061035156,479.8086853027344,480.9599914550781,3939600
2024-10-03 15:30:00+00:00,482.57000732421875,483.25250244140625,481.6499938964844,481.6650085449219,1961000
2024-10-03 16:30:00+00:00,480.5566101074219,482.6299133300781,478.989990234375,482.57000732421875,4034763
2024-10-03 17:30:00+00:00,480.70989990234375,481.29998779296875,479.94000244140625,480.4801025390625,1831395
2024-10-03 18:30:00+00:00,480.0404052734375,481.05999755859375,479.82000732421875,480.71990966796875,1685032
2024-10-03 19:30:00+00:00,481.6199951171875,482.0299987792969,479.9599914550781,480.0799865722656,2994931
2024-10-04 13:30:00+00:00,482.9599914550781,487.7099914550781,482.385009765625,487.510009765625,9901686
2024-10-04 14:30:00+00:00,483.510009765625,485.8500061035156,482.5199890136719,483.0199890136719,4095473
2024-10-04 15:30:00+00:00,484.510009765625,485.55999755859375,482.8900146484375,483.4338073730469,2919821
2024-10-04 16:30:00+00:00,485.4700012207031,486.3399963378906,484.29998779296875,484.4797058105469,1890651
2024-10-04 17:30:00+00:00,485.489990234375,486.0799865722656,484.0199890136719,485.4700012207031,2407090
2024-10-04 18:30:00+00:00,486.6711120605469,486.8500061035156,485.26361083984375,485.489990234375,2269000
2024-10-04 19:30:00+00:00,487.489990234375,487.8699951171875,486.5400085449219,486.6700134277344,3787459
2024-10-07 13:30:00+00:00,486.3699951171875,486.4200134277344,484.25,485.4200134277344,4501653
2024-10-07 14:30:00+00:00,485.9700012207031,486.57000732421875,484.9700012207031,486.3900146484375,2418668
2024-10-07 15:30:00+00:00,485.7799987792969,486.2799987792969,484.7099914550781,485.9800109863281,2154998
2024-10-07 16:30:00+00:00,485.1400146484375,486.0,484.94000244140625,485.7900085449219,1192589
2024-10-07 17:30:00+00:00,484.6499938964844,485.7691955566406,484.41900634765625,485.1099853515625,2788299
2024-10-07 18:30:00+00:00,482.010009765625,484.6499938964844,481.1600036621094,484.6499938964844,5189338
2024-10-07 19:30:00+00:00,482.05999755859375,482.7900085449219,480.8699951171875,482.0299987792969,4054276
2024-10-08 13:30:00+00:00,486.5325012207031,486.9599914550781,483.8450012207031,484.6600036621094,6376331
2024-10-08 14:30:00+00:00,487.6499938964844,488.6499938964844,486.43109130859375,486.5400085449219,5305847
2024-10-08 15:30:00+00:00,487.7749938964844,488.2900085449219,486.8999938964844,487.70001220703125,1948215
2024-10-08 16:30:00+00:00,486.8399963378906,488.0400085449219,486.0799865722656,487.7300109863281,2398125
2024-10-08 17:30:00+00:00,487.7900085449219,487.92120361328125,486.67010498046875,486.8800048828125,1690743
2024-10-08 18:30:00+00:00,489.0299987792969,489.18499755859375,487.4700012207031,487.79998779296875,3104173
2024-10-08 19:30:00+00:00,489.3299865722656,489.989990234375,488.8900146484375,489.0199890136719,4312819
2024-10-09 13:30:00+00:00,490.4200134277344,490.70001220703125,487.9599914550781,489.04998779296875,5410807
2024-10-09 14:30:00+00:00,491.4693908691406,491.7699890136719,489.7699890136719,490.44000244140625,2836473
2024-10-09 15:30:00+00:00,492.0849914550781,492.8999938964844,491.0299987792969,491.45489501953125,3767435
2024-10-09 16:30:00+00:00,492.239990234375,492.3799133300781,491.32000732421875,492.0849914550781,3171639
2024-10-09 17:30:00+00:00,493.1090087890625,493.2200012207031,490.7300109863281,492.177490234375,2183574
2024-10-09 18:30:00+00:00,492.5799865722656,493.125,491.92999267578125,493.0899963378906,2781827
2024-10-09 19:30:00+00:00,493.17999267578125,493.7300109863281,492.54998779296875,492.57000732421875,2949555
2024-10-10 13:30:00+00:00,491.9570007324219,492.2799987792969,489.5299987792969,490.8699951171875,6497428
2024-10-10 14:30:00+00:00,492.6789855957031,492.8399963378906,490.989990234375,491.9800109863281,3222771
2024-10-10 15:30:00+00:00,493.5400085449219,494.45001220703125,492.32000732421875,492.6700134277344,4295195
2024-10-10 16:30:00+00:00,493.30999755859375,493.635009765625,492.010009765625,493.55999755859375,3478650
2024-10-10 17:30:00+00:00,492.0400085449219,493.6400146484375,491.3900146484375,493.30999755859375,1828883
2024-10-10 18:30:00+00:00,492.2850036621094,492.4849853515625,491.2300109863281,492.0350036621094,2094658
2024-10-10 19:30:00+00:00,492.6000061035156,492.9599914550781,491.8599853515625,492.2799987792969,2770920
2024-10-11 13:30:00+00:00,493.510009765625,494.1000061035156,490.1700134277344,490.739990234375,5595338
2024-10-11 14:30:00+00:00,492.8399963378906,494.0199890136719,491.92999267578125,493.5050048828125,3680499
2024-10-11 15:30:00+00:00,493.1400146484375,493.8299865722656,492.7550048828125,492.8788146972656,2251770
2024-10-11 16:30:00+00:00,493.1300048828125,493.2650146484375,492.2699890136719,493.05999755859375,1551882
2024-10-11 17:30:00+00:00,493.5299072265625,493.95001220703125,492.88360595703125,493.1199951171875,1276683
2024-10-11 18:30:00+00:00,494.1000061035156,494.3800048828125,492.7699890136719,493.5799865722656,1943802
2024-10-11 19:30:00+00:00,493.3399963378906,494.25,493.2799987792969,494.05999755859375,2099676
2024-10-14 13:30:00+00:00,497.9700012207031,498.8299865722656,495.5400085449219,495.760009765625,6799922
2024-10-14 14:30:00+00:00,495.7590026855469,498.1199951171875,495.2900085449219,497.9649963378906,5420693
2024-10-14 15:30:00+00:00,497.1000061035156,497.17999267578125,495.260009765625,495.760009765625,1850973
2024-10-14 16:30:00+00:00,497.1600036621094,497.5249938964844,496.840087890625,497.1000061035156,3324975
2024-10-14 17:30:00+00:00,497.3399963378906,497.659912109375,496.8699951171875,497.1600036621094,2033268
2024-10-14 18:30:00+00:00,497.9049987792969,497.95001220703125,497.2601013183594,497.3599853515625,2490173
2024-10-14 19:30:00+00:00,497.5,498.5899963378906,497.2799987792969,497.8900146484375,2761842
2024-10-15 13:30:00+00:00,495.0,498.5,494.8800048828125,497.8299865722656,5312747
2024-10-15 14:30:00+00:00,492.17999267578125,494.94000244140625,490.55999755859375,494.94000244140625,8207933
2024-10-15 15:30:00+00:00,491.8500061035156,493.0199890136719,490.7510070800781,492.1600036621094,3886301
2024-10-15 16:30:00+00:00,491.0299987792969,492.5799865722656,490.6499938964844,491.8786926269531,2724425
2024-10-15 17:30:00+00:00,491.32000732421875,491.92999267578125,490.7608947753906,491.0199890136719,2106780
2024-10-15 18:30:00+00:00,489.6549987792969,491.6300048828125,488.9800109863281,491.29998779296875,4073064
2024-10-15 19:30:00+00:00,490.7799987792969,490.9200134277344,488.7200012207031,489.70001220703125,6075055
2024-10-16 13:30:00+00:00,490.6000061035156,491.2300109863281,487.57000732421875,491.1099853515625,7739481
2024-10-16 14:30:00+00:00,490.1400146484375,490.8699951171875,488.5199890136719,490.6000061035156,2793545
2024-10-16 15:30:00+00:00,489.8949890136719,490.4800109863281,489.1015930175781,490.1300048828125,1966296
2024-10-16 16:30:00+00:00,490.1000061035156,490.92999267578125,489.69000244140625,489.8999938964844,1753850
2024-10-16 17:30:00+00:00,491.489990234375,491.69000244140625,490.0350036621094,490.05999755859375,2215952
2024-10-16 18:30:00+00:00,490.970703125,491.67999267578125,490.79998779296875,491.4599914550781,1942715
2024-10-16 19:30:00+00:00,490.9200134277344,491.1400146484375,490.57000732421875,490.9800109863281,2501941
2024-10-17 13:30:00+00:00,493.3699035644531,496.489990234375,491.54010009765625,496.3599853515625,9144673
2024-10-17 14:30:00+00:00,493.5899963378906,493.6499938964844,491.57000732421875,493.4162902832031,3228595
2024-10-17 15:30:00+00:00,494.2850036621094,495.3500061035156,493.400390625,493.57000732421875,2446540
2024-10-17 16:30:00+00:00,494.04998779296875,494.6199951171875,493.45001220703125,494.2699890136719,1983640
2024-10-17 17:30:00+00:00,492.1400146484375,494.70001220703125,491.69000244140625,494.04998779296875,2462901
2024-10-17 18:30:00+00:00,491.8299865722656,493.1199951171875,491.4700012207031,492.1400146484375,2901359
2024-10-17 19:30:00+00:00,491.3500061035156,492.0199890136719,491.1900939941406,491.8299865722656,2886059
2024-10-18 13:30:00+00:00,494.8999938964844,495.44000244140625,493.29998779296875,494.04998779296875,5339099
2024-10-18 14:30:00+00:00,495.19000244140625,495.2699890136719,493.7699890136719,494.8900146484375,4888052
2024-10-18 15:30:00+00:00,493.9949951171875,495.57000732421875,493.54998779296875,495.20001220703125,3537255
2024-10-18 16:30:00+00:00,494.69000244140625,495.44000244140625,494.0,494.0,2406546
2024-10-18 17:30:00+00:00,494.94000244140625,495.0799865722656,493.7200012207031,494.7200012207031,1559233
2024-10-18 18:30:00+00:00,494.70001220703125,495.055908203125,494.17999267578125,494.9649963378906,2097156
2024-10-18 19:30:00+00:00,494.510009765625,494.69000244140625,493.8900146484375,494.67999267578125,4378018
2024-10-21 13:30:00+00:00,495.1499938964844,496.2300109863281,493.1199951171875,493.260009765625,5520782
2024-10-21 14:30:00+00:00,491.6513977050781,495.260009765625,491.30999755859375,495.1400146484375,5716794
2024-10-21 15:30:00+00:00,493.57000732421875,494.1260070800781,491.489990234375,491.57000732421875,4296629
2024-10-21 16:30:00+00:00,494.2900085449219,494.7699890136719,493.20001220703125,493.5799865722656,2197732
2024-10-21 17:30:00+00:00,494.21270751953125,494.9090881347656,493.8800964355469,494.29998779296875,2288339
2024-10-21 18:30:00+00:00,494.45001220703125,494.8299865722656,493.67999267578125,494.2099914550781,2912642
2024-10-21 19:30:00+00:00,495.4700012207031,495.5299987792969,493.9700012207031,494.44000244140625,3636173
2024-10-22 13:30:00+00:00,494.7500915527344,495.5,491.9700012207031,492.739990234375,7360726
2024-10-22 14:30:00+00:00,494.5350036621094,495.30999755859375,493.8599853515625,494.8599853515625,3116875
2024-10-22 15:30:00+00:00,493.57000732421875,494.8299865722656,493.3900146484375,494.510009765625,2123286
2024-10-22 16:30:00+00:00,495.0849914550781,495.2099914550781,493.2699890136719,493.5400085449219,2789283
2024-10-22 17:30:00+00:00,496.2799987792969,497.44500732421875,495.0600891113281,495.1199951171875,4729947
2024-10-22 18:30:00+00:00,496.1600036621094,496.32000732421875,495.3800048828125,496.2699890136719,2077868
2024-10-22 19:30:00+00:00,496.0299987792969,496.739990234375,495.92999267578125,496.1424865722656,2753563
2024-10-23 13:30:00+00:00,493.1919860839844,494.239990234375,491.45001220703125,493.5799865722656,6191924
2024-10-23 14:30:00+00:00,490.5824890136719,494.1169128417969,490.489990234375,493.1700134277344,5067798
2024-10-23 15:30:00+00:00,489.37799072265625,491.79998779296875,489.2926025390625,490.54998779296875,3881300
2024-10-23 16:30:00+00:00,487.7132873535156,489.9200134277344,487.0299987792969,489.3598937988281,5216423
2024-10-23 17:30:00+00:00,486.0799865722656,487.69000244140625,485.04998779296875,487.6637878417969,5363114
2024-10-23 18:30:00+00:00,487.5849914550781,487.92999267578125,485.9100036621094,486.05999755859375,4949632
2024-10-23 19:30:00+00:00,488.3699951171875,488.6199951171875,487.19000244140625,487.5899963378906,4326799
2024-10-24 13:30:00+00:00,490.7300109863281,492.2279968261719,490.29998779296875,492.1300048828125,5795425
2024-10-24 14:30:00+00:00,491.3699951171875,492.1000061035156,490.489990234375,490.739990234375,2517323
2024-10-24 15:30:00+00:00,491.0098876953125,491.5700988769531,489.44000244140625,491.30999755859375,2320987
2024-10-24 16:30:00+00:00,491.7699890136719,492.46661376953125,491.0199890136719,491.0199890136719,2240161
2024-10-24 17:30:00+00:00,491.92999267578125,492.360107421875,491.04998779296875,491.760009765625,1611838
2024-10-24 18:30:00+00:00,492.5400085449219,492.6000061035156,491.3900146484375,491.94000244140625,1771231
2024-10-24 19:30:00+00:00,492.3299865722656,493.0,492.1549987792969,492.4800109863281,3240348
2024-10-25 13:30:00+00:00,499.95001220703125,500.2799987792969,495.1300048828125,495.1600036621094,10645744
2024-10-25 14:30:00+00:00,498.57000732421875,500.1549987792969,498.25,499.95001220703125,5862243
2024-10-25 15:30:00+00:00,499.21990966796875,499.2200012207031,497.85009765625,498.5400085449219,4033102
2024-10-25 16:30:00+00:00,496.95001220703125,499.29998779296875,496.6520080566406,499.22100830078125,3691860
2024-10-25 17:30:00+00:00,496.2401123046875,497.20001220703125,494.42999267578125,496.94000244140625,5668551
2024-10-25 18:30:00+00:00,495.7349853515625,496.8299865722656,495.260009765625,496.2698974609375,2955576
2024-10-25 19:30:00+00:00,495.260009765625,496.05999755859375,494.94000244140625,495.739990234375,3021188
2024-10-28 13:30:00+00:00,497.79010009765625,498.5150146484375,496.1700134277344,498.4599914550781,5124601
2024-10-28 14:30:00+00:00,496.864990234375,498.2300109863281,496.2200012207031,497.82000732421875,2508557
2024-10-28 15:30:00+00:00,496.80999755859375,497.1199951171875,495.82501220703125,496.8599853515625,2244352
2024-10-28 16:30:00+00:00,496.3299865722656,496.8399963378906,495.6000061035156,496.7799987792969,2103569
2024-10-28 17:30:00+00:00,496.2298889160156,496.8800048828125,496.1000061035156,496.42999267578125,1236715
2024-10-28 18:30:00+00:00,496.125,496.57611083984375,495.57000732421875,496.2300109863281,2883511
2024-10-28 19:30:00+00:00,495.3699951171875,496.3599853515625,495.1000061035156,496.1413879394531,3062881
2024-10-29 13:30:00+00:00,496.4700012207031,497.9198913574219,493.8500061035156,495.739990234375,5290984
2024-10-29 14:30:00+00:00,497.7799987792969,498.04998779296875,496.489990234375,496.489990234375,2885534
2024-10-29 15:30:00+00:00,498.2300109863281,498.8900146484375,497.4100036621094,497.7900085449219,3005011
2024-10-29 16:30:00+00:00,499.4150085449219,499.9200134277344,497.5299987792969,498.2300109863281,3141983
2024-10-29 17:30:00+00:00,500.1600036621094,500.17840576171875,499.2099914550781,499.42999267578125,2080595
2024-10-29 18:30:00+00:00,501.2349853515625,501.3489074707031,500.0299987792969,500.1499938964844,3541470
2024-10-29 19:30:00+00:00,500.1400146484375,501.3399963378906,499.7908935546875,501.2300109863281,4522453
2024-10-30 13:30:00+00:00,500.1050109863281,500.3500061035156,496.6000061035156,499.3500061035156,6945975
2024-10-30 14:30:00+00:00,499.94000244140625,500.1600036621094,498.1499938964844,500.1000061035156,2866806
2024-10-30 15:30:00+00:00,499.1499938964844,499.989990234375,498.8699951171875,499.94000244140625,1919785
2024-10-30 16:30:00+00:00,498.4200134277344,499.6000061035156,498.3399963378906,499.1400146484375,1588582
2024-10-30 17:30:00+00:00,497.8699951171875,498.6300048828125,496.9800109863281,498.3819885253906,3523291
2024-10-30 18:30:00+00:00,497.239990234375,498.4599914550781,496.8900146484375,497.80999755859375,3243624
2024-10-30 19:30:00+00:00,496.3800048828125,497.55499267578125,495.8900146484375,497.2349853515625,6077219
2024-10-31 13:30:00+00:00,486.9700012207031,492.42999267578125,486.4700012207031,492.3800048828125,10128560
2024-10-31 14:30:00+00:00,485.94000244140625,487.3599853515625,484.8699951171875,486.94000244140625,5321152
2024-10-31 15:30:00+00:00,485.7099914550781,486.1499938964844,484.17999267578125,485.9100036621094,4407874
2024-10-31 16:30:00+00:00,485.2699890136719,486.3599853515625,485.20001220703125,485.7099914550781,2937147
2024-10-31 17:30:00+00:00,484.5400085449219,485.3900146484375,483.95001220703125,485.25,3919065
2024-10-31 18:30:00+00:00,485.5299987792969,486.0299987792969,483.82000732421875,484.5400085449219,4194429
2024-10-31 19:30:00+00:00,483.8900146484375,486.7799987792969,483.75,485.5299987792969,6338630
2024-11-01 13:30:00+00:00,490.3497009277344,490.3497009277344,485.2099914550781,485.4599914550781,8350837
2024-11-01 14:30:00+00:00,490.6499938964844,490.7507019042969,487.6300048828125,490.3599853515625,4723180
2024-11-01 15:30:00+00:00,489.1400146484375,490.7300109863281,488.8800048828125,490.6700134277344,1874808
2024-11-01 16:30:00+00:00,489.7799987792969,489.92999267578125,487.94000244140625,489.1400146484375,2806341
2024-11-01 17:30:00+00:00,487.739990234375,489.82000732421875,486.94000244140625,489.7799987792969,4409978
2024-11-01 18:30:00+00:00,487.6600036621094,488.7300109863281,487.42999267578125,487.7101135253906,3302518
2024-11-01 19:30:00+00:00,487.3999938964844,488.3800048828125,486.79998779296875,487.6400146484375,4952908
2024-11-04 14:30:00+00:00,488.340087890625,488.8299865722656,484.2544860839844,486.79998779296875,5096011
2024-11-04 15:30:00+00:00,488.2200012207031,489.3800048828125,487.8240051269531,488.3800048828125,2625264
2024-11-04 16:30:00+00:00,486.67999267578125,488.2900085449219,484.68499755859375,488.2200012207031,3677088
2024-11-04 17:30:00+00:00,487.25,487.9288024902344,486.0,486.67999267578125,1955655
2024-11-04 18:30:00+00:00,487.1600036621094,488.1400146484375,487.0199890136719,487.1499938964844,1728299
2024-11-04 19:30:00+00:00,486.77069091796875,487.8299865722656,486.54998779296875,487.1000061035156,2272879
2024-11-04 20:30:00+00:00,485.9599914550781,486.8070068359375,485.635009765625,486.6925048828125,3937438
2024-11-05 14:30:00+00:00,490.3500061035156,491.6000061035156,487.5199890136719,487.6199951171875,5281916
2024-11-05 15:30:00+00:00,491.1199951171875,491.4800109863281,489.55999755859375,490.3500061035156,3401408
2024-11-05 16:30:00+00:00,492.3299865722656,492.8800048828125,491.1700134277344,491.19000244140625,2635741
2024-11-05 17:30:00+00:00,491.6799011230469,492.8800048828125,491.66009521484375,492.3699951171875,1978555
2024-11-05 18:30:00+00:00,491.5701904296875,492.0,490.860107421875,491.6900939941406,1928787
2024-11-05 19:30:00+00:00,491.9599914550781,492.0199890136719,490.7315979003906,491.6299133300781,3004834
2024-11-05 20:30:00+00:00,492.25,492.409912109375,491.30999755859375,491.95001220703125,2953535
2024-11-06 14:30:00+00:00,503.19000244140625,503.4599914550781,499.6000061035156,500.7300109863281,14047047
2024-11-06 15:30:00+00:00,502.69000244140625,503.7893981933594,500.7200012207031,503.20001220703125,4258924
2024-11-06 16:30:00+00:00,503.239990234375,503.5899963378906,502.57000732421875,502.739990234375,3306792
2024-11-06 17:30:00+00:00,504.67999267578125,504.67999267578125,502.9440002441406,503.260009765625,4954231
2024-11-06 18:30:00+00:00,505.32000732421875,505.3399963378906,504.3406066894531,504.6700134277344,2903123
2024-11-06 19:30:00+00:00,505.7449951171875,506.1099853515625,504.8399963378906,505.30999755859375,3697084
2024-11-06 20:30:00+00:00,505.6199951171875,506.4100036621094,505.1700134277344,505.75909423828125,5044562
2024-11-07 14:30:00+00:00,510.9200134277344,511.34991455078125,508.3399963378906,508.47198486328125,7813980
2024-11-07 15:30:00+00:00,511.9599914550781,512.3400268554688,510.35009765625,510.926513671875,3489801
2024-11-07 16:30:00+00:00,512.5599975585938,512.989013671875,511.8599853515625,511.94000244140625,2848565
2024-11-07 17:30:00+00:00,512.4000244140625,512.9600219726562,512.0,512.530029296875,2427359
2024-11-07 18:30:00+00:00,512.6900024414062,513.1500244140625,511.8800048828125,512.3800048828125,3583516
2024-11-07 19:30:00+00:00,513.8200073242188,514.3300170898438,512.051025390625,512.6701049804688,4246930
2024-11-07 20:30:00+00:00,513.5999755859375,514.2474975585938,513.1749877929688,513.8099975585938,5222144
2024-11-08 14:30:00+00:00,513.1900024414062,514.156005859375,512.4199829101562,513.1199951171875,5445805
2024-11-08 15:30:00+00:00,513.5999145507812,513.822509765625,512.6699829101562,513.1799926757812,2214214
2024-11-08 16:30:00+00:00,513.4500122070312,514.219970703125,513.239990234375,513.6300048828125,3492828
2024-11-08 17:30:00+00:00,514.1500244140625,514.2249755859375,513.3900146484375,513.4400024414062,1306745
2024-11-08 18:30:00+00:00,514.7899780273438,514.91748046875,514.1300048828125,514.1500244140625,3354895
2024-11-08 19:30:00+00:00,513.8200073242188,514.9099731445312,513.6699829101562,514.77001953125,2074925
2024-11-08 20:30:00+00:00,514.1599731445312,514.1699829101562,513.5599975585938,513.8300170898438,2491318
2024-11-11 14:30:00+00:00,513.0800170898438,515.5700073242188,512.239990234375,515.4299926757812,6203044
2024-11-11 15:30:00+00:00,513.4990234375,514.4299926757812,513.1099243164062,513.1500244140625,2771765
2024-11-11 16:30:00+00:00,512.6699829101562,513.77001953125,512.489990234375,513.5399780273438,2046883
2024-11-11 17:30:00+00:00,511.94000244140625,513.0900268554688,510.9200134277344,512.6400146484375,2756387
2024-11-11 18:30:00+00:00,512.3900756835938,513.2890014648438,511.8800964355469,511.9200134277344,2385660
2024-11-11 19:30:00+00:00,513.1849975585938,513.3400268554688,512.28369140625,512.4099731445312,2624962
2024-11-11 20:30:00+00:00,513.8300170898438,513.9400024414062,512.9600830078125,513.1799926757812,3006063
2024-11-12 14:30:00+00:00,513.75,514.6599731445312,512.9124755859375,513.739990234375,4712875
2024-11-12 15:30:00+00:00,512.7899780273438,514.219970703125,512.510009765625,513.77001953125,2574743
2024-11-12 16:30:00+00:00,512.33251953125,513.1799926757812,511.69000244140625,512.8499755859375,2760495
2024-11-12 17:30:00+00:00,511.44000244140625,512.5999755859375,509.8299865722656,512.3250122070312,3719143
2024-11-12 18:30:00+00:00,513.0800170898438,513.4500122070312,511.4100036621094,511.4200134277344,2565746
2024-11-12 19:30:00+00:00,512.9400024414062,513.5700073242188,512.5900268554688,513.1099853515625,2732164
2024-11-12 20:30:00+00:00,512.9099731445312,513.4398803710938,512.5106811523438,512.8900146484375,3988952
2024-11-13 14:30:00+00:00,510.9800109863281,513.0399780273438,509.9664001464844,512.4600219726562,5291168
2024-11-13 15:30:00+00:00,512.2999877929688,512.3400268554688,510.6424865722656,510.9800109863281,2255235
2024-11-13 16:30:00+00:00,513.0518188476562,513.7000122070312,511.1099853515625,512.3599853515625,2701560
2024-11-13 17:30:00+00:00,514.030029296875,514.22998046875,512.6400146484375,513.0700073242188,2226113
2024-11-13 18:30:00+00:00,513.5,514.97998046875,513.3200073242188,514.010009765625,2851973
2024-11-13 19:30:00+00:00,512.842529296875,513.6799926757812,512.1201171875,513.509521484375,2650046
2024-11-13 20:30:00+00:00,512.27001953125,513.7799072265625,511.45001220703125,512.8200073242188,3738750
2024-11-14 14:30:00+00:00,510.9700012207031,512.7899780273438,509.5600891113281,512.030029296875,4935129
2024-11-14 15:30:00+00:00,511.2666015625,511.9100036621094,510.3800048828125,510.9100036621094,2163681
2024-11-14 16:30:00+00:00,510.0799865722656,511.95001220703125,509.8800048828125,511.239990234375,1933639
2024-11-14 17:30:00+00:00,510.8622131347656,511.45001220703125,508.9599914550781,510.0299987792969,3493738
2024-11-14 18:30:00+00:00,510.1099853515625,511.0,509.1099853515625,510.8699951171875,3852033
2024-11-14 19:30:00+00:00,509.04998779296875,510.69000244140625,508.2578125,510.0400085449219,4960907
2024-11-14 20:30:00+00:00,508.6700134277344,509.25,507.7699890136719,509.05499267578125,4620955
2024-11-15 14:30:00+00:00,498.8774108886719,503.30999755859375,498.70001220703125,502.92999267578125,11647451
2024-11-15 15:30:00+00:00,498.6600036621094,499.3699951171875,497.5350036621094,498.8599853515625,8950972
2024-11-15 16:30:00+00:00,496.61749267578125,498.92999267578125,496.1400146484375,498.67999267578125,6435229
2024-11-15 17:30:00+00:00,496.1400146484375,497.05999755859375,495.4800109863281,496.6099853515625,5231580
2024-11-15 18:30:00+00:00,494.8799133300781,496.1300048828125,494.5,496.1300048828125,5329481
2024-11-15 19:30:00+00:00,496.239990234375,496.7900085449219,494.8599853515625,494.864990234375,5016862
2024-11-15 20:30:00+00:00,496.4599914550781,496.9599914550781,495.5299987792969,496.2799987792969,4916541
2024-11-18 14:30:00+00:00,500.4100036621094,500.42999267578125,496.7300109863281,498.1400146484375,7149448
2024-11-18 15:30:00+00:00,501.4849853515625,501.9877014160156,500.360107421875,500.4100036621094,3772508
2024-11-18 16:30:00+00:00,500.54998779296875,502.1400146484375,500.0899963378906,501.4800109863281,2983109
2024-11-18 17:30:00+00:00,500.32000732421875,500.8500061035156,499.6099853515625,500.510009765625,2330626
2024-11-18 18:30:00+00:00,499.20989990234375,500.739990234375,499.05999755859375,500.3299865722656,2847964
2024-11-18 19:30:00+00:00,500.45001220703125,500.53900146484375,499.0,499.2250061035156,2401634
2024-11-18 20:30:00+00:00,500.0,500.45001220703125,499.5038146972656,500.4200134277344,3657623
2024-11-19 14:30:00+00:00,499.4200134277344,499.44000244140625,497.0799865722656,497.4200134277344,5966945
2024-11-19 15:30:00+00:00,501.3399963378906,501.45001220703125,498.9100036621094,499.3900146484375,3079757
2024-11-19 16:30:00+00:00,501.39208984375,501.7298889160156,500.3900146484375,501.3399963378906,2415963
2024-11-19 17:30:00+00:00,502.45001220703125,502.45989990234375,501.25,501.3800048828125,1893794
2024-11-19 18:30:00+00:00,502.8599853515625,503.95361328125,502.31500244140625,502.3299865722656,2426626
2024-11-19 19:30:00+00:00,503.0299987792969,503.1300048828125,502.0,502.8699035644531,3725002
2024-11-19 20:30:00+00:00,503.3999938964844,503.70001220703125,502.8500061035156,503.0,2912457
2024-11-20 14:30:00+00:00,497.57000732421875,503.1300048828125,496.55499267578125,502.7900085449219,8042176
2024-11-20 15:30:00+00:00,498.6499938964844,500.57000732421875,497.3800048828125,497.54998779296875,4461836
2024-11-20 16:30:00+00:00,500.2298889160156,502.0899963378906,498.239990234375,498.6536865234375,3904782
2024-11-20 17:30:00+00:00,500.1000061035156,500.8900146484375,499.0799865722656,500.17999267578125,2183015
2024-11-20 18:30:00+00:00,498.8299865722656,500.1199951171875,498.4700012207031,500.1199951171875,1713692
2024-11-20 19:30:00+00:00,500.8302001953125,500.8800048828125,498.70001220703125,498.7699890136719,2905882
2024-11-20 20:30:00+00:00,503.20001220703125,503.4700012207031,500.8900146484375,500.8900146484375,3531424
2024-11-21 14:30:00+00:00,497.9100036621094,506.9599914550781,497.7699890136719,506.2300109863281,11359228
2024-11-21 15:30:00+00:00,503.9399108886719,503.9399108886719,497.55999755859375,497.9100036621094,6330060
2024-11-21 16:30:00+00:00,504.2900085449219,504.6499938964844,501.93499755859375,503.9200134277344,3035869
2024-11-21 17:30:00+00:00,505.5350036621094,505.79998779296875,504.2099914550781,504.2850036621094,3020055
2024-11-21 18:30:00+00:00,505.18499755859375,506.05999755859375,504.201904296875,505.54998779296875,2478135
2024-11-21 19:30:00+00:00,506.1199035644531,506.30999755859375,504.70001220703125,505.2200012207031,2908814
2024-11-21 20:30:00+00:00,504.9800109863281,506.17999267578125,504.8699951171875,506.1000061035156,3105924
2024-11-22 14:30:00+00:00,503.239990234375,506.3399963378906,502.78070068359375,504.4200134277344,5811288
2024-11-22 15:30:00+00:00,504.1099853515625,505.8800048828125,503.1099853515625,503.260009765625,3027709
2024-11-22 16:30:00+00:00,505.5101013183594,505.7300109863281,503.42999267578125,504.1600036621094,2214778
2024-11-22 17:30:00+00:00,505.8399963378906,506.5299987792969,504.6099853515625,505.5199890136719,2426185
2024-11-22 18:30:00+00:00,505.2799987792969,506.3536071777344,504.5010070800781,505.75,2626360
2024-11-22 19:30:00+00:00,505.17010498046875,505.8900146484375,504.67999267578125,505.2799987792969,2516655
2024-11-22 20:30:00+00:00,505.80999755859375,506.260009765625,504.92999267578125,505.1700134277344,2602443
2024-11-25 14:30:00+00:00,507.95001220703125,511.4525146484375,506.44000244140625,509.95001220703125,8698379
2024-11-25 15:30:00+00:00,508.0,508.3500061035156,506.54998779296875,507.8949890136719,3372604
2024-11-25 16:30:00+00:00,505.2300109863281,508.6099853515625,504.95001220703125,508.010009765625,3192005
2024-11-25 17:30:00+00:00,506.4100036621094,506.8800048828125,504.26251220703125,505.17999267578125,2879587
2024-11-25 18:30:00+00:00,505.989990234375,506.82989501953125,505.3399963378906,506.3800048828125,1500631
2024-11-25 19:30:00+00:00,506.0799865722656,506.6199951171875,505.5799865722656,505.9800109863281,1701003
2024-11-25 20:30:00+00:00,506.55999755859375,506.7650146484375,505.9800109863281,506.0899963378906,3122830
2024-11-26 14:30:00+00:00,508.5,510.1400146484375,507.635009765625,508.0799865722656,6285644
2024-11-26 15:30:00+00:00,508.4599914550781,509.4700012207031,507.989990234375,508.4599914550781,2446246
2024-11-26 16:30:00+00:00,508.1357116699219,508.7799987792969,507.7200012207031,508.4200134277344,2068070
2024-11-26 17:30:00+00:00,508.56500244140625,509.1600036621094,508.0799865722656,508.1400146484375,2052534
2024-11-26 18:30:00+00:00,507.6700134277344,509.10101318359375,507.23638916015625,508.5299072265625,3169293
2024-11-26 19:30:00+00:00,508.42999267578125,508.45001220703125,507.3902893066406,507.5799865722656,4176164
2024-11-26 20:30:00+00:00,509.29998779296875,509.7099914550781,508.25,508.4800109863281,4182477
2024-11-27 14:30:00+00:00,504.3299865722656,508.1700134277344,504.0899963378906,508.1700134277344,6088472
2024-11-27 15:30:00+00:00,503.1099853515625,504.57989501953125,502.4599914550781,504.2900085449219,3754585
2024-11-27 16:30:00+00:00,503.0899963378906,504.0,501.94000244140625,503.0199890136719,2932462
2024-11-27 17:30:00+00:00,504.2099914550781,504.64990234375,502.6600036621094,503.1099853515625,2387325
2024-11-27 18:30:00+00:00,504.9800109863281,505.4812927246094,504.1050109863281,504.20001220703125,2659986
2024-11-27 19:30:00+00:00,504.8900146484375,505.6499938964844,504.67279052734375,504.95001220703125,2246938
2024-11-27 20:30:00+00:00,505.2799987792969,505.2900085449219,504.2200012207031,504.8900146484375,3383794
2024-11-29 14:30:00+00:00,508.6300048828125,509.29998779296875,505.32000732421875,505.9800109863281,5588649
2024-11-29 15:30:00+00:00,509.6600036621094,509.8599853515625,508.4208984375,508.6300048828125,3540470
2024-11-29 16:30:00+00:00,509.5,510.0799865722656,509.17010498046875,509.6400146484375,2535018
2024-12-02 14:30:00+00:00,514.4000244140625,514.739990234375,510.6300048828125,511.010009765625,6988246
2024-12-02 15:30:00+00:00,514.4400024414062,514.885009765625,513.4299926757812,514.3997192382812,2433254
2024-12-02 16:30:00+00:00,515.6400146484375,516.260009765625,514.2999877929688,514.4299926757812,3689405
2024-12-02 17:30:00+00:00,515.1217041015625,515.969970703125,514.969970703125,515.6400146484375,1766187
2024-12-02 18:30:00+00:00,514.5300903320312,515.4099731445312,514.280029296875,515.1174926757812,2213726
2024-12-02 19:30:00+00:00,515.739990234375,515.77001953125,514.530029296875,514.5599975585938,2051920
2024-12-02 20:30:00+00:00,515.2999877929688,515.8381958007812,515.1701049804688,515.7310180664062,3041386
2024-12-03 14:30:00+00:00,514.4400024414062,515.780029296875,513.3699951171875,513.9199829101562,5604467
2024-12-03 15:30:00+00:00,516.219970703125,516.22998046875,514.1400146484375,514.3800048828125,2204256
2024-12-03 16:30:00+00:00,515.0499877929688,516.47998046875,514.885009765625,516.2100219726562,1852800
2024-12-03 17:30:00+00:00,515.6599731445312,516.08837890625,514.75,515.0399780273438,1556026
2024-12-03 18:30:00+00:00,515.8099975585938,515.9652099609375,515.3300170898438,515.6306762695312,1091742
2024-12-03 19:30:00+00:00,516.3200073242188,516.5399780273438,515.7899780273438,515.8129272460938,1497133
2024-12-03 20:30:00+00:00,516.9199829101562,517.1400146484375,515.9199829101562,516.3200073242188,1929846
2024-12-04 14:30:00+00:00,521.27001953125,521.4105834960938,519.6199951171875,520.3099975585938,6670715
2024-12-04 15:30:00+00:00,521.5599975585938,522.22998046875,521.0601196289062,521.280029296875,3942804
2024-12-04 16:30:00+00:00,521.8599853515625,522.1099853515625,521.0599975585938,521.5700073242188,2149739
2024-12-04 17:30:00+00:00,521.5,522.02001953125,521.25,521.8499755859375,1553098
2024-12-04 18:30:00+00:00,522.4600830078125,522.530029296875,520.8800048828125,521.52001953125,2051467
2024-12-04 19:30:00+00:00,522.8200073242188,522.9099731445312,522.3306274414062,522.4600219726562,3359123
2024-12-04 20:30:00+00:00,523.25,523.510009765625,522.719970703125,522.8099975585938,3763106
2024-12-05 14:30:00+00:00,522.8499755859375,523.6400146484375,522.3599853515625,523.3499755859375,3946948
2024-12-05 15:30:00+00:00,523.10498046875,523.3599853515625,522.1337890625,522.9099731445312,1739456
2024-12-05 16:30:00+00:00,523.8200073242188,523.989990234375,522.760009765625,523.1300048828125,1637591
2024-12-05 17:30:00+00:00,522.4299926757812,524.0399169921875,521.989990234375,523.8101196289062,1713402
2024-12-05 18:30:00+00:00,522.3099975585938,522.97998046875,521.77001953125,522.4199829101562,2735400
2024-12-05 19:30:00+00:00,521.7598876953125,522.697998046875,521.6799926757812,522.280029296875,1545771
2024-12-05 20:30:00+00:00,521.7999877929688,522.280029296875,521.4199829101562,521.75,3134708
2024-12-06 14:30:00+00:00,525.9000244140625,526.1900024414062,522.3499755859375,522.510009765625,4965906
2024-12-06 15:30:00+00:00,525.5499877929688,526.030029296875,524.4199829101562,525.885009765625,2663923
2024-12-06 16:30:00+00:00,525.8800048828125,525.9500122070312,524.989990234375,525.510009765625,2551032
2024-12-06 17:30:00+00:00,526.5,526.719970703125,525.2025146484375,525.9299926757812,2412458
2024-12-06 18:30:00+00:00,525.52001953125,526.5,525.4108276367188,526.5,2225865
2024-12-06 19:30:00+00:00,526.2178955078125,526.2899780273438,525.3800048828125,525.530029296875,1861986
2024-12-06 20:30:00+00:00,526.510009765625,526.625,525.9299926757812,526.2100219726562,4380734
2024-12-09 14:30:00+00:00,524.0599975585938,526.3499755859375,523.8599853515625,525.52001953125,4045074
2024-12-09 15:30:00+00:00,522.9299926757812,524.6300048828125,521.219970703125,524.0800170898438,4381720
2024-12-09 16:30:00+00:00,522.8200073242188,523.25,522.3599853515625,522.9099731445312,1566942
2024-12-09 17:30:00+00:00,523.260009765625,523.389892578125,522.1199951171875,522.77001953125,1129441
2024-12-09 18:30:00+00:00,522.5,523.9600219726562,522.3300170898438,523.239990234375,1537017
2024-12-09 19:30:00+00:00,521.4149780273438,522.5888061523438,521.3300170898438,522.472412109375,2127386
2024-12-09 20:30:00+00:00,522.3699951171875,522.469970703125,521.360107421875,521.4299926757812,2702423
2024-12-10 14:30:00+00:00,524.2999877929688,525.3800048828125,522.9400024414062,523.6199951171875,4717905
2024-12-10 15:30:00+00:00,522.110107421875,524.6599731445312,522.0399780273438,524.2849731445312,2960540
2024-12-10 16:30:00+00:00,522.280029296875,522.5800170898438,521.4099731445312,522.0999755859375,2633503
2024-12-10 17:30:00+00:00,522.1799926757812,522.8200073242188,521.7164916992188,522.25,2275937
2024-12-10 18:30:00+00:00,521.5999755859375,522.4000244140625,521.1799926757812,522.22998046875,1819106
2024-12-10 19:30:00+00:00,519.6099853515625,521.6099853515625,519.5800170898438,521.5700073242188,3489111
2024-12-10 20:30:00+00:00,520.5499877929688,520.5900268554688,519.1699829101562,519.6199951171875,3846401
2024-12-11 14:30:00+00:00,527.39501953125,528.52001953125,524.5999755859375,524.9000244140625,8231493
2024-12-11 15:30:00+00:00,529.1699829101562,529.1799926757812,527.02001953125,527.4600219726562,4291160
2024-12-11 16:30:00+00:00,529.5499877929688,529.77001953125,528.6701049804688,529.1699829101562,2548482
2024-12-11 17:30:00+00:00,530.1099853515625,530.1320190429688,529.1900024414062,529.5499877929688,2438492
2024-12-11 18:30:00+00:00,530.1400146484375,530.3590087890625,529.5900268554688,530.1199951171875,2864714
2024-12-11 19:30:00+00:00,530.5098876953125,530.6099853515625,529.8200073242188,530.0900268554688,3515189
2024-12-11 20:30:00+00:00,529.9199829101562,530.5001220703125,529.8300170898438,530.5001220703125,4752886
2024-12-12 14:30:00+00:00,528.0493774414062,528.2999877929688,526.02001953125,527.6699829101562,5882958
2024-12-12 15:30:00+00:00,528.2698974609375,528.8300170898438,527.5800170898438,527.989990234375,2409604
2024-12-12 16:30:00+00:00,528.2650146484375,528.489990234375,527.1099853515625,528.280029296875,2372014
2024-12-12 17:30:00+00:00,528.5599975585938,528.9500122070312,527.5900268554688,528.2498779296875,2850789
2024-12-12 18:30:00+00:00,527.1199951171875,528.5999755859375,527.010009765625,528.5800170898438,2090114
2024-12-12 19:30:00+00:00,526.7299194335938,527.719970703125,526.6300048828125,527.0800170898438,1935442
2024-12-12 20:30:00+00:00,526.5,527.47998046875,526.5,526.72998046875,2824952
2024-12-13 14:30:00+00:00,530.6300048828125,533.1660766601562,530.2899780273438,530.4600219726562,7940680
2024-12-13 15:30:00+00:00,528.0701293945312,531.260009765625,527.3001098632812,530.6500244140625,5831496
2024-12-13 16:30:00+00:00,528.0900268554688,529.510009765625,527.5001220703125,528.1300048828125,2632781
2024-12-13 17:30:00+00:00,529.1300048828125,529.1649780273438,527.6400146484375,528.0499877929688,1922019
2024-12-13 18:30:00+00:00,530.6749877929688,530.72021484375,528.8499755859375,529.1300048828125,1708648
2024-12-13 19:30:00+00:00,530.8306884765625,530.9099731445312,529.9500122070312,530.7098999023438,3362427
2024-12-13 20:30:00+00:00,530.5,531.1500244140625,530.2803955078125,530.8099975585938,3018759
2024-12-16 14:30:00+00:00,535.380126953125,535.4000244140625,533.0,533.0,6587480
2024-12-16 15:30:00+00:00,536.3200073242188,536.6400146484375,535.0900268554688,535.3800048828125,3196487
2024-12-16 16:30:00+00:00,536.9400024414062,536.969970703125,535.5798950195312,536.3699951171875,2783348
2024-12-16 17:30:00+00:00,538.4149780273438,538.5,536.9199829101562,536.9500122070312,3025802
2024-12-16 18:30:00+00:00,538.5599975585938,538.8880004882812,538.0001220703125,538.4000244140625,4123430
2024-12-16 19:30:00+00:00,538.989990234375,539.1500244140625,538.3400268554688,538.5499877929688,2946279
2024-12-16 20:30:00+00:00,538.2000122070312,538.989990234375,537.813720703125,538.97998046875,5368227
2024-12-17 14:30:00+00:00,534.219970703125,537.0800170898438,534.1300048828125,536.375,8010728
2024-12-17 15:30:00+00:00,536.4000244140625,536.780029296875,534.1699829101562,534.2100219726562,3353034
2024-12-17 16:30:00+00:00,536.3900146484375,537.47998046875,535.3800048828125,536.4099731445312,3208063
2024-12-17 17:30:00+00:00,535.8400268554688,536.8176879882812,535.6721801757812,536.4000244140625,2154366
2024-12-17 18:30:00+00:00,535.1199951171875,536.22998046875,534.9500122070312,535.7999877929688,2849293
2024-12-17 19:30:00+00:00,534.77001953125,535.3400268554688,534.3499755859375,535.1400146484375,2705451
2024-12-17 20:30:00+00:00,535.8699951171875,536.2100219726562,534.5900268554688,534.7999877929688,3103442
2024-12-18 14:30:00+00:00,535.9199829101562,536.0,533.4600219726562,535.0999755859375,4175822
2024-12-18 15:30:00+00:00,535.919921875,536.8798828125,534.5,535.9400024414062,2458218
2024-12-18 16:30:00+00:00,535.6500854492188,536.3099975585938,535.5,535.9199829101562,1630846
2024-12-18 17:30:00+00:00,535.4849853515625,535.97998046875,535.135009765625,535.6699829101562,1012613
2024-12-18 18:30:00+00:00,530.4398803710938,535.8200073242188,530.2899780273438,535.4500122070312,5274910
2024-12-18 19:30:00+00:00,521.969970703125,531.8099975585938,521.7100219726562,530.4010009765625,13469986
2024-12-18 20:30:00+00:00,516.5399780273438,523.0599975585938,515.02001953125,521.989990234375,17988583
2024-12-19 14:30:00+00:00,516.905029296875,521.7598876953125,516.8400268554688,521.2000122070312,12797361
2024-12-19 15:30:00+00:00,519.4299926757812,519.7606811523438,516.0900268554688,516.8800048828125,6670534
2024-12-19 16:30:00+00:00,515.989990234375,520.1199951171875,515.6799926757812,519.4099731445312,4415451
2024-12-19 17:30:00+00:00,517.77001953125,517.989990234375,515.3900146484375,515.97998046875,4737932
2024-12-19 18:30:00+00:00,517.1400146484375,519.47998046875,516.7901000976562,517.77001953125,4267778
2024-12-19 19:30:00+00:00,516.7999877929688,517.8200073242188,515.5499877929688,517.1199951171875,3369039
2024-12-19 20:30:00+00:00,514.1699829101562,517.280029296875,513.8400268554688,516.8599853515625,6849619
2024-12-20 14:30:00+00:00,516.469970703125,516.5599975585938,509.29998779296875,510.3699951171875,12266909
2024-12-20 15:30:00+00:00,521.469970703125,521.6799926757812,516.4099731445312,516.4500122070312,15194531
2024-12-20 16:30:00+00:00,524.7899169921875,524.8200073242188,521.4000244140625,521.4600219726562,6095639
2024-12-20 17:30:00+00:00,521.4000244140625,524.8200073242188,521.3499755859375,524.7899780273438,4503611
2024-12-20 18:30:00+00:00,522.47998046875,522.5198974609375,520.8400268554688,521.4099731445312,3820926
2024-12-20 19:30:00+00:00,520.9299926757812,523.3599853515625,520.8200073242188,522.469970703125,4183404
2024-12-20 20:30:00+00:00,518.7999877929688,521.1799926757812,517.6599731445312,520.9199829101562,8864760
2024-12-23 14:30:00+00:00,517.7327880859375,520.8200073242188,516.1300048828125,519.5,7310733
2024-12-23 15:30:00+00:00,519.8599853515625,520.02001953125,517.280029296875,517.719970703125,3744590
2024-12-23 16:30:00+00:00,520.7921752929688,522.1199951171875,519.2000122070312,519.9299926757812,2983648
2024-12-23 17:30:00+00:00,521.9400024414062,522.2999877929688,520.5700073242188,520.8900146484375,2164291
2024-12-23 18:30:00+00:00,522.8330078125,523.2348022460938,521.8800048828125,521.9299926757812,2658408
2024-12-23 19:30:00+00:00,521.7000122070312,522.97998046875,520.6837158203125,522.85498046875,3335911
2024-12-23 20:30:00+00:00,522.9199829101562,523.1900024414062,521.6799926757812,521.7000122070312,4127282
2024-12-24 14:30:00+00:00,527.2000122070312,527.5800170898438,524.1900024414062,524.8300170898438,5569628
2024-12-24 15:30:00+00:00,528.46240234375,528.6699829101562,527.1649780273438,527.1849975585938,3451282
2024-12-24 16:30:00+00:00,528.8800048828125,529.0800170898438,527.9500122070312,528.4600219726562,2691040
2024-12-26 14:30:00+00:00,529.260009765625,529.5399780273438,526.3099975585938,528.3400268554688,5612713
2024-12-26 15:30:00+00:00,529.280029296875,529.9400024414062,528.7000732421875,529.239990234375,2068786
2024-12-26 16:30:00+00:00,530.0999755859375,531.239990234375,529.239990234375,529.280029296875,2336358
2024-12-26 17:30:00+00:00,530.2999877929688,530.7100219726562,528.8300170898438,530.1500244140625,2063679
2024-12-26 18:30:00+00:00,529.6469116210938,530.4000244140625,529.3200073242188,530.3099975585938,2327159
2024-12-26 19:30:00+00:00,530.6199951171875,530.8599853515625,529.530029296875,529.6799926757812,1607882
2024-12-26 20:30:00+00:00,529.5499877929688,530.8699951171875,529.4500122070312,530.6199951171875,2031560
2024-12-27 14:30:00+00:00,519.3599853515625,526.4299926757812,518.1500244140625,526.010009765625,8830577
2024-12-27 15:30:00+00:00,521.3499755859375,521.4450073242188,518.0399780273438,519.293212890625,4338932
2024-12-27 16:30:00+00:00,518.7000122070312,521.489990234375,517.8679809570312,521.344970703125,4015990
2024-12-27 17:30:00+00:00,519.9349975585938,520.3699951171875,517.9299926757812,518.7000122070312,2777530
2024-12-27 18:30:00+00:00,521.1799926757812,522.1900024414062,519.7100219726562,519.9199829101562,3492743
2024-12-27 19:30:00+00:00,521.280029296875,522.8599853515625,520.7200927734375,521.2100219726562,3128008
2024-12-27 20:30:00+00:00,522.5700073242188,522.8099975585938,520.27001953125,521.22998046875,4779704
2024-12-30 14:30:00+00:00,512.4400024414062,515.7100219726562,511.8299865722656,515.510009765625,8023122
2024-12-30 15:30:00+00:00,515.3350219726562,515.9407958984375,512.4000244140625,512.4000244140625,4455672
2024-12-30 16:30:00+00:00,518.0798950195312,518.1898193359375,515.2788696289062,515.3099975585938,3838247
2024-12-30 17:30:00+00:00,518.239990234375,519.3400268554688,517.4000244140625,518.0836181640625,3342775
2024-12-30 18:30:00+00:00,517.9000244140625,519.27001953125,517.1599731445312,518.22998046875,3139139
2024-12-30 19:30:00+00:00,516.9299926757812,518.7199096679688,516.9000244140625,517.88818359375,3812776
2024-12-30 20:30:00+00:00,515.5700073242188,517.7100830078125,515.469970703125,516.969970703125,4423076
2024-12-31 14:30:00+00:00,515.9201049804688,517.6599731445312,514.0,516.9949951171875,5474985
2024-12-31 15:30:00+00:00,513.1599731445312,516.5900268554688,512.9500122070312,515.959716796875,3136298
2024-12-31 16:30:00+00:00,512.25,514.6400146484375,512.0999755859375,513.1400146484375,2005815
2024-12-31 17:30:00+00:00,511.1900939941406,513.97998046875,510.95001220703125,512.239990234375,3103007
2024-12-31 18:30:00+00:00,510.69000244140625,512.489990234375,510.4200134277344,511.1700134277344,3080841
2024-12-31 19:30:00+00:00,513.2899780273438,513.3300170898438,510.2799987792969,510.7099914550781,4242354
2024-12-31 20:30:00+00:00,511.17999267578125,513.4600219726562,510.45001220703125,513.280029296875,5386115
2025-01-02 14:30:00+00:00,513.0499877929688,516.6300048828125,510.05999755859375,514.3599853515625,9600724
2025-01-02 15:30:00+00:00,513.0798950195312,513.9603271484375,510.5299987792969,512.9299926757812,4613708
2025-01-02 16:30:00+00:00,509.7300109863281,514.5800170898438,509.5199890136719,512.97998046875,3326577
2025-01-02 17:30:00+00:00,507.6724853515625,509.70001220703125,505.7099914550781,509.70001220703125,6253617
2025-01-02 18:30:00+00:00,508.7799987792969,509.04998779296875,505.8399963378906,507.5799865722656,3451390
2025-01-02 19:30:00+00:00,509.82000732421875,510.3399963378906,507.4800109863281,508.6000061035156,3963171
2025-01-02 20:30:00+00:00,510.1499938964844,510.75,508.9700927734375,509.8399963378906,3392271
2025-01-03 14:30:00+00:00,514.3200073242188,516.72998046875,512.530029296875,513.3499755859375,7651418
2025-01-03 15:30:00+00:00,516.4400024414062,516.4500122070312,513.4099731445312,514.2899780273438,2665631
2025-01-03 16:30:00+00:00,516.9816284179688,517.968994140625,516.3400268554688,516.4400024414062,3063936
2025-01-03 17:30:00+00:00,518.2899780273438,518.2999877929688,516.8499755859375,517.02001953125,1572766
2025-01-03 18:30:00+00:00,519.1331787109375,519.3256225585938,518.0399780273438,518.2974853515625,2718898
2025-01-03 19:30:00+00:00,518.8400268554688,519.6453857421875,518.3800048828125,519.1300048828125,2709788
2025-01-03 20:30:00+00:00,518.5599975585938,519.010009765625,517.719970703125,518.75,5129332
2025-01-06 14:30:00+00:00,527.4600219726562,527.6799926757812,523.7899780273438,523.97998046875,9118689
2025-01-06 15:30:00+00:00,527.719970703125,527.9099731445312,526.6699829101562,527.4500122070312,3688583
2025-01-06 16:30:00+00:00,526.25,527.760009765625,525.969970703125,527.6964111328125,2411092
2025-01-06 17:30:00+00:00,525.2899780273438,526.4998779296875,524.2100219726562,526.25,4527516
2025-01-06 18:30:00+00:00,523.489990234375,525.3699951171875,522.6939086914062,525.280029296875,4174561
2025-01-06 19:30:00+00:00,523.9149780273438,524.02001953125,522.030029296875,523.4901123046875,3864181
2025-01-06 20:30:00+00:00,524.52001953125,524.6599731445312,522.6500244140625,523.9299926757812,4659020
2025-01-07 14:30:00+00:00,520.4099731445312,525.989990234375,519.2000122070312,525.739990234375,8013118
2025-01-07 15:30:00+00:00,519.969970703125,520.5399780273438,516.1699829101562,520.4100952148438,6462309
2025-01-07 16:30:00+00:00,516.8330078125,524.5399780273438,516.4301147460938,519.8499755859375,3434903
2025-01-07 17:30:00+00:00,518.8098754882812,519.02001953125,515.8800048828125,516.8989868164062,3329768
2025-01-07 18:30:00+00:00,517.5700073242188,518.780029296875,516.8900146484375,518.780029296875,2714914
2025-01-07 19:30:00+00:00,514.4227905273438,517.6300048828125,514.3900146484375,517.5700073242188,4813379
2025-01-07 20:30:00+00:00,515.1400146484375,515.489990234375,513.280029296875,514.4299926757812,5030297
2025-01-08 14:30:00+00:00,513.489990234375,516.2899780273438,512.10009765625,515.0800170898438,7849891
2025-01-08 15:30:00+00:00,514.5700073242188,515.4500122070312,513.2100219726562,513.4500122070312,2596842
2025-01-08 16:30:00+00:00,511.1400146484375,516.5703125,510.8479919433594,514.5800170898438,3199704
2025-01-08 17:30:00+00:00,515.7899780273438,516.280029296875,510.57000732421875,511.20001220703125,4026040
2025-01-08 18:30:00+00:00,516.6300048828125,516.919921875,513.3400268554688,515.780029296875,3113316
2025-01-08 19:30:00+00:00,515.010009765625,516.5599975585938,513.8499755859375,516.5599975585938,3176077
2025-01-08 20:30:00+00:00,515.2999877929688,515.6900024414062,514.0700073242188,514.989990234375,3392008
2025-01-10 14:30:00+00:00,507.6600036621094,511.5799865722656,503.9200134277344,511.4700012207031,12677213
2025-01-10 15:30:00+00:00,505.4599914550781,509.8599853515625,505.1300048828125,507.6400146484375,5957621
2025-01-10 16:30:00+00:00,505.8399963378906,506.489990234375,504.20001220703125,505.4200134277344,4320488
2025-01-10 17:30:00+00:00,509.5400085449219,510.0899963378906,505.7900085449219,505.8299865722656,3605243
2025-01-10 18:30:00+00:00,509.1600036621094,511.1000061035156,507.9800109863281,509.5400085449219,3819273
2025-01-10 19:30:00+00:00,507.1499938964844,509.3399963378906,506.8900146484375,509.2200012207031,3155760
2025-01-10 20:30:00+00:00,507.2200012207031,507.95001220703125,506.45001220703125,507.1199951171875,3987272
2025-01-13 14:30:00+00:00,500.0950012207031,503.4200134277344,499.70001220703125,501.2300109863281,9337905
2025-01-13 15:30:00+00:00,500.989990234375,503.9880065917969,500.0801086425781,500.1099853515625,4172042
2025-01-13 16:30:00+00:00,503.1700134277344,503.5199890136719,500.05999755859375,500.9800109863281,3471277
2025-01-13 17:30:00+00:00,504.2349853515625,504.44000244140625,502.4700012207031,503.1600036621094,3143654
2025-01-13 18:30:00+00:00,504.2250061035156,504.72900390625,502.9100036621094,504.2200012207031,2377262
2025-01-13 19:30:00+00:00,504.0400085449219,505.07000732421875,503.70001220703125,504.1199951171875,2430766
2025-01-13 20:30:00+00:00,505.6000061035156,506.010009765625,503.8399963378906,504.04998779296875,2507249
2025-01-14 14:30:00+00:00,507.3839111328125,510.1549987792969,506.260009765625,508.7799987792969,8608099
2025-01-14 15:30:00+00:00,504.7300109863281,507.67999267578125,504.0166931152344,507.43359375,3900363
2025-01-14 16:30:00+00:00,503.5400085449219,505.2998962402344,502.4200134277344,504.70001220703125,3349832
2025-01-14 17:30:00+00:00,505.510009765625,505.70458984375,502.0299987792969,503.43499755859375,2968690
2025-01-14 18:30:00+00:00,506.5299987792969,507.2699890136719,505.260009765625,505.510009765625,2885804
2025-01-14 19:30:00+00:00,503.04998779296875,507.1300048828125,501.5899963378906,506.57000732421875,4927115
2025-01-14 20:30:00+00:00,505.1000061035156,505.1600036621094,502.1499938964844,503.1099853515625,3962365
2025-01-15 14:30:00+00:00,516.344970703125,516.719970703125,511.4599914550781,513.0399780273438,11117375
2025-01-15 15:30:00+00:00,514.9199829101562,516.52001953125,514.6400146484375,516.3400268554688,3862182
2025-01-15 16:30:00+00:00,514.7938842773438,514.9299926757812,512.9249877929688,514.8599853515625,3354013
2025-01-15 17:30:00+00:00,516.2399291992188,516.260009765625,514.6500244140625,514.8197021484375,1899358
2025-01-15 18:30:00+00:00,516.9880981445312,517.0499877929688,515.780029296875,516.25,2542154
2025-01-15 19:30:00+00:00,517.5499877929688,517.8499755859375,516.6500244140625,516.989990234375,3737630
2025-01-15 20:30:00+00:00,516.530029296875,517.6900024414062,516.4400024414062,517.5399780273438,4177604
2025-01-16 14:30:00+00:00,516.1849975585938,519.0598754882812,515.2015991210938,519.010009765625,6384529
2025-01-16 15:30:00+00:00,516.97998046875,518.52001953125,515.3099975585938,516.1799926757812,3338236
2025-01-16 16:30:00+00:00,517.2750244140625,517.3599853515625,514.7600708007812,516.9600219726562,2994386
2025-01-16 17:30:00+00:00,515.4354858398438,517.3200073242188,515.280029296875,517.2899780273438,1714570
2025-01-16 18:30:00+00:00,515.4451293945312,515.6599731445312,513.4677734375,515.4235229492188,3425209
2025-01-16 19:30:00+00:00,515.097412109375,516.6300048828125,514.739013671875,515.4600219726562,2616612
2025-01-16 20:30:00+00:00,513.0700073242188,515.5396728515625,512.9500122070312,515.0599975585938,3983295
2025-01-17 14:30:00+00:00,520.0499877929688,523.0499877929688,518.9099731445312,522.9400024414062,13818672
2025-01-17 15:30:00+00:00,522.4099731445312,522.6199951171875,519.7899780273438,520.0999755859375,8844305
2025-01-17 16:30:00+00:00,522.3099975585938,522.5599975585938,520.7999877929688,522.4199829101562,3130194
2025-01-17 17:30:00+00:00,522.9998168945312,523.4600219726562,521.8599853515625,522.2999877929688,4997072
2025-01-17 18:30:00+00:00,522.451904296875,523.1400146484375,521.97998046875,522.97998046875,6456551
2025-01-17 19:30:00+00:00,521.72998046875,522.75,521.4400024414062,522.4434814453125,6282713
2025-01-17 20:30:00+00:00,521.77001953125,522.6500244140625,521.27001953125,521.760009765625,4766861
2025-01-21 14:30:00+00:00,522.8300170898438,524.6900024414062,520.0599975585938,524.489990234375,6389723
2025-01-21 15:30:00+00:00,522.5800170898438,523.1900024414062,521.5451049804688,522.7999877929688,3663445
2025-01-21 16:30:00+00:00,524.1500244140625,524.3200073242188,522.02001953125,522.5700073242188,1824910
2025-01-21 17:30:00+00:00,525.489990234375,525.969970703125,524.125,524.169921875,2510434
2025-01-21 18:30:00+00:00,525.239990234375,525.7962036132812,524.5399780273438,525.530029296875,1607981
2025-01-21 19:30:00+00:00,525.3499755859375,525.4000244140625,524.22998046875,525.2449951171875,2009778
2025-01-21 20:30:00+00:00,524.6900024414062,525.6300048828125,524.25,525.3499755859375,2749848
2025-01-22 14:30:00+00:00,531.8499755859375,532.4400024414062,529.260009765625,529.5499877929688,11223793
2025-01-22 15:30:00+00:00,532.7999877929688,532.844970703125,531.3800048828125,531.8699951171875,4023880
2025-01-22 16:30:00+00:00,533.2150268554688,533.8150024414062,532.6602172851562,532.7999877929688,3407128
2025-01-22 17:30:00+00:00,531.97998046875,533.3599853515625,531.8201293945312,533.2000122070312,3251302
2025-01-22 18:30:00+00:00,532.0499877929688,532.7899780273438,531.913818359375,531.97998046875,1869271
2025-01-22 19:30:00+00:00,531.9199829101562,532.577880859375,531.739990234375,532.0599975585938,2692991
2025-01-22 20:30:00+00:00,531.510009765625,532.25,531.1300048828125,531.932373046875,3592952
2025-01-23 14:30:00+00:00,529.3040771484375,529.7000122070312,528.4500122070312,528.9199829101562,5228132
2025-01-23 15:30:00+00:00,530.4299926757812,530.4500122070312,529.0900268554688,529.3099975585938,4614222
2025-01-23 16:30:00+00:00,529.9249877929688,530.9500122070312,529.760009765625,530.4000244140625,2041256
2025-01-23 17:30:00+00:00,530.6799926757812,531.0900268554688,529.2999877929688,529.8699951171875,2226409
2025-01-23 18:30:00+00:00,530.364990234375,531.2999877929688,529.8599853515625,530.7059936523438,1842793
2025-01-23 19:30:00+00:00,530.97998046875,531.1699829101562,530.3400268554688,530.3989868164062,1754062
2025-01-23 20:30:00+00:00,532.719970703125,532.747314453125,530.6799926757812,530.9299926757812,3578522
2025-01-24 14:30:00+00:00,531.739990234375,533.7899780273438,531.6300048828125,532.9749755859375,4752178
2025-01-24 15:30:00+00:00,532.2100219726562,532.3599853515625,531.2072143554688,531.760009765625,2093700
2025-01-24 16:30:00+00:00,531.3800048828125,532.75,531.1599731445312,532.239990234375,1954346
2025-01-24 17:30:00+00:00,530.3399047851562,531.6099853515625,529.7239990234375,531.3200073242188,1986702
2025-01-24 18:30:00+00:00,528.739990234375,530.6099853515625,528.1500244140625,530.3400268554688,2900686
2025-01-24 19:30:00+00:00,528.64990234375,529.3699951171875,528.4500122070312,528.7000122070312,2202594
2025-01-24 20:30:00+00:00,529.6500244140625,529.9000244140625,528.510009765625,528.6199951171875,2215893
2025-01-27 14:30:00+00:00,516.77001953125,516.8200073242188,510.7200012207031,510.9800109863281,20263005
2025-01-27 15:30:00+00:00,512.9650268554688,517.969970703125,512.6199951171875,516.719970703125,7219893
2025-01-27 16:30:00+00:00,513.3436889648438,514.6400146484375,511.82000732421875,512.9400024414062,5414284
2025-01-27 17:30:00+00:00,511.4100036621094,514.0198974609375,511.2200012207031,513.3099975585938,4048093
2025-01-27 18:30:00+00:00,513.8690795898438,514.0803833007812,511.3299865722656,511.3999938964844,4436765
2025-01-27 19:30:00+00:00,512.02001953125,513.9097900390625,510.1499938964844,513.9097900390625,5481371
2025-01-27 20:30:00+00:00,514.0499877929688,514.2000122070312,511.9800109863281,512.0700073242188,7066265
2025-01-28 14:30:00+00:00,519.2100219726562,519.5399780273438,511.7799987792969,515.3300170898438,9833753
2025-01-28 15:30:00+00:00,517.7199096679688,519.4600219726562,517.2933959960938,519.219970703125,4345747
2025-01-28 16:30:00+00:00,521.22900390625,521.52001953125,517.2999877929688,517.7000122070312,3488286
2025-01-28 17:30:00+00:00,521.2301025390625,521.969970703125,520.5449829101562,521.2150268554688,2045797
2025-01-28 18:30:00+00:00,521.4099731445312,521.510009765625,520.3200073242188,521.25,2823267
2025-01-28 19:30:00+00:00,522.8049926757812,522.9979858398438,521.4099731445312,521.4099731445312,4131285
2025-01-28 20:30:00+00:00,521.8599853515625,522.9500122070312,521.3798828125,522.7999877929688,4114520
2025-01-29 14:30:00+00:00,520.1099853515625,522.531982421875,519.6300048828125,522.531982421875,5224550
2025-01-29 15:30:00+00:00,519.8499145507812,520.748291015625,519.02001953125,520.1400146484375,1941138
2025-01-29 16:30:00+00:00,520.7449951171875,521.1799926757812,519.2999877929688,519.75,1407361
2025-01-29 17:30:00+00:00,519.9000854492188,521.0,516.8988037109375,520.8104248046875,2869953
2025-01-29 18:30:00+00:00,517.6610107421875,520.4400024414062,517.3499755859375,519.9500122070312,2879219
2025-01-29 19:30:00+00:00,522.1395263671875,522.4149780273438,517.3900146484375,517.6599731445312,6382357
2025-01-29 20:30:00+00:00,520.780029296875,522.47998046875,519.3800048828125,522.1500244140625,2582760
2025-01-30 14:30:00+00:00,520.9052734375,526.094970703125,520.6900024414062,523.7100219726562,7820111
2025-01-30 15:30:00+00:00,521.3400268554688,522.169921875,518.2200927734375,520.9400024414062,3879716
2025-01-30 16:30:00+00:00,520.6539916992188,523.1296997070312,520.27001953125,521.3499755859375,2794205
2025-01-30 17:30:00+00:00,521.3699951171875,521.8800048828125,520.2349853515625,520.6900024414062,1426041
2025-01-30 18:30:00+00:00,522.780029296875,523.1199951171875,521.25,521.3499755859375,1467946
2025-01-30 19:30:00+00:00,524.6950073242188,524.9196166992188,522.4700927734375,522.7999877929688,2226971
2025-01-30 20:30:00+00:00,523.1199951171875,524.6900024414062,520.7000122070312,524.6900024414062,4737842
2025-01-31 14:30:00+00:00,529.88037109375,530.4600219726562,526.719970703125,526.9199829101562,7060913
2025-01-31 15:30:00+00:00,530.3400268554688,531.517822265625,529.7922973632812,529.8770141601562,3370151
2025-01-31 16:30:00+00:00,530.7999877929688,530.7999877929688,529.1400146484375,530.3699951171875,3058852
2025-01-31 17:30:00+00:00,527.9099731445312,530.8900146484375,527.8099975585938,530.8099975585938,3177322
2025-01-31 18:30:00+00:00,525.5399780273438,528.1900024414062,524.489990234375,527.919921875,6580161
2025-01-31 19:30:00+00:00,521.73681640625,526.0800170898438,521.3400268554688,525.5599975585938,6910299
2025-01-31 20:30:00+00:00,522.280029296875,523.72998046875,521.1900024414062,521.72998046875,5848438
2025-02-03 14:30:00+00:00,516.8499755859375,517.030029296875,511.0513916015625,513.5399780273438,13056932
2025-02-03 15:30:00+00:00,518.135009765625,519.6199951171875,516.0800170898438,516.77001953125,6898325
2025-02-03 16:30:00+00:00,517.780029296875,519.4199829101562,517.1179809570312,518.0800170898438,3315408
2025-02-03 17:30:00+00:00,518.2349853515625,518.75,516.5399780273438,517.780029296875,4255567
2025-02-03 18:30:00+00:00,520.1300048828125,520.849609375,517.9199829101562,518.3400268554688,2655797
2025-02-03 19:30:00+00:00,519.375,520.723876953125,519.2658081054688,520.1500244140625,2433398
2025-02-03 20:30:00+00:00,518.1400146484375,519.6900024414062,517.9500122070312,519.3800048828125,3240358
2025-02-04 14:30:00+00:00,523.8200073242188,524.4099731445312,518.22998046875,518.64501953125,7467581
2025-02-04 15:30:00+00:00,524.8704223632812,524.8900146484375,523.3699951171875,523.8800048828125,2417431
2025-02-04 16:30:00+00:00,521.9400024414062,525.1099853515625,521.8300170898438,524.8300170898438,3484761
2025-02-04 17:30:00+00:00,523.6599731445312,523.77001953125,521.6849975585938,522.0,2227312
2025-02-04 18:30:00+00:00,524.280029296875,524.748779296875,523.1400756835938,523.6500244140625,1863903
2025-02-04 19:30:00+00:00,523.5999755859375,524.6300048828125,523.1199951171875,524.2899780273438,2283793
2025-02-04 20:30:00+00:00,524.5599975585938,524.9500122070312,523.489990234375,523.5900268554688,3228896
2025-02-05 14:30:00+00:00,522.5399780273438,523.0999755859375,520.6199951171875,521.8200073242188,6961166
2025-02-05 15:30:00+00:00,523.489990234375,523.739990234375,521.6900024414062,522.510009765625,2467855
2025-02-05 16:30:00+00:00,525.52001953125,526.3599853515625,523.2999877929688,523.4500122070312,2861969
2025-02-05 17:30:00+00:00,525.1583862304688,525.7999877929688,524.7000122070312,525.5451049804688,1297965
2025-02-05 18:30:00+00:00,525.77001953125,526.22998046875,524.9110107421875,525.1099853515625,1475686
2025-02-05 19:30:00+00:00,526.4000244140625,526.6190185546875,525.4450073242188,525.739990234375,1542242
2025-02-05 20:30:00+00:00,526.8499755859375,527.010009765625,525.1099853515625,526.4299926757812,2432285
2025-02-06 14:30:00+00:00,527.6900024414062,529.02001953125,526.4000244140625,527.3599853515625,4998111
2025-02-06 15:30:00+00:00,527.8594970703125,528.72998046875,526.4500122070312,527.7100219726562,2708694
2025-02-06 16:30:00+00:00,527.4320068359375,528.0200805664062,526.6300048828125,527.8900146484375,1664671
2025-02-06 17:30:00+00:00,528.5900268554688,528.7100219726562,527.1199951171875,527.4600219726562,1508225
2025-02-06 18:30:00+00:00,527.7899780273438,528.8400268554688,527.6099853515625,528.5999755859375,987990
2025-02-06 19:30:00+00:00,527.625,527.8098754882812,525.7412719726562,527.8098754882812,2678279
2025-02-06 20:30:00+00:00,529.5800170898438,529.8099975585938,527.5800170898438,527.6400146484375,2428972
2025-02-07 14:30:00+00:00,526.7999877929688,532.0999755859375,525.3499755859375,529.9600219726562,8174527
2025-02-07 15:30:00+00:00,524.58251953125,528.168701171875,523.7000122070312,526.77001953125,5270994
2025-02-07 16:30:00+00:00,523.9199829101562,525.3499145507812,522.9099731445312,524.760009765625,3497039
2025-02-07 17:30:00+00:00,525.9498901367188,526.39501953125,523.4500122070312,523.8350219726562,2436780
2025-02-07 18:30:00+00:00,522.739990234375,526.27001953125,522.6199951171875,525.9199829101562,2090630
2025-02-07 19:30:00+00:00,522.669921875,523.8200073242188,522.1900024414062,522.75,2837412
2025-02-07 20:30:00+00:00,522.9400024414062,523.72998046875,522.5700073242188,522.6500244140625,3041930
2025-02-10 14:30:00+00:00,529.625,529.8499755859375,526.75,527.219970703125,6044321
2025-02-10 15:30:00+00:00,529.4500122070312,530.3571166992188,529.1799926757812,529.6400146484375,2652874
2025-02-10 16:30:00+00:00,528.7000122070312,529.85009765625,528.52001953125,529.4600219726562,2577902
2025-02-10 17:30:00+00:00,529.6367797851562,529.9400024414062,528.6699829101562,528.719970703125,1183376
2025-02-10 18:30:00+00:00,529.7750244140625,530.135009765625,529.4600219726562,529.6500854492188,1212376
2025-02-10 19:30:00+00:00,529.6500244140625,529.9099731445312,529.1699829101562,529.7999877929688,1991279
2025-02-10 20:30:00+00:00,529.2150268554688,529.7000122070312,528.9400024414062,529.6300048828125,2826598
2025-02-11 14:30:00+00:00,529.0999755859375,529.2899780273438,525.8300170898438,525.9600219726562,4421908
2025-02-11 15:30:00+00:00,528.7498779296875,529.9199829101562,528.6300048828125,529.0999755859375,2565680
2025-02-11 16:30:00+00:00,527.8699951171875,529.1851196289062,526.1710205078125,528.77001953125,2768553
2025-02-11 17:30:00+00:00,527.614990234375,528.0700073242188,526.9099731445312,527.9600219726562,1525986
2025-02-11 18:30:00+00:00,528.2150268554688,528.989990234375,527.5631713867188,527.6500244140625,1634886
2025-02-11 19:30:00+00:00,528.4400024414062,529.1699829101562,528.1099853515625,528.2100219726562,1681937
2025-02-11 20:30:00+00:00,527.9500122070312,528.6099853515625,527.3699951171875,528.4099731445312,3073242
2025-02-12 14:30:00+00:00,525.75,526.757080078125,521.9500122070312,522.2999877929688,9119385
2025-02-12 15:30:00+00:00,525.0352172851562,527.6099853515625,524.6099853515625,525.760009765625,2842083
2025-02-12 16:30:00+00:00,527.9801025390625,528.3599853515625,524.9700927734375,524.9700927734375,3291062
2025-02-12 17:30:00+00:00,528.280029296875,528.8900146484375,527.219970703125,527.9600219726562,1697376
2025-02-12 18:30:00+00:00,528.010009765625,528.5,527.2999877929688,528.27001953125,2050864
2025-02-12 19:30:00+00:00,528.5999755859375,529.1900024414062,527.9700927734375,528.010009765625,1828497
2025-02-12 20:30:00+00:00,528.3099975585938,528.8099975585938,527.6699829101562,528.5900268554688,2509572
2025-02-13 14:30:00+00:00,532.5380249023438,533.0599975585938,529.1900024414062,530.030029296875,7106257
2025-02-13 15:30:00+00:00,533.22998046875,534.5700073242188,532.4500122070312,532.5399780273438,4525943
2025-02-13 16:30:00+00:00,532.4000244140625,533.47998046875,531.7999877929688,533.25,2042715
2025-02-13 17:30:00+00:00,531.8400268554688,533.1599731445312,530.5599975585938,532.4000244140625,2653443
2025-02-13 18:30:00+00:00,533.82470703125,533.959716796875,531.030029296875,531.780029296875,2938911
2025-02-13 19:30:00+00:00,535.2050170898438,535.4299926757812,533.7000122070312,533.8499755859375,3089157
2025-02-13 20:30:00+00:00,535.8800048828125,536.219970703125,534.6799926757812,535.1749877929688,3824063
2025-02-14 14:30:00+00:00,536.8200073242188,537.3400268554688,535.6699829101562,536.0,4700947
2025-02-14 15:30:00+00:00,536.8543090820312,537.5999755859375,535.9400024414062,536.8300170898438,2150303
2025-02-14 16:30:00+00:00,535.9099731445312,536.927978515625,535.8900146484375,536.9000244140625,1130685
2025-02-14 17:30:00+00:00,537.260009765625,537.6749877929688,535.7100219726562,535.957275390625,1623854
2025-02-14 18:30:00+00:00,537.739990234375,538.4000244140625,537.2349853515625,537.2349853515625,1617160
2025-02-14 19:30:00+00:00,537.9099731445312,538.0999755859375,537.25,537.7352905273438,1763534
2025-02-14 20:30:00+00:00,538.1199951171875,538.8400268554688,537.8292236328125,537.9299926757812,2730147
2025-02-18 14:30:00+00:00,536.8900146484375,540.0,536.69482421875,539.77001953125,5384886
2025-02-18 15:30:00+00:00,538.5,538.52001953125,536.5999755859375,536.9099731445312,2608547
2025-02-18 16:30:00+00:00,537.7000122070312,538.72998046875,537.4400024414062,538.489990234375,1548061
2025-02-18 17:30:00+00:00,537.4600219726562,538.4882202148438,537.2100219726562,537.7100219726562,1247907
2025-02-18 18:30:00+00:00,537.1599731445312,537.6599731445312,536.0399780273438,537.469970703125,2071678
2025-02-18 19:30:00+00:00,537.6099853515625,538.010009765625,537.01123046875,537.1699829101562,1686817
2025-02-18 20:30:00+00:00,539.2999877929688,539.2999877929688,537.4000244140625,537.6165161132812,3848140
2025-02-19 14:30:00+00:00,537.2249755859375,538.9099731445312,536.4600219726562,538.5900268554688,3965448
2025-02-19 15:30:00+00:00,538.8400268554688,538.989990234375,537.1199951171875,537.2100219726562,2730941
2025-02-19 16:30:00+00:00,538.89501953125,539.70751953125,538.5900268554688,538.8049926757812,1875246
2025-02-19 17:30:00+00:00,539.5034790039062,539.760009765625,538.3200073242188,538.9000244140625,1973814
2025-02-19 18:30:00+00:00,540.1950073242188,540.5,539.0803833007812,539.510009765625,1800216
2025-02-19 19:30:00+00:00,538.8300170898438,540.7999877929688,538.5399780273438,540.1900024414062,2663280
2025-02-19 20:30:00+00:00,539.5599975585938,539.8099975585938,538.7899780273438,538.8499755859375,2902767
2025-02-20 14:30:00+00:00,535.760009765625,539.0999755859375,532.4600219726562,538.7100219726562,7363101
2025-02-20 15:30:00+00:00,535.0499877929688,536.219970703125,533.0800170898438,535.75,3467975
2025-02-20 16:30:00+00:00,535.5599975585938,535.780029296875,534.0700073242188,535.1699829101562,2410322
2025-02-20 17:30:00+00:00,534.719970703125,536.010009765625,534.3502807617188,535.5700073242188,2112710
2025-02-20 18:30:00+00:00,535.8950805664062,536.3250122070312,534.5800170898438,534.672607421875,1919869
2025-02-20 19:30:00+00:00,536.1400146484375,536.7000122070312,535.0150146484375,535.9000244140625,4054288
2025-02-20 20:30:00+00:00,537.1900024414062,537.25,535.8890991210938,536.1500244140625,3061255
2025-02-21 14:30:00+00:00,534.0200805664062,538.4000244140625,533.7100219726562,538.3800048828125,6857087
2025-02-21 15:30:00+00:00,533.7108764648438,534.5700073242188,532.469970703125,534.010009765625,9882631
2025-02-21 16:30:00+00:00,532.1209106445312,534.4000244140625,531.143798828125,533.6400756835938,3053954
2025-02-21 17:30:00+00:00,528.944091796875,532.22998046875,528.6099853515625,532.159912109375,4837209
2025-02-21 18:30:00+00:00,526.0900268554688,530.2100219726562,525.8626708984375,528.9899291992188,5372473
2025-02-21 19:30:00+00:00,526.6199951171875,527.1400146484375,525.8099975585938,526.0800170898438,7007343
2025-02-21 20:30:00+00:00,526.0999755859375,526.8699951171875,525.7100219726562,526.6500244140625,5851256
2025-02-24 14:30:00+00:00,521.8900146484375,529.0689697265625,520.189208984375,527.9199829101562,12641593
2025-02-24 15:30:00+00:00,524.0250244140625,524.3400268554688,520.3800048828125,521.8400268554688,5676696
2025-02-24 16:30:00+00:00,524.89501953125,525.489990234375,523.0599975585938,524.0499877929688,4636557
2025-02-24 17:30:00+00:00,525.3699951171875,525.6599731445312,524.22998046875,524.9299926757812,2228374
2025-02-24 18:30:00+00:00,523.4400024414062,525.530029296875,523.380126953125,525.4000244140625,2276981
2025-02-24 19:30:00+00:00,522.260009765625,524.0618286132812,522.22998046875,523.5,3215884
2025-02-24 20:30:00+00:00,519.8300170898438,523.0640869140625,519.530029296875,522.3099975585938,5276339
2025-02-25 14:30:00+00:00,510.80499267578125,519.3175048828125,510.3900146484375,519.2100219726562,13672639
2025-02-25 15:30:00+00:00,510.6004943847656,513.5800170898438,510.3900146484375,510.8399963378906,7425115
2025-02-25 16:30:00+00:00,514.3400268554688,514.5800170898438,509.44000244140625,510.5899963378906,6758780
2025-02-25 17:30:00+00:00,513.8800048828125,516.47998046875,513.8200073242188,514.3099975585938,3472290
2025-02-25 18:30:00+00:00,512.9299926757812,515.8099975585938,512.6799926757812,513.8900146484375,3762345
2025-02-25 19:30:00+00:00,515.1300048828125,516.0399780273438,512.8200073242188,512.9000244140625,4935802
2025-02-25 20:30:00+00:00,513.22998046875,515.2899780273438,512.5999755859375,515.1500244140625,5206184
2025-02-26 14:30:00+00:00,516.6500244140625,518.7702026367188,514.3900146484375,515.530029296875,8119343
2025-02-26 15:30:00+00:00,518.6500244140625,519.5700073242188,516.614990234375,516.6300048828125,3522604
2025-02-26 16:30:00+00:00,518.9688110351562,519.6588134765625,517.8900146484375,518.6400146484375,3121178
2025-02-26 17:30:00+00:00,513.9650268554688,519.3499755859375,513.9301147460938,518.9949951171875,4001980
2025-02-26 18:30:00+00:00,512.8499755859375,514.77001953125,511.40301513671875,513.9299926757812,4281464
2025-02-26 19:30:00+00:00,513.4149780273438,514.030029296875,511.7099914550781,512.7899780273438,3508409
2025-02-26 20:30:00+00:00,514.47998046875,515.22998046875,512.9299926757812,513.4000244140625,3397309
2025-02-27 14:30:00+00:00,512.9450073242188,519.0698852539062,507.3349914550781,518.1900024414062,16674299
2025-02-27 15:30:00+00:00,511.4599914550781,513.7440185546875,510.0899963378906,512.9299926757812,4147436
2025-02-27 16:30:00+00:00,511.2099914550781,512.3400268554688,508.8299865722656,511.4574890136719,3031760
2025-02-27 17:30:00+00:00,512.1137084960938,512.6998901367188,509.67999267578125,511.2099914550781,3557767
2025-02-27 18:30:00+00:00,507.3900146484375,512.5700073242188,507.239990234375,512.2650146484375,2605871
2025-02-27 19:30:00+00:00,502.29998779296875,507.4200134277344,502.2200012207031,507.4100036621094,9550510
2025-02-27 20:30:00+00:00,500.3299865722656,503.5799865722656,500.04998779296875,502.4599914550781,8295848
2025-02-28 14:30:00+00:00,504.16009521484375,504.2300109863281,496.92999267578125,500.1099853515625,14211794
2025-02-28 15:30:00+00:00,501.260009765625,504.6700134277344,501.17999267578125,504.20001220703125,5807081
2025-02-28 16:30:00+00:00,502.7200012207031,503.94989013671875,500.9400939941406,501.239990234375,2935604
2025-02-28 17:30:00+00:00,500.1300048828125,502.82000732421875,497.5400085449219,502.82000732421875,5645181
2025-02-28 18:30:00+00:00,500.4700012207031,501.9200134277344,498.82049560546875,500.1300048828125,3522291
2025-02-28 19:30:00+00:00,504.4100036621094,504.45001220703125,500.0899963378906,500.489990234375,4303675
2025-02-28 20:30:00+00:00,508.20001220703125,508.7699890136719,502.3900146484375,504.4187927246094,8152347
2025-03-03 14:30:00+00:00,509.1138000488281,513.0399780273438,504.2900085449219,511.5199890136719,10185115
2025-03-03 15:30:00+00:00,507.3800048828125,509.8500061035156,506.4599914550781,509.1400146484375,4086388
2025-03-03 16:30:00+00:00,508.7200012207031,509.0,506.0863037109375,507.4200134277344,2913442
2025-03-03 17:30:00+00:00,502.4783935546875,509.260009765625,502.2449951171875,508.7222900390625,4057909
2025-03-03 18:30:00+00:00,503.2099914550781,505.1098937988281,501.7200012207031,502.5,3907424
2025-03-03 19:30:00+00:00,495.1155090332031,505.7200012207031,494.6499938964844,503.16119384765625,7942874
2025-03-03 20:30:00+00:00,497.32000732421875,497.42999267578125,493.5799865722656,495.1499938964844,7094458
2025-03-04 14:30:00+00:00,489.80999755859375,496.32000732421875,487.7349853515625,494.1700134277344,21590768
2025-03-04 15:30:00+00:00,489.3800048828125,492.239990234375,488.5199890136719,489.7200012207031,8542443
2025-03-04 16:30:00+00:00,495.534912109375,496.4100036621094,489.2699890136719,489.2900085449219,7285313
2025-03-04 17:30:00+00:00,495.07000732421875,497.94000244140625,493.5,495.489990234375,5591286
2025-03-04 18:30:00+00:00,499.5899963378906,501.0201110839844,494.42498779296875,495.0849914550781,5612202
2025-03-04 19:30:00+00:00,502.2300109863281,503.739990234375,498.9700012207031,499.6099853515625,5923696
2025-03-04 20:30:00+00:00,495.510009765625,502.44000244140625,493.7699890136719,502.239990234375,8718421
2025-03-05 14:30:00+00:00,494.0303039550781,498.04998779296875,492.57000732421875,496.1600036621094,12090522
2025-03-05 15:30:00+00:00,493.3299865722656,496.6946105957031,492.1700134277344,494.0849914550781,5484997
2025-03-05 16:30:00+00:00,497.489990234375,497.6199951171875,491.260009765625,493.29998779296875,5695574
2025-03-05 17:30:00+00:00,498.2412109375,500.2315979003906,496.67999267578125,497.5799865722656,6157359
2025-03-05 18:30:00+00:00,501.5199890136719,503.2799987792969,496.92999267578125,498.2650146484375,5137158
2025-03-05 19:30:00+00:00,502.80999755859375,503.6300048828125,500.6000061035156,501.57000732421875,4919039
2025-03-05 20:30:00+00:00,502.0799865722656,503.1700134277344,500.6400146484375,502.7900085449219,4273635
2025-03-06 14:30:00+00:00,497.2900085449219,497.89630126953125,491.6507873535156,493.70001220703125,13211041
2025-03-06 15:30:00+00:00,496.1499938964844,498.5787048339844,494.6263122558594,497.2799987792969,5839144
2025-03-06 16:30:00+00:00,489.92498779296875,497.6700134277344,489.260009765625,496.05999755859375,7294455
2025-03-06 17:30:00+00:00,489.42999267578125,491.20001220703125,488.3699951171875,489.881591796875,4874111
2025-03-06 18:30:00+00:00,486.8299865722656,490.1188049316406,486.3399963378906,489.4599914550781,6415635
2025-03-06 19:30:00+00:00,488.67999267578125,491.1700134277344,486.20001220703125,486.7900085449219,7647386
2025-03-06 20:30:00+00:00,488.32000732421875,489.8695983886719,487.0899963378906,488.70001220703125,6161171
2025-03-07 14:30:00+00:00,487.7349853515625,492.1791076660156,487.07000732421875,487.239990234375,11830772
2025-03-07 15:30:00+00:00,483.1499938964844,488.3900146484375,482.8299865722656,487.69000244140625,8493881
2025-03-07 16:30:00+00:00,483.25,483.75,480.5299987792969,483.17999267578125,8592764
2025-03-07 17:30:00+00:00,487.6099853515625,489.3500061035156,482.6000061035156,483.2232971191406,7041844
2025-03-07 18:30:00+00:00,492.44000244140625,492.9100036621094,487.2900085449219,487.6499938964844,5930264
2025-03-07 19:30:00+00:00,491.81500244140625,492.9700012207031,490.3299865722656,492.4700012207031,5339208
2025-03-07 20:30:00+00:00,491.80999755859375,493.2699890136719,488.7300109863281,491.79998779296875,5005693
2025-03-10 13:30:00+00:00,478.29998779296875,483.9700012207031,477.9800109863281,483.45001220703125,12936635
2025-03-10 14:30:00+00:00,477.45001220703125,478.70001220703125,474.7149963378906,478.30999755859375,10925688
2025-03-10 15:30:00+00:00,476.1499938964844,479.13720703125,474.7699890136719,477.45001220703125,6359069
2025-03-10 16:30:00+00:00,474.3699951171875,477.5899963378906,473.1099853515625,476.1499938964844,7372817
2025-03-10 17:30:00+00:00,472.55999755859375,474.489990234375,471.7200012207031,474.3699951171875,8675842
2025-03-10 18:30:00+00:00,472.6300048828125,474.20001220703125,468.7200012207031,472.55999755859375,11233894
2025-03-10 19:30:00+00:00,473.29998779296875,475.45001220703125,471.6199951171875,472.54998779296875,11233328
2025-03-11 13:30:00+00:00,469.9200134277344,476.69000244140625,469.75,472.1600036621094,16055756
2025-03-11 14:30:00+00:00,472.5745849609375,474.44000244140625,468.54998779296875,469.94000244140625,9860843
2025-03-11 15:30:00+00:00,471.42999267578125,475.3299865722656,470.260009765625,472.5299987792969,7055205
2025-03-11 16:30:00+00:00,467.2099914550781,472.6400146484375,467.1300964355469,471.6099853515625,6842042
2025-03-11 17:30:00+00:00,474.4700012207031,475.3900146484375,467.010009765625,467.1199951171875,7976927
2025-03-11 18:30:00+00:00,475.4800109863281,478.80499267578125,473.3500061035156,474.4599914550781,10729452
2025-03-11 19:30:00+00:00,471.6700134277344,475.8900146484375,471.6099853515625,475.5299987792969,5836301
2025-03-12 13:30:00+00:00,477.54998779296875,481.05999755859375,476.3299865722656,479.1600036621094,14512192
2025-03-12 14:30:00+00:00,474.92498779296875,477.85931396484375,471.7950134277344,477.57000732421875,6930070
2025-03-12 15:30:00+00:00,478.7099914550781,479.2900085449219,474.6199951171875,474.9800109863281,5643976
2025-03-12 16:30:00+00:00,479.25,479.8900146484375,476.840087890625,478.80999755859375,4233169
2025-03-12 17:30:00+00:00,477.7900085449219,479.69000244140625,475.1499938964844,479.20001220703125,4076721
2025-03-12 18:30:00+00:00,477.2699890136719,479.3900146484375,476.57000732421875,477.8599853515625,4111008
2025-03-12 19:30:00+00:00,477.0799865722656,477.989990234375,475.7099914550781,477.29998779296875,4165779
2025-03-13 13:30:00+00:00,473.8599853515625,476.28009033203125,470.1700134277344,476.1499938964844,10372661
2025-03-13 14:30:00+00:00,470.94500732421875,475.1737976074219,470.67999267578125,473.9800109863281,6404694
2025-03-13 15:30:00+00:00,469.6700134277344,471.80999755859375,469.0602111816406,470.9100036621094,5322778
2025-03-13 16:30:00+00:00,467.6300048828125,471.8019104003906,466.6700134277344,469.6499938964844,5467252
2025-03-13 17:30:00+00:00,470.2699890136719,470.2699890136719,466.42999267578125,467.55999755859375,4623371
2025-03-13 18:30:00+00:00,468.6300048828125,471.9200134277344,468.0799865722656,470.2699890136719,4824516
2025-03-13 19:30:00+00:00,468.3500061035156,469.1449890136719,466.7900085449219,468.6199951171875,6005284
2025-03-14 13:30:00+00:00,474.0299987792969,477.510009765625,473.1199951171875,473.7099914550781,11803103
2025-03-14 14:30:00+00:00,478.12750244140625,478.6050109863281,473.8399963378906,474.010009765625,5386812
2025-03-14 15:30:00+00:00,477.3900146484375,479.54998779296875,477.2409973144531,478.1499938964844,5410101
2025-03-14 16:30:00+00:00,478.3299865722656,479.6700134277344,477.16009521484375,477.4100036621094,3491803
2025-03-14 17:30:00+00:00,477.8399963378906,478.80999755859375,477.3500061035156,478.32000732421875,3783005
2025-03-14 18:30:00+00:00,478.7132873535156,479.7900085449219,477.8500061035156,477.8599853515625,4288546
2025-03-14 19:30:00+00:00,479.6499938964844,480.55999755859375,478.2799987792969,478.7300109863281,6274492
2025-03-17 13:30:00+00:00,479.9599914550781,483.1400146484375,479.17999267578125,479.6600036621094,8836520
2025-03-17 14:30:00+00:00,479.1050109863281,480.9549865722656,478.4200134277344,479.95001220703125,4454630
2025-03-17 15:30:00+00:00,478.739990234375,480.6099853515625,477.79998779296875,479.0799865722656,2879650
2025-03-17 16:30:00+00:00,481.0150146484375,481.2300109863281,478.44000244140625,478.79998779296875,2881007
2025-03-17 17:30:00+00:00,484.8500061035156,484.9849853515625,480.75201416015625,481.0299987792969,6963082
2025-03-17 18:30:00+00:00,484.8431091308594,485.8399963378906,484.4809875488281,484.8500061035156,5809809
2025-03-17 19:30:00+00:00,482.7300109863281,485.1700134277344,482.6199951171875,484.8599853515625,6752094
2025-03-18 13:30:00+00:00,474.7098083496094,479.42999267578125,473.19000244140625,479.30999755859375,10331437
2025-03-18 14:30:00+00:00,473.94000244140625,475.4891052246094,472.4100036621094,474.6600036621094,4229703
2025-03-18 15:30:00+00:00,475.8485107421875,475.8800048828125,473.0,473.94000244140625,3899269
2025-03-18 16:30:00+00:00,474.6614074707031,475.9590148925781,473.57000732421875,475.80999755859375,3834043
2025-03-18 17:30:00+00:00,474.6449890136719,475.6794128417969,473.67999267578125,474.70001220703125,3834784
2025-03-18 18:30:00+00:00,474.875,476.6400146484375,474.3900146484375,474.6199951171875,5120385
2025-03-18 19:30:00+00:00,474.7099914550781,475.3800048828125,473.7099914550781,474.8800048828125,4211304
2025-03-19 13:30:00+00:00,478.2699890136719,479.5,474.9200134277344,476.80999755859375,6226642
2025-03-19 14:30:00+00:00,478.8810119628906,479.0784912109375,476.8800048828125,478.30999755859375,3456132
2025-03-19 15:30:00+00:00,479.68499755859375,480.3800048828125,478.5899963378906,478.8988037109375,2881882
2025-03-19 16:30:00+00:00,477.30999755859375,479.7300109863281,477.20001220703125,479.6199951171875,2313850
2025-03-19 17:30:00+00:00,478.7712097167969,480.17999267578125,476.5899963378906,477.2799987792969,6003020
2025-03-19 18:30:00+00:00,480.864990234375,485.3299865722656,478.7699890136719,478.7699890136719,10137975
2025-03-19 19:30:00+00:00,480.7900085449219,483.3210144042969,480.3800048828125,480.82000732421875,5535080
2025-03-20 13:30:00+00:00,483.364990234375,484.0899963378906,476.17999267578125,476.8800048828125,8731419
2025-03-20 14:30:00+00:00,482.95001220703125,484.5400085449219,482.2900085449219,483.3399963378906,4214686
2025-03-20 15:30:00+00:00,479.2200012207031,483.3999938964844,478.95001220703125,482.8299865722656,4342403
2025-03-20 16:30:00+00:00,478.07000732421875,480.70001220703125,478.05999755859375,479.17999267578125,3882154
2025-03-20 17:30:00+00:00,477.5299987792969,479.8500061035156,477.43011474609375,478.1000061035156,5197936
2025-03-20 18:30:00+00:00,478.07000732421875,479.67999267578125,477.239990234375,477.5,5156291
2025-03-20 19:30:00+00:00,479.3500061035156,480.2099914550781,478.1400146484375,478.1400146484375,3446948
2025-03-21 13:30:00+00:00,476.1600036621094,476.82000732421875,472.9049987792969,474.0625,9819621
2025-03-21 14:30:00+00:00,475.5,477.75,474.9599914550781,476.1700134277344,5958782
2025-03-21 15:30:00+00:00,478.489990234375,479.0799865722656,474.5899963378906,475.4200134277344,5141690
2025-03-21 16:30:00+00:00,477.95001220703125,479.739990234375,477.6600036621094,478.5299987792969,3998019
2025-03-21 17:30:00+00:00,478.4049987792969,479.8299865722656,477.4700012207031,477.9700012207031,3568796
2025-03-21 18:30:00+00:00,478.3446960449219,479.51910400390625,477.69000244140625,478.3999938964844,3706607
2025-03-21 19:30:00+00:00,481.1400146484375,481.6000061035156,478.1099853515625,478.3399963378906,6045614
2025-03-24 13:30:00+00:00,489.7107849121094,489.92999267578125,487.1199951171875,487.739990234375,8655435
2025-03-24 14:30:00+00:00,490.1099853515625,490.5199890136719,489.2200012207031,489.760009765625,3314554
2025-03-24 15:30:00+00:00,489.69000244140625,490.7250061035156,489.510009765625,490.114990234375,2943599
2025-03-24 16:30:00+00:00,489.70001220703125,490.25,489.0199890136719,489.760009765625,2128378
2025-03-24 17:30:00+00:00,489.6400146484375,489.989990234375,489.010009765625,489.7300109863281,2510257
2025-03-24 18:30:00+00:00,490.510009765625,490.989990234375,489.20001220703125,489.6499938964844,5026945
2025-03-24 19:30:00+00:00,490.4800109863281,491.4800109863281,490.2799987792969,490.54998779296875,5999414
2025-03-25 13:30:00+00:00,492.6496887207031,492.6496887207031,490.4200134277344,491.3999938964844,7099856
2025-03-25 14:30:00+00:00,493.1300048828125,493.60369873046875,491.8800964355469,492.6499938964844,3443022
2025-03-25 15:30:00+00:00,492.1099853515625,493.1769104003906,492.010009765625,493.1400146484375,3199087
2025-03-25 16:30:00+00:00,491.5201110839844,493.260009765625,490.6600036621094,492.1099853515625,2366004
2025-03-25 17:30:00+00:00,492.1300048828125,492.6700134277344,491.3800048828125,491.54998779296875,2032351
2025-03-25 18:30:00+00:00,492.2221984863281,492.6000061035156,491.6099853515625,492.1400146484375,2418555
2025-03-25 19:30:00+00:00,493.4599914550781,493.55999755859375,492.25,492.25,3138686
2025-03-26 13:30:00+00:00,488.60089111328125,493.1499938964844,487.2101135253906,492.3299865722656,7895550
2025-03-26 14:30:00+00:00,488.35321044921875,489.4800109863281,487.9200134277344,488.5950012207031,3233526
2025-03-26 15:30:00+00:00,486.739990234375,488.8999938964844,485.7640075683594,488.3337097167969,4678730
2025-03-26 16:30:00+00:00,484.6600036621094,487.0,484.4700012207031,486.70001220703125,3437897
2025-03-26 17:30:00+00:00,485.0299987792969,485.2200012207031,483.55999755859375,484.6700134277344,4000976
2025-03-26 18:30:00+00:00,483.2799987792969,485.29998779296875,482.82000732421875,484.9400939941406,4380740
2025-03-26 19:30:00+00:00,484.4100036621094,484.9584045410156,483.2099914550781,483.29998779296875,4317556
2025-03-27 13:30:00+00:00,484.69000244140625,484.69000244140625,480.25,482.3999938964844,10203996
2025-03-27 14:30:00+00:00,484.9700012207031,486.57989501953125,484.3417053222656,484.70001220703125,4164266
2025-03-27 15:30:00+00:00,483.6650085449219,485.4800109863281,482.69000244140625,484.9599914550781,5603853
2025-03-27 16:30:00+00:00,482.0199890136719,484.4200134277344,481.7900085449219,483.739990234375,2750640
2025-03-27 17:30:00+00:00,483.1400146484375,483.8800048828125,481.8599853515625,481.95001220703125,2272606
2025-03-27 18:30:00+00:00,484.4100036621094,484.8900146484375,482.6435852050781,483.0799865722656,2820938
2025-03-27 19:30:00+00:00,481.6000061035156,484.44000244140625,481.1199951171875,484.42999267578125,3561924
2025-03-28 13:30:00+00:00,473.2124938964844,480.5199890136719,473.010009765625,479.80999755859375,12052847
2025-03-28 14:30:00+00:00,472.3800048828125,473.739990234375,471.2349853515625,473.2300109863281,7473520
2025-03-28 15:30:00+00:00,469.95001220703125,473.0751037597656,469.57000732421875,472.32000732421875,4015703
2025-03-28 16:30:00+00:00,468.7900085449219,470.69989013671875,468.4891052246094,469.94000244140625,5305904
2025-03-28 17:30:00+00:00,469.3599853515625,470.3999938964844,468.489990234375,468.7699890136719,4014090
2025-03-28 18:30:00+00:00,468.9599914550781,470.0400085449219,468.6199951171875,469.3599853515625,3976023
2025-03-28 19:30:00+00:00,468.9700012207031,469.5,468.04998779296875,468.9599914550781,6037922
2025-03-31 13:30:00+00:00,459.3450012207031,462.5199890136719,457.3500061035156,461.95001220703125,15012778
2025-03-31 14:30:00+00:00,462.45001220703125,463.518798828125,459.3500061035156,459.3500061035156,6910365
2025-03-31 15:30:00+00:00,464.80999755859375,464.80999755859375,461.860107421875,462.3900146484375,5463724
2025-03-31 16:30:00+00:00,463.8349914550781,465.32989501953125,462.9800109863281,464.82000732421875,2725269
2025-03-31 17:30:00+00:00,466.8999938964844,466.92999267578125,462.9512939453125,463.8599853515625,4643417
2025-03-31 18:30:00+00:00,466.7900085449219,468.5299987792969,466.30999755859375,466.8999938964844,6677092
2025-03-31 19:30:00+00:00,468.9299011230469,469.8500061035156,466.47100830078125,466.7799987792969,7737261
2025-04-01 13:30:00+00:00,466.18499755859375,469.1199951171875,464.4200134277344,467.2300109863281,10629229
2025-04-01 14:30:00+00:00,471.70928955078125,472.6600036621094,466.0299987792969,466.1400146484375,6268283
2025-04-01 15:30:00+00:00,471.5320129394531,473.6261901855469,470.94000244140625,471.7749938964844,4779340
2025-04-01 16:30:00+00:00,470.739990234375,472.4599914550781,470.0899963378906,471.6000061035156,4713052
2025-04-01 17:30:00+00:00,467.8599853515625,471.8699951171875,467.3699951171875,470.7300109863281,4356841
2025-04-01 18:30:00+00:00,469.55999755859375,470.19879150390625,467.44000244140625,467.79119873046875,3686919
2025-04-01 19:30:00+00:00,472.6300048828125,473.1700134277344,469.2809143066406,469.510009765625,4279213
2025-04-02 13:30:00+00:00,472.5158996582031,473.1099853515625,465.8599853515625,466.1099853515625,8634582
2025-04-02 14:30:00+00:00,474.875,475.32989501953125,471.6701965332031,472.5299987792969,5180707
2025-04-02 15:30:00+00:00,476.5799865722656,476.6300048828125,472.8699951171875,474.7900085449219,4784385
2025-04-02 16:30:00+00:00,478.17999267578125,479.55999755859375,472.70001220703125,476.6499938964844,4715033
2025-04-02 17:30:00+00:00,472.8659973144531,478.25,472.70001220703125,478.1499938964844,4423598
2025-04-02 18:30:00+00:00,474.79998779296875,475.3399963378906,472.67999267578125,472.8699951171875,4247081
2025-04-02 19:30:00+00:00,476.17999267578125,477.239990234375,474.20001220703125,474.7685852050781,4434864
2025-04-03 13:30:00+00:00,456.3699951171875,460.07000732421875,454.82000732421875,456.3900146484375,20223874
2025-04-03 14:30:00+00:00,453.9800109863281,457.0299987792969,451.80999755859375,456.3900146484375,10304594
2025-04-03 15:30:00+00:00,457.57000732421875,457.92999267578125,453.8800048828125,453.9800109863281,8697606
2025-04-03 16:30:00+00:00,454.489990234375,457.9849853515625,454.0249938964844,457.6099853515625,6183620
2025-04-03 17:30:00+00:00,452.9700012207031,455.8399963378906,452.5130920410156,454.3500061035156,4486563
2025-04-03 18:30:00+00:00,451.69000244140625,454.95001220703125,451.489990234375,452.92999267578125,7103413
2025-04-03 19:30:00+00:00,451.04998779296875,452.49639892578125,450.55499267578125,451.70001220703125,6143103
2025-04-04 13:30:00+00:00,432.3900146484375,440.3500061035156,432.30999755859375,438.010009765625,30855744
2025-04-04 14:30:00+00:00,432.9703063964844,437.9200134277344,426.1000061035156,432.3699951171875,23377524
2025-04-04 15:30:00+00:00,428.739990234375,434.8599853515625,428.0799865722656,433.0299987792969,9471473
2025-04-04 16:30:00+00:00,427.6050109863281,430.6400146484375,425.25,428.69000244140625,10692853
2025-04-04 17:30:00+00:00,426.25,432.32989501953125,425.9599914550781,427.54998779296875,9404666
2025-04-04 18:30:00+00:00,428.2799987792969,429.25,423.5899963378906,426.29998779296875,12505664
2025-04-04 19:30:00+00:00,423.2012023925781,431.3349914550781,423.0799865722656,428.2699890136719,12602204
2025-04-07 13:30:00+00:00,419.44000244140625,443.1400146484375,402.3900146484375,408.57000732421875,63276306
2025-04-07 14:30:00+00:00,415.1112060546875,429.6300048828125,414.05999755859375,420.32000732421875,33917570
2025-04-07 15:30:00+00:00,420.1000061035156,423.9883117675781,415.125,415.125,14745100
2025-04-07 16:30:00+00:00,425.739990234375,426.0,415.57000732421875,420.1099853515625,12697831
2025-04-07 17:30:00+00:00,424.82000732421875,430.1600036621094,422.7200012207031,425.8487854003906,12148621
2025-04-07 18:30:00+00:00,420.760009765625,428.6482849121094,420.1499938964844,424.8800048828125,10318649
2025-04-07 19:30:00+00:00,423.9599914550781,426.2594909667969,420.6000061035156,420.7900085449219,8693799
2025-04-08 13:30:00+00:00,441.385009765625,443.1383972167969,436.07000732421875,438.1600036621094,25937716
2025-04-08 14:30:00+00:00,434.0899963378906,442.5199890136719,434.07000732421875,441.3800048828125,11775498
2025-04-08 15:30:00+00:00,432.5799865722656,437.80999755859375,430.7200012207031,434.1549987792969,8411794
2025-04-08 16:30:00+00:00,422.69000244140625,433.2200012207031,422.510009765625,432.54998779296875,13999254
2025-04-08 17:30:00+00:00,422.68499755859375,428.7799987792969,422.2200012207031,422.625,8467544
2025-04-08 18:30:00+00:00,416.94171142578125,427.3800048828125,413.7300109863281,422.70001220703125,12127954
2025-04-08 19:30:00+00:00,416.239990234375,416.9700927734375,409.7900085449219,416.9700927734375,11642987
2025-04-09 13:30:00+00:00,421.2799987792969,424.94000244140625,415.5299987792969,415.59259033203125,24302916
2025-04-09 14:30:00+00:00,420.04998779296875,423.3999938964844,415.6300048828125,421.30999755859375,8942447
2025-04-09 15:30:00+00:00,421.5,422.6400146484375,416.847412109375,420.05999755859375,6926590
2025-04-09 16:30:00+00:00,444.2099914550781,453.5,420.5799865722656,421.4549865722656,22554260
2025-04-09 17:30:00+00:00,459.5299987792969,461.3291015625,443.5400085449219,444.2200012207031,31957691
2025-04-09 18:30:00+00:00,462.2300109863281,463.4796142578125,451.7300109863281,459.6099853515625,20294097
2025-04-09 19:30:00+00:00,465.1600036621094,467.82000732421875,461.4100036621094,462.07000732421875,17273381
2025-04-10 13:30:00+00:00,450.1485900878906,455.5899963378906,448.2699890136719,453.614990234375,21462175
2025-04-10 14:30:00+00:00,445.8900146484375,453.9200134277344,445.8599853515625,450.1600036621094,10947948
2025-04-10 15:30:00+00:00,434.75,446.4200134277344,432.6499938964844,445.8800048828125,21093120
2025-04-10 16:30:00+00:00,441.4649963378906,446.57000732421875,434.5299987792969,434.8299865722656,15549182
2025-04-10 17:30:00+00:00,449.44000244140625,449.80999755859375,440.5400085449219,441.45001220703125,12243319
2025-04-10 18:30:00+00:00,443.80999755859375,450.82000732421875,443.79998779296875,449.4649963378906,12181092
2025-04-10 19:30:00+00:00,446.17999267578125,447.9200134277344,440.3800048828125,443.8900146484375,9686292
2025-04-11 13:30:00+00:00,442.0899963378906,450.3789978027344,441.3299865722656,445.6099853515625,14705287
2025-04-11 14:30:00+00:00,444.7699890136719,448.6191101074219,441.3399963378906,442.2200012207031,5994871
2025-04-11 15:30:00+00:00,448.3949890136719,450.1000061035156,444.20001220703125,444.7300109863281,4315407
2025-04-11 16:30:00+00:00,450.1888122558594,453.70001220703125,448.4800109863281,448.5,5998375
2025-04-11 17:30:00+00:00,453.1000061035156,455.760009765625,449.0400085449219,450.25,7758607
2025-04-11 18:30:00+00:00,454.6499938964844,455.5696105957031,452.0,453.0799865722656,4568162
2025-04-11 19:30:00+00:00,454.239990234375,455.3500061035156,453.4200134277344,454.5899963378906,6512679
2025-04-14 13:30:00+00:00,462.1600036621094,465.04998779296875,458.6318054199219,464.55999755859375,11650092
2025-04-14 14:30:00+00:00,457.6000061035156,463.54998779296875,457.5299987792969,462.1700134277344,5882938
2025-04-14 15:30:00+00:00,454.4700012207031,458.7200012207031,452.6300048828125,457.6300048828125,6890603
2025-04-14 16:30:00+00:00,455.6499938964844,457.0148010253906,453.5,454.4649963378906,4146256
2025-04-14 17:30:00+00:00,458.8544006347656,459.0199890136719,454.739990234375,455.6400146484375,3649113
2025-04-14 18:30:00+00:00,459.83990478515625,461.1400146484375,458.6000061035156,458.79998779296875,3978004
2025-04-14 19:30:00+00:00,457.3999938964844,460.75,456.92999267578125,459.80999755859375,4282084
2025-04-15 13:30:00+00:00,458.17999267578125,462.3800048828125,457.1499938964844,458.4849853515625,10108432
2025-04-15 14:30:00+00:00,459.19000244140625,461.2300109863281,458.1400146484375,458.2099914550781,4589153
2025-04-15 15:30:00+00:00,460.55999755859375,461.0968933105469,458.57000732421875,459.260009765625,4205066
2025-04-15 16:30:00+00:00,457.1099853515625,460.9198913574219,456.7300109863281,460.5450134277344,3668633
2025-04-15 17:30:00+00:00,456.9800109863281,458.6700134277344,456.1499938964844,457.0700988769531,3523443
2025-04-15 18:30:00+00:00,458.0299987792969,458.92999267578125,456.94000244140625,457.02978515625,3138889
2025-04-15 19:30:00+00:00,457.989990234375,458.6099853515625,457.07000732421875,458.0299987792969,3083743
2025-04-16 13:30:00+00:00,449.8581848144531,451.2799987792969,447.2200012207031,448.9599914550781,9253739
2025-04-16 14:30:00+00:00,451.989990234375,452.5804138183594,449.20001220703125,449.82501220703125,4107743
2025-04-16 15:30:00+00:00,449.1700134277344,452.07000732421875,448.2300109863281,452.010009765625,3277709
2025-04-16 16:30:00+00:00,449.17999267578125,449.79998779296875,447.6700134277344,449.1449890136719,2829884
2025-04-16 17:30:00+00:00,443.4049987792969,449.25,441.8399963378906,449.20001220703125,8953138
2025-04-16 18:30:00+00:00,438.19000244140625,443.5899963378906,437.760009765625,443.3500061035156,7728270
2025-04-16 19:30:00+00:00,444.2300109863281,444.5299987792969,438.2099914550781,438.2099914550781,8761882
2025-04-17 13:30:00+00:00,442.8013000488281,447.3699951171875,442.70001220703125,447.1300048828125,9528233
2025-04-17 14:30:00+00:00,443.2413024902344,445.75,441.3699951171875,442.7900085449219,8636034
2025-04-17 15:30:00+00:00,445.82000732421875,446.32000732421875,442.7300109863281,443.30999755859375,5530542
2025-04-17 16:30:00+00:00,443.9549865722656,446.62640380859375,443.95001220703125,445.8138122558594,3071495
2025-04-17 17:30:00+00:00,446.6593933105469,447.7496032714844,443.98541259765625,444.0,4110390
2025-04-17 18:30:00+00:00,444.05999755859375,447.5899963378906,443.4800109863281,446.67999267578125,6027503
2025-04-17 19:30:00+00:00,444.0199890136719,445.3699951171875,443.0,444.0899963378906,4608438
2025-04-21 13:30:00+00:00,433.32000732421875,439.0799865722656,432.6499938964844,438.3599853515625,8320692
2025-04-21 14:30:00+00:00,431.92999267578125,434.8299865722656,431.67999267578125,433.2300109863281,5562205
2025-04-21 15:30:00+00:00,430.6802978515625,432.20001220703125,430.0,431.95001220703125,3816443
2025-04-21 16:30:00+00:00,429.1099853515625,432.1300048828125,428.70001220703125,430.6885986328125,5183693
2025-04-21 17:30:00+00:00,429.20001220703125,429.70001220703125,427.95001220703125,429.051513671875,3411834
2025-04-21 18:30:00+00:00,429.7593078613281,430.6000061035156,427.92999267578125,429.19500732421875,5855755
2025-04-21 19:30:00+00:00,433.2699890136719,433.9700012207031,429.75,429.7799987792969,8437480
2025-04-22 13:30:00+00:00,441.8699951171875,442.57000732421875,437.6199951171875,438.8800048828125,9438370
2025-04-22 14:30:00+00:00,443.6499938964844,444.4700012207031,441.4800109863281,441.739990234375,6822796
2025-04-22 15:30:00+00:00,447.1199951171875,447.5799865722656,442.11981201171875,443.6600036621094,6731661
2025-04-22 16:30:00+00:00,441.43011474609375,447.3999938964844,441.1499938964844,447.17999267578125,6539236
2025-04-22 17:30:00+00:00,443.5400085449219,443.8299865722656,440.2900085449219,441.3999938964844,7142127
2025-04-22 18:30:00+00:00,441.7850036621094,444.8299865722656,441.54998779296875,443.57000732421875,5430120
2025-04-22 19:30:00+00:00,444.3800048828125,444.9700012207031,441.010009765625,441.7799987792969,5319648
2025-04-23 13:30:00+00:00,461.8399963378906,462.5799865722656,457.43499755859375,458.2300109863281,18585458
2025-04-23 14:30:00+00:00,457.3299865722656,463.3800048828125,456.5299987792969,461.7799987792969,7353612
2025-04-23 15:30:00+00:00,455.510009765625,458.29998779296875,453.32000732421875,457.3399963378906,6491181
2025-04-23 16:30:00+00:00,457.4700012207031,458.5799865722656,455.07000732421875,455.44500732421875,4837255
2025-04-23 17:30:00+00:00,456.3699951171875,458.40948486328125,455.7314147949219,457.5,4191397
2025-04-23 18:30:00+00:00,454.010009765625,457.3999938964844,453.533203125,456.42999267578125,4518954
2025-04-23 19:30:00+00:00,454.3500061035156,456.0,452.8900146484375,454.04998779296875,6132120
2025-04-24 13:30:00+00:00,462.8500061035156,462.8999938964844,455.8301086425781,456.4800109863281,11698189
2025-04-24 14:30:00+00:00,462.9798889160156,464.4200134277344,461.5799865722656,462.7900085449219,6601000
2025-04-24 15:30:00+00:00,464.9150085449219,465.3800048828125,462.443603515625,463.0799865722656,4751866
2025-04-24 16:30:00+00:00,465.5299987792969,466.1549987792969,464.3999938964844,464.93499755859375,4009530
2025-04-24 17:30:00+00:00,466.29998779296875,466.5299987792969,464.7799987792969,465.55999755859375,3754581
2025-04-24 18:30:00+00:00,465.260009765625,467.3299865722656,464.7799987792969,466.29998779296875,5461746
2025-04-24 19:30:00+00:00,467.2049865722656,467.6600036621094,465.1650085449219,465.2699890136719,5221977
2025-04-25 13:30:00+00:00,466.2200012207031,469.489990234375,465.3900146484375,467.19000244140625,10675563
2025-04-25 14:30:00+00:00,468.1499938964844,469.20001220703125,465.3999938964844,466.2850036621094,3470059
2025-04-25 15:30:00+00:00,469.9599914550781,470.06768798828125,467.22021484375,468.1099853515625,3863303
2025-04-25 16:30:00+00:00,472.92999267578125,473.0899963378906,469.7799987792969,469.8204040527344,4908969
2025-04-25 17:30:00+00:00,471.4549865722656,472.9599914550781,468.7351989746094,472.95001220703125,5785857
2025-04-25 18:30:00+00:00,471.43499755859375,472.4451904296875,471.25,471.5069885253906,3719187
2025-04-25 19:30:00+00:00,472.54998779296875,472.8900146484375,470.489990234375,471.32000732421875,4181109
2025-04-28 13:30:00+00:00,471.5799865722656,474.8080139160156,470.260009765625,473.0199890136719,9459460
2025-04-28 14:30:00+00:00,467.44488525390625,472.7799987792969,467.2799987792969,471.6099853515625,5193398
2025-04-28 15:30:00+00:00,466.54998779296875,469.1400146484375,466.20550537109375,467.4540100097656,4310476
2025-04-28 16:30:00+00:00,466.3699951171875,468.3800048828125,466.0299987792969,466.6199951171875,3277165
2025-04-28 17:30:00+00:00,469.6099853515625,469.8900146484375,466.1499938964844,466.3800048828125,2757421
2025-04-28 18:30:00+00:00,472.0299987792969,472.2099914550781,469.1300048828125,469.5899963378906,3357384
2025-04-28 19:30:00+00:00,472.45001220703125,473.7349853515625,471.70001220703125,471.989990234375,3354023
2025-04-29 13:30:00+00:00,471.79998779296875,474.34698486328125,469.5899963378906,470.260009765625,7210153
2025-04-29 14:30:00+00:00,473.19000244140625,474.6199951171875,471.7196044921875,471.7958984375,3895281
2025-04-29 15:30:00+00:00,473.5299987792969,474.4599914550781,471.9200134277344,473.19000244140625,2534509
2025-04-29 16:30:00+00:00,473.32000732421875,473.95001220703125,471.2099914550781,473.489990234375,3618698
2025-04-29 17:30:00+00:00,476.07000732421875,476.3699951171875,473.20001220703125,473.2900085449219,4840125
2025-04-29 18:30:00+00:00,475.5,476.4242858886719,475.0801086425781,476.07000732421875,3072774
2025-04-29 19:30:00+00:00,475.4200134277344,476.29998779296875,474.67999267578125,475.5199890136719,2913387
2025-04-30 13:30:00+00:00,467.3800048828125,467.5050048828125,462.42999267578125,467.0299987792969,12481267
2025-04-30 14:30:00+00:00,469.8800048828125,470.5199890136719,466.57000732421875,467.3800048828125,6321354
2025-04-30 15:30:00+00:00,469.2250061035156,471.29998779296875,468.8409118652344,469.8800048828125,3852204
2025-04-30 16:30:00+00:00,470.9100036621094,471.0299987792969,468.0299987792969,469.19000244140625,3606984
2025-04-30 17:30:00+00:00,471.8599853515625,473.92999267578125,470.67999267578125,470.8599853515625,5563790
2025-04-30 18:30:00+00:00,471.45001220703125,472.6600036621094,470.7200012207031,471.82000732421875,2899281
2025-04-30 19:30:00+00:00,475.44000244140625,477.20001220703125,471.3299865722656,471.4700012207031,5619878
2025-05-01 13:30:00+00:00,484.1499938964844,484.2900085449219,480.8200988769531,483.4599914550781,11274475
2025-05-01 14:30:00+00:00,486.0199890136719,487.17999267578125,483.5799865722656,484.1499938964844,6739291
2025-05-01 15:30:00+00:00,483.3699951171875,486.1679992675781,482.0,486.1499938964844,5630091
2025-05-01 16:30:00+00:00,484.1600036621094,484.8500061035156,482.30999755859375,483.34259033203125,2745280
2025-05-01 17:30:00+00:00,484.55010986328125,485.2200012207031,482.7900085449219,484.17999267578125,2628307
2025-05-01 18:30:00+00:00,484.6000061035156,485.30999755859375,483.44000244140625,484.6300048828125,2990563
2025-05-01 19:30:00+00:00,481.2099914550781,484.69000244140625,480.739990234375,484.6300048828125,5821427
2025-05-02 13:30:00+00:00,488.6449890136719,488.6600036621094,484.8299865722656,486.6300048828125,10016208
2025-05-02 14:30:00+00:00,487.6700134277344,488.9700012207031,487.2799987792969,488.6300048828125,4155618
2025-05-02 15:30:00+00:00,489.6600036621094,490.5400085449219,487.3500061035156,487.69000244140625,5395030
2025-05-02 16:30:00+00:00,489.3200988769531,490.6700134277344,489.0,489.6723937988281,4936351
2025-05-02 17:30:00+00:00,490.19000244140625,490.4898986816406,489.0400085449219,489.3299865722656,2646614
2025-05-02 18:30:00+00:00,489.6499938964844,490.9100036621094,488.6099853515625,490.19500732421875,4035635
2025-05-02 19:30:00+00:00,488.8599853515625,489.69000244140625,487.9599914550781,489.5638122558594,5518728
2025-05-05 13:30:00+00:00,485.875,487.0899963378906,484.1000061035156,484.57501220703125,7995163
2025-05-05 14:30:00+00:00,486.760009765625,487.3999938964844,484.6400146484375,485.864990234375,4538043
2025-05-05 15:30:00+00:00,487.6300964355469,487.82000732421875,485.989990234375,486.79998779296875,2089113
2025-05-05 16:30:00+00:00,487.6000061035156,487.95001220703125,486.989990234375,487.6499938964844,2683021
2025-05-05 17:30:00+00:00,488.32501220703125,488.57501220703125,487.510009765625,487.6000061035156,2079868
2025-05-05 18:30:00+00:00,487.1400146484375,489.0199890136719,486.989990234375,488.29998779296875,2778449
2025-05-05 19:30:00+00:00,485.95001220703125,487.7799987792969,485.5,487.1300048828125,3652789
2025-05-06 13:30:00+00:00,482.05499267578125,482.2900085449219,478.20001220703125,479.55999755859375,8798086
2025-05-06 14:30:00+00:00,483.0400085449219,483.1300048828125,481.6000061035156,482.0350036621094,2864394
2025-05-06 15:30:00+00:00,482.19989013671875,485.04998779296875,481.61529541015625,483.0199890136719,5303139
2025-05-06 16:30:00+00:00,481.5899963378906,483.1199951171875,481.05999755859375,482.1400146484375,3137047
2025-05-06 17:30:00+00:00,482.7300109863281,482.83990478515625,480.5400085449219,481.6400146484375,3052120
2025-05-06 18:30:00+00:00,483.20001220703125,483.42999267578125,482.1700134277344,482.6600036621094,3019452
2025-05-06 19:30:00+00:00,481.3900146484375,483.79998779296875,481.30999755859375,483.1499938964844,3222648
2025-05-07 13:30:00+00:00,483.87811279296875,484.0,481.19500732421875,482.1099853515625,6277535
2025-05-07 14:30:00+00:00,480.0101013183594,483.9851989746094,479.4599914550781,483.8800048828125,4673146
2025-05-07 15:30:00+00:00,480.0,481.04998779296875,479.4200134277344,479.989990234375,2958257
2025-05-07 16:30:00+00:00,482.0899963378906,482.67999267578125,479.8599853515625,480.0,2206996
2025-05-07 17:30:00+00:00,479.0400085449219,482.2300109863281,476.7820129394531,482.0400085449219,5064633
2025-05-07 18:30:00+00:00,479.06500244140625,482.1400146484375,478.3500061035156,479.0,5254988
2025-05-07 19:30:00+00:00,483.3399963378906,485.79998779296875,478.8500061035156,479.0299987792969,9195940
2025-05-08 13:30:00+00:00,486.7950134277344,488.7300109863281,485.239990234375,488.5400085449219,8837501
2025-05-08 14:30:00+00:00,488.7250061035156,489.5216064453125,484.1700134277344,486.82000732421875,6381314
2025-05-08 15:30:00+00:00,491.3810119628906,492.4100036621094,488.04998779296875,488.7200927734375,7906519
2025-05-08 16:30:00+00:00,491.80999755859375,492.70001220703125,491.239990234375,491.3948974609375,3285541
2025-05-08 17:30:00+00:00,491.02020263671875,491.95001220703125,490.2300109863281,491.8006896972656,3033864
2025-05-08 18:30:00+00:00,492.2799987792969,492.55999755859375,490.9599914550781,491.0199890136719,3540498
2025-05-08 19:30:00+00:00,488.239990234375,492.3599853515625,487.989990234375,492.29998779296875,4264732
2025-05-09 13:30:00+00:00,488.0000915527344,491.5400085449219,487.5101013183594,490.2799987792969,6310013
2025-05-09 14:30:00+00:00,487.989990234375,489.0,486.2099914550781,488.0400085449219,5260414
2025-05-09 15:30:00+00:00,487.1899108886719,488.9599914550781,486.6300048828125,488.0,3043960
2025-05-09 16:30:00+00:00,487.2799987792969,487.9649963378906,486.2699890136719,487.20001220703125,3117308
2025-05-09 17:30:00+00:00,487.7200012207031,488.6499938964844,486.8999938964844,487.2900085449219,2738102
2025-05-09 18:30:00+00:00,488.534912109375,489.2099914550781,487.6600036621094,487.7279968261719,2475164
2025-05-09 19:30:00+00:00,488.05999755859375,488.82989501953125,487.8299865722656,488.54998779296875,2904602
2025-05-12 13:30:00+00:00,502.69000244140625,507.05999755859375,502.2799987792969,506.989990234375,14540412
2025-05-12 14:30:00+00:00,503.77410888671875,504.4580078125,501.5,502.739990234375,4947867
2025-05-12 15:30:00+00:00,504.6700134277344,505.0628967285156,503.1300048828125,503.7799987792969,4492036
2025-05-12 16:30:00+00:00,506.54998779296875,507.3700866699219,504.6000061035156,504.6789855957031,4115328
2025-05-12 17:30:00+00:00,507.1400146484375,507.3299865722656,506.3999938964844,506.54998779296875,2758243
2025-05-12 18:30:00+00:00,506.1499938964844,507.5802001953125,505.95159912109375,507.17999267578125,3963763
2025-05-12 19:30:00+00:00,507.7900085449219,507.8800048828125,505.5799865722656,506.1400146484375,5473940
2025-05-13 13:30:00+00:00,514.1300048828125,514.9500122070312,508.4200134277344,509.1600036621094,14555341
2025-05-13 14:30:00+00:00,515.7550048828125,516.0999755859375,513.5549926757812,514.1500244140625,8045765
2025-05-13 15:30:00+00:00,516.3599853515625,516.469970703125,515.1300048828125,515.739990234375,5912566
2025-05-13 16:30:00+00:00,516.6699829101562,517.1799926757812,515.9199829101562,516.3209228515625,5398665
2025-05-13 17:30:00+00:00,516.3350219726562,517.3900146484375,515.6500244140625,516.6849975585938,5661755
2025-05-13 18:30:00+00:00,516.7899780273438,517.27001953125,515.780029296875,516.3599853515625,4673961
2025-05-13 19:30:00+00:00,515.5800170898438,517.27001953125,515.260009765625,516.780029296875,5956492
2025-05-14 13:30:00+00:00,517.4199829101562,518.9199829101562,515.75,516.719970703125,13348163
2025-05-14 14:30:00+00:00,518.1500244140625,518.4099731445312,516.1099853515625,517.4000244140625,6769803
2025-05-14 15:30:00+00:00,518.4099731445312,518.7000122070312,517.8400268554688,518.1400146484375,5349563
2025-05-14 16:30:00+00:00,516.7308959960938,519.2279052734375,515.9400024414062,518.4199829101562,5706882
2025-05-14 17:30:00+00:00,517.469970703125,518.1699829101562,516.6290283203125,516.719970703125,3935926
2025-05-14 18:30:00+00:00,517.6849975585938,518.7899780273438,517.2100219726562,517.489990234375,4854278
2025-05-14 19:30:00+00:00,518.7000122070312,518.9299926757812,517.0999755859375,517.6900024414062,5062865
2025-05-15 13:30:00+00:00,516.1300048828125,517.5250244140625,515.1699829101562,516.530029296875,10733578
2025-05-15 14:30:00+00:00,518.94189453125,519.3599853515625,515.4000244140625,516.1300048828125,6602560
2025-05-15 15:30:00+00:00,519.8499755859375,520.280029296875,518.52001953125,519.0,5860321
2025-05-15 16:30:00+00:00,521.68017578125,521.9299926757812,519.47998046875,519.8300170898438,4477233
2025-05-15 17:30:00+00:00,519.0599975585938,521.719970703125,518.239990234375,521.7192993164062,5658024
2025-05-15 18:30:00+00:00,516.9000244140625,519.8200073242188,516.489990234375,519.030029296875,7177233
2025-05-15 19:30:00+00:00,519.2899780273438,519.2999877929688,516.8699951171875,516.8699951171875,6982311
2025-05-16 13:30:00+00:00,519.3350219726562,520.7100219726562,518.7899780273438,520.52001953125,10703525
2025-05-16 14:30:00+00:00,518.97998046875,519.3599853515625,517.0999755859375,519.3275146484375,8353273
2025-05-16 15:30:00+00:00,519.8599853515625,520.239990234375,518.969970703125,518.97998046875,5416858
2025-05-16 16:30:00+00:00,520.4099731445312,520.5700073242188,519.4000244140625,519.8499755859375,4526605
2025-05-16 17:30:00+00:00,520.4500122070312,520.8790893554688,519.8400268554688,520.4099731445312,3809130
2025-05-16 18:30:00+00:00,521.3150024414062,521.5499877929688,520.3049926757812,520.4400024414062,4952999
2025-05-16 19:30:00+00:00,521.52001953125,521.7000122070312,520.5,521.3200073242188,7098817
2025-05-19 13:30:00+00:00,519.1666870117188,520.5549926757812,514.8150024414062,515.0900268554688,14850973
2025-05-19 14:30:00+00:00,519.1900024414062,519.8900146484375,518.52001953125,519.1900024414062,8251306
2025-05-19 15:30:00+00:00,520.780029296875,520.9199829101562,516.2999877929688,519.1799926757812,4697093
2025-05-19 16:30:00+00:00,522.0,522.530029296875,520.1400146484375,520.7899780273438,5590846
2025-05-19 17:30:00+00:00,520.52001953125,522.5,520.27001953125,522.02001953125,6499561
2025-05-19 18:30:00+00:00,520.469970703125,521.6300048828125,520.1199951171875,520.530029296875,5962340
2025-05-19 19:30:00+00:00,522.030029296875,522.2750244140625,520.4199829101562,520.489990234375,4357776
2025-05-20 13:30:00+00:00,519.0300903320312,520.094970703125,518.0700073242188,519.469970703125,9959453
2025-05-20 14:30:00+00:00,519.6900024414062,520.3800048828125,518.72998046875,518.989990234375,5573502
2025-05-20 15:30:00+00:00,519.8900146484375,520.25,518.9299926757812,519.6900024414062,4141833
2025-05-20 16:30:00+00:00,520.4349975585938,520.9199829101562,519.8400268554688,519.8900146484375,2993437
2025-05-20 17:30:00+00:00,517.9299926757812,520.489990234375,517.7000122070312,520.447509765625,4157316
2025-05-20 18:30:00+00:00,518.5599975585938,518.8099975585938,516.6599731445312,517.9199829101562,6137924
2025-05-20 19:30:00+00:00,520.239990234375,520.3599853515625,518.5750122070312,518.5800170898438,5778130
2025-05-21 13:30:00+00:00,518.8170166015625,520.0800170898438,516.27001953125,516.27001953125,11018117
2025-05-21 14:30:00+00:00,522.0499877929688,522.4299926757812,518.530029296875,518.8200073242188,7731051
2025-05-21 15:30:00+00:00,522.3200073242188,522.7899780273438,521.4199829101562,522.02001953125,5643959
2025-05-21 16:30:00+00:00,514.4498901367188,523.0,514.2100219726562,522.3499755859375,11562450
2025-05-21 17:30:00+00:00,515.280029296875,517.4500122070312,513.3800048828125,514.3800048828125,12297864
2025-05-21 18:30:00+00:00,511.80999755859375,516.3200073242188,511.239990234375,515.3200073242188,10395599
2025-05-21 19:30:00+00:00,513.0599975585938,514.8099975585938,511.8299865722656,511.8299865722656,9849060
2025-05-22 13:30:00+00:00,515.1849975585938,517.5399780273438,512.2999877929688,513.5999755859375,14023492
2025-05-22 14:30:00+00:00,514.635009765625,516.02001953125,513.5800170898438,515.2100219726562,8044098
2025-05-22 15:30:00+00:00,516.05126953125,517.3900146484375,514.3800048828125,514.5900268554688,7498432
2025-05-22 16:30:00+00:00,515.9949951171875,516.1900024414062,514.3099975585938,516.0599975585938,4659510
2025-05-22 17:30:00+00:00,516.5999755859375,517.1300048828125,515.510009765625,515.989990234375,5431478
2025-05-22 18:30:00+00:00,517.4199829101562,517.7100219726562,516.0700073242188,516.5999755859375,4525743
2025-05-22 19:30:00+00:00,514.02001953125,517.47998046875,513.59130859375,517.4400024414062,8073523
2025-05-23 13:30:00+00:00,508.42999267578125,509.6700134277344,505.6000061035156,506.17999267578125,17816939
2025-05-23 14:30:00+00:00,508.8800048828125,509.5392150878906,507.05999755859375,508.4700012207031,7005955
2025-05-23 15:30:00+00:00,509.010009765625,510.0249938964844,507.8800048828125,508.8399963378906,6141971
2025-05-23 16:30:00+00:00,511.510009765625,511.5899963378906,508.2900085449219,509.0299987792969,5458775
2025-05-23 17:30:00+00:00,510.760009765625,511.8399963378906,509.9800109863281,511.5150146484375,6025553
2025-05-23 18:30:00+00:00,510.17999267578125,511.5,509.5299987792969,510.7200012207031,5389524
2025-05-23 19:30:00+00:00,509.2864990234375,511.1044921875,508.82000732421875,510.1499938964844,6856161
2025-05-27 13:30:00+00:00,518.8499755859375,519.1699829101562,514.5900268554688,516.1599731445312,12094472
2025-05-27 14:30:00+00:00,519.3400268554688,519.5750122070312,518.3499755859375,518.8599853515625,5405546
2025-05-27 15:30:00+00:00,519.8250122070312,520.1500244140625,518.8200073242188,519.3200073242188,4484930
2025-05-27 16:30:00+00:00,520.885009765625,521.1900024414062,519.8150024414062,519.8400268554688,4973891
2025-05-27 17:30:00+00:00,521.0399780273438,521.7000122070312,520.6500244140625,520.8936157226562,5353971
2025-05-27 18:30:00+00:00,520.4400024414062,521.1950073242188,520.260009765625,521.0599975585938,4697588
2025-05-27 19:30:00+00:00,521.2000122070312,521.27001953125,519.9099731445312,520.4400024414062,7738055
2025-05-28 13:30:00+00:00,521.0,523.6799926757812,520.5900268554688,522.1900024414062,8265084
2025-05-28 14:30:00+00:00,521.0549926757812,521.52001953125,520.2999877929688,521.010009765625,5480086
2025-05-28 15:30:00+00:00,521.3300170898438,521.489990234375,520.4600219726562,521.0499877929688,3650122
2025-05-28 16:30:00+00:00,521.5399780273438,521.8300170898438,520.9201049804688,521.3200073242188,3027361
2025-05-28 17:30:00+00:00,521.6099853515625,522.1199951171875,521.010009765625,521.5399780273438,3659677
2025-05-28 18:30:00+00:00,521.0307006835938,522.380126953125,519.6699829101562,521.5999755859375,7455824
2025-05-28 19:30:00+00:00,518.9500122070312,521.1201171875,518.4000244140625,521.0399780273438,7928964
2025-05-29 13:30:00+00:00,521.0800170898438,526.47998046875,519.25,526.3300170898438,16679999
2025-05-29 14:30:00+00:00,522.1500244140625,522.6500244140625,520.4600219726562,521.0700073242188,7863534
2025-05-29 15:30:00+00:00,520.3200073242188,522.22998046875,517.3200073242188,522.1199951171875,9016373
2025-05-29 16:30:00+00:00,520.0499877929688,521.6400146484375,519.9099731445312,520.3300170898438,4963893
2025-05-29 17:30:00+00:00,518.02001953125,520.5800170898438,517.7100219726562,520.0700073242188,5497632
2025-05-29 18:30:00+00:00,518.969970703125,519.8800048828125,518.02001953125,518.02001953125,6578137
2025-05-29 19:30:00+00:00,519.9550170898438,520.9099731445312,518.9600219726562,518.9600219726562,6668325
2025-05-30 13:30:00+00:00,519.5,519.6799926757812,515.8900146484375,519.52001953125,13417026
2025-05-30 14:30:00+00:00,519.0900268554688,519.8599853515625,517.9299926757812,519.489990234375,7130227
2025-05-30 15:30:00+00:00,514.4400024414062,519.3499755859375,514.0700073242188,519.0900268554688,8555068
2025-05-30 16:30:00+00:00,514.4099731445312,514.8699951171875,511.92999267578125,514.4299926757812,12138083
2025-05-30 17:30:00+00:00,516.97998046875,517.4000244140625,514.1300048828125,514.3800048828125,6542601
2025-05-30 18:30:00+00:00,519.5800170898438,519.8350219726562,516.530029296875,516.97998046875,7235924
2025-05-30 19:30:00+00:00,519.1799926757812,520.6799926757812,518.5692749023438,519.5999755859375,10086006
2025-06-02 13:30:00+00:00,519.4550170898438,521.3499755859375,515.969970703125,517.3099975585938,12985661
2025-06-02 14:30:00+00:00,519.219970703125,520.385009765625,518.72998046875,519.4500122070312,7614902
2025-06-02 15:30:00+00:00,520.5,521.02001953125,518.8900146484375,519.2899780273438,4615328
2025-06-02 16:30:00+00:00,521.14501953125,521.75,520.0,520.4500122070312,3537316
2025-06-02 17:30:00+00:00,522.5892944335938,522.6699829101562,520.5700073242188,521.1300048828125,5141303
2025-06-02 18:30:00+00:00,523.1500244140625,523.4500122070312,522.1799926757812,522.5900268554688,4185989
2025-06-02 19:30:00+00:00,523.1900024414062,523.3499755859375,522.2899780273438,523.1400146484375,4224884
2025-06-03 13:30:00+00:00,525.4005126953125,525.8099975585938,522.7293090820312,523.5999755859375,9833471
2025-06-03 14:30:00+00:00,526.5999755859375,526.9600219726562,524.52001953125,525.4149780273438,5721217
2025-06-03 15:30:00+00:00,527.52001953125,527.6199951171875,526.219970703125,526.6199951171875,5335981
2025-06-03 16:30:00+00:00,528.375,528.72998046875,527.4600219726562,527.52001953125,4429288
2025-06-03 17:30:00+00:00,527.3099975585938,528.4749755859375,525.77001953125,528.3599853515625,6454762
2025-06-03 18:30:00+00:00,527.6400146484375,527.7883911132812,527.0499877929688,527.3001098632812,4392647
2025-06-03 19:30:00+00:00,527.4299926757812,527.905029296875,526.47998046875,527.6400146484375,5166826
2025-06-04 13:30:00+00:00,528.4650268554688,529.6599731445312,525.9694213867188,528.3699951171875,11570121
2025-06-04 14:30:00+00:00,528.7650146484375,529.4299926757812,527.5599975585938,528.4500122070312,5401245
2025-06-04 15:30:00+00:00,527.8599853515625,529.2000122070312,527.548828125,528.719970703125,3861524
2025-06-04 16:30:00+00:00,529.1749877929688,529.3599853515625,527.7000122070312,527.8499755859375,2666214
2025-06-04 17:30:00+00:00,529.719970703125,529.780029296875,528.719970703125,529.155029296875,4262649
2025-06-04 18:30:00+00:00,529.4099731445312,529.8400268554688,529.1300048828125,529.7100219726562,5516069
2025-06-04 19:30:00+00:00,528.760009765625,529.6099853515625,528.5499877929688,529.4099731445312,5038676
2025-06-05 13:30:00+00:00,529.9199829101562,530.8400268554688,527.5499877929688,530.1799926757812,10188772
2025-06-05 14:30:00+00:00,532.789306640625,532.9099731445312,527.5900268554688,529.9199829101562,10798469
2025-06-05 15:30:00+00:00,531.3798828125,533.0499877929688,530.2100219726562,532.780029296875,5433495
2025-06-05 16:30:00+00:00,529.22998046875,531.52001953125,526.510009765625,531.3599853515625,7354027
2025-06-05 17:30:00+00:00,527.635009765625,529.6199951171875,525.22998046875,529.2100219726562,6206982
2025-06-05 18:30:00+00:00,524.4299926757812,528.4000244140625,522.6699829101562,527.6199951171875,9518531
2025-06-05 19:30:00+00:00,524.7000122070312,526.8300170898438,524.135009765625,524.47998046875,7870788
2025-06-06 13:30:00+00:00,529.7100830078125,531.6199951171875,529.2999877929688,530.010009765625,12702364
2025-06-06 14:30:00+00:00,529.7850952148438,531.7100219726562,528.719970703125,529.7100219726562,6383205
2025-06-06 15:30:00+00:00,529.8599853515625,530.9199829101562,529.5499877929688,529.8599853515625,3847098
2025-06-06 16:30:00+00:00,529.8099975585938,530.1599731445312,528.2100219726562,529.8400268554688,4080043
2025-06-06 17:30:00+00:00,531.1599731445312,531.6400146484375,529.8200073242188,529.8200073242188,3753555
2025-06-06 18:30:00+00:00,530.2949829101562,531.7999877929688,530.0700073242188,531.1300048828125,4142385
2025-06-06 19:30:00+00:00,529.8400268554688,530.7650146484375,529.739990234375,530.2899780273438,4976974
2025-06-09 13:30:00+00:00,531.4500122070312,531.7899780273438,529.010009765625,530.0900268554688,8058039
2025-06-09 14:30:00+00:00,530.7907104492188,532.3300170898438,530.530029296875,531.4600219726562,4656546
2025-06-09 15:30:00+00:00,530.9199829101562,531.3900146484375,530.5900268554688,530.7999877929688,2863912
2025-06-09 16:30:00+00:00,531.5999755859375,532.22998046875,530.9199829101562,530.9600219726562,3673883
2025-06-09 17:30:00+00:00,531.7899780273438,532.0800170898438,531.27001953125,531.5800170898438,2576631
2025-06-09 18:30:00+00:00,531.5900268554688,532.0872802734375,531.2000122070312,531.760009765625,4370096
2025-06-09 19:30:00+00:00,530.6799926757812,531.760009765625,530.5900268554688,531.5800170898438,4952561
2025-06-10 13:30:00+00:00,532.0700073242188,532.5399780273438,530.751220703125,531.3079223632812,7698002
2025-06-10 14:30:00+00:00,531.6699829101562,532.4400024414062,531.4000854492188,532.0700073242188,3990531
2025-06-10 15:30:00+00:00,532.864990234375,533.0,528.8900146484375,531.6749877929688,6927763
2025-06-10 16:30:00+00:00,532.4500122070312,533.409912109375,532.4099731445312,532.875,3666360
2025-06-10 17:30:00+00:00,532.0501098632812,532.5191040039062,530.7899780273438,532.4500122070312,4190576
2025-06-10 18:30:00+00:00,534.3250122070312,534.9000244140625,532.010009765625,532.030029296875,7292804
2025-06-10 19:30:00+00:00,534.280029296875,534.4199829101562,532.9400024414062,534.2999877929688,5168487
2025-06-11 13:30:00+00:00,536.135009765625,536.260009765625,533.1950073242188,535.52001953125,11147971
2025-06-11 14:30:00+00:00,535.7100219726562,536.780029296875,535.280029296875,536.1400146484375,6432266
2025-06-11 15:30:00+00:00,534.6400146484375,535.8400268554688,532.969970703125,535.5399780273438,6347826
2025-06-11 16:30:00+00:00,535.364990234375,535.60498046875,534.1500244140625,534.6300048828125,3695956
2025-06-11 17:30:00+00:00,531.5380249023438,535.4400024414062,530.111328125,535.375,8593374
2025-06-11 18:30:00+00:00,531.510009765625,533.0700073242188,530.6900024414062,531.5850219726562,8103753
2025-06-11 19:30:00+00:00,532.4500122070312,532.5499877929688,530.9199829101562,531.530029296875,6636005
2025-06-12 13:30:00+00:00,533.2650146484375,533.510009765625,530.8499755859375,531.0,7507777
2025-06-12 14:30:00+00:00,533.2100219726562,534.643798828125,532.35009765625,533.2999877929688,5403656
2025-06-12 15:30:00+00:00,534.1235961914062,534.3200073242188,532.639892578125,533.219970703125,4778650
2025-06-12 16:30:00+00:00,533.760009765625,534.4199829101562,533.1400146484375,534.1199951171875,4045053
2025-06-12 17:30:00+00:00,533.2650146484375,534.4099731445312,532.8200073242188,533.72998046875,3343076
2025-06-12 18:30:00+00:00,533.6300048828125,534.0499877929688,532.8699951171875,533.27001953125,3847530
2025-06-12 19:30:00+00:00,533.6599731445312,533.7000122070312,532.5999755859375,533.6300048828125,3445438
2025-06-13 13:30:00+00:00,526.3699951171875,530.3800048828125,526.1500244140625,527.6799926757812,12057642
2025-06-13 14:30:00+00:00,530.52001953125,530.739990234375,526.239990234375,526.3602294921875,7546631
2025-06-13 15:30:00+00:00,531.0250244140625,531.8699951171875,530.1812744140625,530.4949951171875,4868641
2025-06-13 16:30:00+00:00,529.8599853515625,531.60498046875,529.4600219726562,531.0599975585938,4782127
2025-06-13 17:30:00+00:00,527.489990234375,530.6500244140625,527.3699951171875,529.8699951171875,6113965
2025-06-13 18:30:00+00:00,526.5,527.9199829101562,525.77001953125,527.489990234375,10301218
2025-06-13 19:30:00+00:00,526.9400024414062,527.5,525.72998046875,526.5,7665143
2025-06-16 13:30:00+00:00,534.7999877929688,534.8800048828125,530.4500122070312,530.5,10807362
2025-06-16 14:30:00+00:00,534.5800170898438,535.3699951171875,534.2000122070312,534.8099975585938,5008867
2025-06-16 15:30:00+00:00,534.0900268554688,534.9550170898438,533.8099975585938,534.5599975585938,3990396
2025-06-16 16:30:00+00:00,534.760009765625,534.9600219726562,533.5,534.0999755859375,2910678
2025-06-16 17:30:00+00:00,534.1749877929688,535.0599975585938,533.8099975585938,534.7650146484375,2621959
2025-06-16 18:30:00+00:00,534.0100708007812,534.4000244140625,533.3350219726562,534.1793212890625,4237676
2025-06-16 19:30:00+00:00,534.27001953125,534.489990234375,533.4500122070312,534.02001953125,4895472
2025-06-17 13:30:00+00:00,532.5800170898438,533.3200073242188,530.8051147460938,531.7100219726562,8204223
2025-06-17 14:30:00+00:00,532.280029296875,533.3250122070312,531.8099975585938,532.5599975585938,4714011
2025-06-17 15:30:00+00:00,532.7100219726562,533.239990234375,531.989990234375,532.2899780273438,3805038
2025-06-17 16:30:00+00:00,530.4500122070312,533.1300048828125,530.4199829101562,532.6900024414062,5109722
2025-06-17 17:30:00+00:00,528.5349731445312,531.280029296875,528.092529296875,530.4500122070312,7489838
2025-06-17 18:30:00+00:00,529.77001953125,529.8400268554688,527.9199829101562,528.5499877929688,5033517
2025-06-17 19:30:00+00:00,529.0,530.0800170898438,528.7899780273438,529.7899780273438,5070462
2025-06-18 13:30:00+00:00,531.97998046875,532.1799926757812,528.47998046875,530.0800170898438,8881047
2025-06-18 14:30:00+00:00,531.3400268554688,532.5499877929688,531.260009765625,531.9849853515625,4817455
2025-06-18 15:30:00+00:00,530.8806762695312,532.0399780273438,530.72998046875,531.6380004882812,3386063
2025-06-18 16:30:00+00:00,529.6339721679688,531.4609985351562,529.6199951171875,530.8599853515625,3397622
2025-06-18 17:30:00+00:00,530.4500122070312,532.0800170898438,528.780029296875,529.6400146484375,6079520
2025-06-18 18:30:00+00:00,528.3300170898438,531.739990234375,527.4099731445312,530.4600219726562,10179559
2025-06-18 19:30:00+00:00,528.9600219726562,530.2899780273438,528.030029296875,528.2899780273438,4789708
2025-06-20 13:30:00+00:00,528.9000244140625,533.5499877929688,527.780029296875,532.14501953125,12116688
2025-06-20 14:30:00+00:00,527.0549926757812,529.5700073242188,525.0999755859375,528.9400024414062,8566306
2025-06-20 15:30:00+00:00,527.219970703125,528.5999755859375,526.530029296875,527.1951293945312,8985191
2025-06-20 16:30:00+00:00,525.5919799804688,528.4199829101562,525.5800170898438,527.2100219726562,5293773
2025-06-20 17:30:00+00:00,527.5900268554688,528.0900268554688,524.8900146484375,525.6099853515625,7520438
2025-06-20 18:30:00+00:00,525.97998046875,527.97998046875,525.739990234375,527.5999755859375,5581177
2025-06-20 19:30:00+00:00,526.7000122070312,527.0999755859375,525.6300048828125,526.0,6664236
2025-06-23 13:30:00+00:00,529.53662109375,530.2100219726562,524.1599731445312,526.780029296875,10024265
2025-06-23 14:30:00+00:00,529.0,530.3499755859375,528.75,529.5599975585938,4363698
2025-06-23 15:30:00+00:00,526.5700073242188,529.0999755859375,526.4400024414062,528.613525390625,5186647
2025-06-23 16:30:00+00:00,530.3599853515625,530.6699829101562,523.6500244140625,526.5599975585938,12558719
2025-06-23 17:30:00+00:00,530.9500122070312,531.9400024414062,530.3800048828125,530.3800048828125,6806951
2025-06-23 18:30:00+00:00,531.2399291992188,531.5798950195312,530.4299926757812,530.9600219726562,4352967
2025-06-23 19:30:00+00:00,531.7000122070312,532.1649780273438,530.6447143554688,531.219970703125,4381724
2025-06-24 13:30:00+00:00,537.405029296875,538.0399780273438,536.27197265625,536.9400024414062,10883870
2025-06-24 14:30:00+00:00,538.9199829101562,538.9298706054688,537.239990234375,537.4099731445312,5865488
2025-06-24 15:30:00+00:00,539.394775390625,539.4998779296875,538.5850219726562,538.9547729492188,5404758
2025-06-24 16:30:00+00:00,539.2899780273438,540.0050048828125,539.1099853515625,539.3800048828125,4596771
2025-06-24 17:30:00+00:00,539.9400024414062,540.3300170898438,539.280029296875,539.2949829101562,3416092
2025-06-24 18:30:00+00:00,540.0900268554688,540.7000122070312,539.77001953125,539.9400024414062,4772816
2025-06-24 19:30:00+00:00,539.72998046875,540.375,539.72998046875,540.0800170898438,6372636
2025-06-25 13:30:00+00:00,541.7899780273438,543.3099975585938,541.25,542.1500244140625,13109829
2025-06-25 14:30:00+00:00,541.1699829101562,542.6500244140625,540.75,541.7999877929688,5706073
2025-06-25 15:30:00+00:00,540.4749755859375,541.1950073242188,540.1300048828125,541.1699829101562,3637083
2025-06-25 16:30:00+00:00,540.9801025390625,541.125,539.9000244140625,540.4749755859375,4021773
2025-06-25 17:30:00+00:00,540.3150024414062,541.030029296875,539.3800048828125,540.989990234375,5731064
2025-06-25 18:30:00+00:00,540.6099853515625,541.0800170898438,539.8200073242188,540.3099975585938,3434845
2025-06-25 19:30:00+00:00,541.1699829101562,541.219970703125,540.1199951171875,540.5900268554688,4158081
2025-06-26 13:30:00+00:00,543.760009765625,543.864990234375,541.52001953125,543.4000244140625,10063500
2025-06-26 14:30:00+00:00,543.64501953125,544.75,543.4500122070312,543.7550048828125,5986430
2025-06-26 15:30:00+00:00,544.8150024414062,545.22998046875,543.3125,543.6500244140625,4815748
2025-06-26 16:30:00+00:00,545.3099975585938,545.4000244140625,544.4199829101562,544.7899780273438,2785131
2025-06-26 17:30:00+00:00,546.2246704101562,546.52001953125,545.3001098632812,545.3499755859375,7549842
2025-06-26 18:30:00+00:00,546.1599731445312,546.4550170898438,545.75,546.22998046875,3583070
2025-06-26 19:30:00+00:00,546.219970703125,546.6699829101562,545.730712890625,546.1500244140625,6155749
2025-06-27 13:30:00+00:00,549.0252075195312,549.97998046875,546.739990234375,547.2000122070312,10170395
2025-06-27 14:30:00+00:00,549.260009765625,549.760009765625,548.1403198242188,549.030029296875,6086210
2025-06-27 15:30:00+00:00,549.3599853515625,549.9298706054688,548.9199829101562,549.260009765625,4974769
2025-06-27 16:30:00+00:00,548.760009765625,549.4293212890625,548.6099853515625,549.3699951171875,6454192
2025-06-27 17:30:00+00:00,546.1799926757812,548.9899291992188,546.1799926757812,548.760009765625,9088471
2025-06-27 18:30:00+00:00,546.260009765625,546.6099853515625,544.5449829101562,546.1900024414062,9399330
2025-06-27 19:30:00+00:00,548.219970703125,548.385009765625,546.2899780273438,546.2999877929688,8241611
2025-06-30 13:30:00+00:00,550.4998779296875,551.3099975585938,549.010009765625,551.260009765625,9764936
2025-06-30 14:30:00+00:00,549.8900146484375,550.5599975585938,549.530029296875,550.5150146484375,5320905
2025-06-30 15:30:00+00:00,550.35498046875,551.0980224609375,549.719970703125,549.9099731445312,3583749
2025-06-30 16:30:00+00:00,550.3616943359375,551.0800170898438,550.0700073242188,550.3400268554688,3014931
2025-06-30 17:30:00+00:00,549.969970703125,550.6699829101562,549.1900024414062,550.3699951171875,4738682
2025-06-30 18:30:00+00:00,551.39501953125,551.780029296875,549.0499267578125,549.969970703125,6788437
2025-06-30 19:30:00+00:00,551.655029296875,552.7999877929688,551.131591796875,551.3900146484375,7766294
2025-07-01 13:30:00+00:00,548.8350219726562,550.7100219726562,548.4199829101562,549.7449951171875,10215701
2025-07-01 14:30:00+00:00,546.8300170898438,549.2100219726562,544.6599731445312,548.8400268554688,14622067
2025-07-01 15:30:00+00:00,546.7000122070312,547.3699951171875,545.2100219726562,546.8099975585938,6326509
2025-07-01 16:30:00+00:00,547.8079833984375,548.260009765625,546.4199829101562,546.6799926757812,4431635
2025-07-01 17:30:00+00:00,547.7750244140625,548.6799926757812,547.469970703125,547.8099975585938,3688317
2025-07-01 18:30:00+00:00,547.7849731445312,548.2750244140625,545.9199829101562,547.760009765625,6695323
2025-07-01 19:30:00+00:00,546.97998046875,548.3599853515625,546.8300170898438,547.780029296875,7262404
2025-07-02 13:30:00+00:00,549.4650268554688,549.6400146484375,546.1199951171875,546.1799926757812,9329151
2025-07-02 14:30:00+00:00,549.72998046875,550.7598876953125,549.030029296875,549.4500122070312,6949515
2025-07-02 15:30:00+00:00,550.4299926757812,550.7000122070312,549.6599731445312,549.739990234375,3583835
2025-07-02 16:30:00+00:00,550.1199951171875,550.75,549.9099731445312,550.4199829101562,3101864
2025-07-02 17:30:00+00:00,550.3699951171875,550.5449829101562,549.8900146484375,550.1207885742188,2698224
2025-07-02 18:30:00+00:00,550.2899780273438,550.9099731445312,550.1599731445312,550.3599853515625,3446701
2025-07-02 19:30:00+00:00,550.8099975585938,551.0,550.030029296875,550.280029296875,4740284
2025-07-03 13:30:00+00:00,556.2000122070312,556.3300170898438,553.1799926757812,553.1799926757812,10833414
2025-07-03 14:30:00+00:00,556.4199829101562,556.6500244140625,555.64990234375,556.2100219726562,5406564
2025-07-03 15:30:00+00:00,556.5700073242188,557.2000122070312,556.3400268554688,556.4108276367188,4112725
2025-07-07 13:30:00+00:00,553.3800048828125,554.3400268554688,552.5599975585938,553.530029296875,8626633
2025-07-07 14:30:00+00:00,552.9600219726562,553.4099731445312,552.0499877929688,553.3800048828125,4707825
2025-07-07 15:30:00+00:00,552.2899780273438,553.9199829101562,550.828125,552.9400024414062,7067672
2025-07-07 16:30:00+00:00,551.760009765625,553.02001953125,551.260009765625,552.260009765625,5631773
2025-07-07 17:30:00+00:00,549.7100219726562,553.0999755859375,549.6599731445312,551.739990234375,5920825
2025-07-07 18:30:00+00:00,551.1749877929688,552.1701049804688,549.5850219726562,549.72998046875,6202439
2025-07-07 19:30:00+00:00,552.0599975585938,552.22998046875,551.030029296875,551.1799926757812,4505403
2025-07-08 13:30:00+00:00,551.9000244140625,553.4404907226562,551.2899780273438,553.3400268554688,7548516
2025-07-08 14:30:00+00:00,551.77001953125,553.530029296875,551.0999755859375,551.8900146484375,6797874
2025-07-08 15:30:00+00:00,553.6400146484375,554.010009765625,551.77001953125,551.77001953125,3562440
2025-07-08 16:30:00+00:00,552.8150024414062,553.760009765625,551.9500732421875,553.6599731445312,4024591
2025-07-08 17:30:00+00:00,552.8049926757812,553.5,552.3200073242188,552.8400268554688,3274550
2025-07-08 18:30:00+00:00,552.2650146484375,552.989990234375,551.8200073242188,552.8499755859375,4293287
2025-07-08 19:30:00+00:00,552.3099975585938,552.5800170898438,551.8200073242188,552.27001953125,4313025
2025-07-09 13:30:00+00:00,556.135009765625,557.6300048828125,554.4700927734375,554.52001953125,9872864
2025-07-09 14:30:00+00:00,554.5250854492188,556.1400146484375,553.0999755859375,556.1400146484375,9041238
2025-07-09 15:30:00+00:00,554.364990234375,554.739990234375,553.5399780273438,554.530029296875,4012820
2025-07-09 16:30:00+00:00,554.5999755859375,555.201904296875,554.1799926757812,554.3699951171875,4204952
2025-07-09 17:30:00+00:00,555.3049926757812,555.6199951171875,554.0900268554688,554.5800170898438,4431885
2025-07-09 18:30:00+00:00,555.8599853515625,556.1799926757812,555.2098999023438,555.2999877929688,4445684
2025-07-09 19:30:00+00:00,556.260009765625,556.3800048828125,555.6500244140625,555.8499755859375,5204344
2025-07-10 13:30:00+00:00,553.5999755859375,557.2999877929688,552.75,556.8599853515625,10431008
2025-07-10 14:30:00+00:00,555.059326171875,555.1599731445312,553.5499877929688,553.6500244140625,5291844
2025-07-10 15:30:00+00:00,555.3052978515625,555.6950073242188,554.239990234375,555.0599975585938,4422740
2025-07-10 16:30:00+00:00,555.39501953125,555.5,554.7098999023438,555.2999877929688,3333147
2025-07-10 17:30:00+00:00,555.905029296875,556.2899780273438,555.3853149414062,555.3853149414062,2825946
2025-07-10 18:30:00+00:00,555.8099975585938,556.1599731445312,555.7100219726562,555.9149780273438,2900103
2025-07-10 19:30:00+00:00,555.469970703125,556.1400146484375,554.8900146484375,555.7999877929688,3915629
2025-07-11 13:30:00+00:00,555.0900268554688,555.3900146484375,552.0499877929688,553.3300170898438,9249509
2025-07-11 14:30:00+00:00,554.09619140625,555.4500122070312,553.1099853515625,555.0800170898438,5721198
2025-07-11 15:30:00+00:00,555.10009765625,555.510009765625,554.0499877929688,554.0900268554688,4544282
2025-07-11 16:30:00+00:00,555.4400024414062,555.7899780273438,554.5700073242188,555.1099853515625,3406474
2025-07-11 17:30:00+00:00,555.2899780273438,555.60498046875,554.3699951171875,555.4400024414062,3621268
2025-07-11 18:30:00+00:00,554.7999877929688,555.719970703125,553.47998046875,555.27001953125,5180172
2025-07-11 19:30:00+00:00,554.2100219726562,554.8551025390625,554.1900024414062,554.760009765625,4050507
2025-07-14 13:30:00+00:00,553.9451293945312,555.0800170898438,551.6300048828125,553.9509887695312,11227506
2025-07-14 14:30:00+00:00,555.6552124023438,555.919921875,553.5399780273438,553.9199829101562,5243868
2025-07-14 15:30:00+00:00,555.7100219726562,556.0598754882812,555.2000122070312,555.6599731445312,3187616
2025-07-14 16:30:00+00:00,556.5499877929688,556.85009765625,555.47998046875,555.719970703125,3863571
2025-07-14 17:30:00+00:00,556.5549926757812,556.9450073242188,556.2249755859375,556.5599975585938,3312265
2025-07-14 18:30:00+00:00,556.3599853515625,556.7886962890625,556.2100219726562,556.5499877929688,3436809
2025-07-14 19:30:00+00:00,556.1699829101562,556.3800048828125,555.748779296875,556.3499755859375,3718038
2025-07-15 13:30:00+00:00,559.75,560.7999877929688,558.3699951171875,560.2449951171875,11226586
2025-07-15 14:30:00+00:00,559.5050048828125,559.9199829101562,557.760009765625,559.77001953125,6537943
2025-07-15 15:30:00+00:00,558.9600219726562,559.780029296875,558.6799926757812,559.510009765625,4303671
2025-07-15 16:30:00+00:00,558.3200073242188,559.3099975585938,557.4600219726562,558.9650268554688,4520680
2025-07-15 17:30:00+00:00,559.4600219726562,559.75,558.2849731445312,558.3200073242188,3462130
2025-07-15 18:30:00+00:00,557.5700073242188,559.6199951171875,557.3800048828125,559.4600219726562,5583330
2025-07-15 19:30:00+00:00,556.7100219726562,558.1699829101562,556.6599731445312,557.5800170898438,4738713
2025-07-16 13:30:00+00:00,555.655029296875,557.6699829101562,554.3099975585938,557.2249755859375,9375773
2025-07-16 14:30:00+00:00,555.0447998046875,556.5800170898438,553.0700073242188,555.6600952148438,10183470
2025-07-16 15:30:00+00:00,555.0999755859375,556.0800170898438,551.5599975585938,555.0399780273438,11020692
2025-07-16 16:30:00+00:00,556.47998046875,557.1099853515625,554.5999755859375,555.1199951171875,5262259
2025-07-16 17:30:00+00:00,556.5800170898438,556.6749877929688,555.9199829101562,556.5,3618400
2025-07-16 18:30:00+00:00,557.260009765625,557.469970703125,556.5700073242188,556.5700073242188,4375974
2025-07-16 19:30:00+00:00,557.3400268554688,557.9400024414062,557.1099853515625,557.2449951171875,4427276
2025-07-17 13:30:00+00:00,559.3099975585938,559.8099975585938,557.2100219726562,557.9849853515625,8594667
2025-07-17 14:30:00+00:00,561.0848999023438,561.4400024414062,559.155029296875,559.3200073242188,5647376
2025-07-17 15:30:00+00:00,561.8250122070312,562.2100219726562,560.8099975585938,561.0900268554688,4966006
2025-07-17 16:30:00+00:00,561.8150024414062,561.9600830078125,561.3900146484375,561.8200073242188,3493197
2025-07-17 17:30:00+00:00,561.7550048828125,562.3099975585938,561.2999877929688,561.8099975585938,4113840
2025-07-17 18:30:00+00:00,561.8900146484375,562.1400146484375,561.5250244140625,561.7550048828125,4763942
2025-07-17 19:30:00+00:00,561.7999877929688,562.27001953125,561.489990234375,561.8800048828125,5725103
2025-07-18 13:30:00+00:00,560.4801025390625,563.3200073242188,560.3300170898438,563.1099243164062,10082522
2025-07-18 14:30:00+00:00,561.0499877929688,561.375,560.3200073242188,560.510009765625,8495918
2025-07-18 15:30:00+00:00,560.719970703125,561.9199829101562,560.1300048828125,561.0499877929688,5292458
2025-07-18 16:30:00+00:00,560.9202270507812,561.1099853515625,560.0,560.72998046875,7123060
2025-07-18 17:30:00+00:00,561.0700073242188,561.2100219726562,560.3800048828125,560.9199829101562,6997297
2025-07-18 18:30:00+00:00,560.9500122070312,561.3800048828125,560.5900268554688,561.0549926757812,4115121
2025-07-18 19:30:00+00:00,561.25,561.3200073242188,560.6400146484375,560.9500122070312,4919836
2025-07-21 13:30:00+00:00,565.87841796875,565.9000244140625,562.0900268554688,562.1400146484375,9286094
2025-07-21 14:30:00+00:00,565.4298706054688,566.0599975585938,565.030029296875,565.8900146484375,4307688
2025-07-21 15:30:00+00:00,564.97998046875,565.6298828125,564.5349731445312,565.4299926757812,4021758
2025-07-21 16:30:00+00:00,565.9299926757812,566.0399169921875,564.9400024414062,564.9619750976562,4154086
2025-07-21 17:30:00+00:00,565.7899780273438,566.0479736328125,565.530029296875,565.9099731445312,2741804
2025-07-21 18:30:00+00:00,564.7498779296875,565.8099975585938,564.5399780273438,565.7949829101562,5494501
2025-07-21 19:30:00+00:00,564.1599731445312,564.9700927734375,563.7949829101562,564.7449951171875,5597136
2025-07-22 13:30:00+00:00,560.010009765625,564.3400268554688,558.6099853515625,564.3400268554688,15315236
2025-07-22 14:30:00+00:00,560.97998046875,561.489990234375,559.9600219726562,560.0,4969212
2025-07-22 15:30:00+00:00,560.0999755859375,561.6099853515625,559.9099731445312,560.9500122070312,3944284
2025-07-22 16:30:00+00:00,561.8200073242188,561.9749755859375,559.780029296875,560.0919799804688,3804445
2025-07-22 17:30:00+00:00,561.1500244140625,561.9199829101562,560.0800170898438,561.8200073242188,3255714
2025-07-22 18:30:00+00:00,561.719970703125,562.1400146484375,561.10498046875,561.1300048828125,3764542
2025-07-22 19:30:00+00:00,561.2899780273438,562.1300048828125,561.2100219726562,561.7100219726562,5362338
2025-07-23 13:30:00+00:00,560.6900024414062,562.35009765625,559.5850219726562,562.3400268554688,9626754
2025-07-23 14:30:00+00:00,561.0449829101562,561.27001953125,559.6799926757812,560.6799926757812,4409621
2025-07-23 15:30:00+00:00,561.0999755859375,563.0700073242188,560.7100219726562,561.02001953125,6930389
2025-07-23 16:30:00+00:00,561.6599731445312,561.7999877929688,560.9400024414062,561.0499877929688,2840157
2025-07-23 17:30:00+00:00,563.125,563.7899780273438,561.469970703125,561.6599731445312,4719650
2025-07-23 18:30:00+00:00,563.094970703125,563.3798828125,562.875,563.1199951171875,3189805
2025-07-23 19:30:00+00:00,563.8300170898438,563.8300170898438,562.5,563.0700073242188,4536914
2025-07-24 13:30:00+00:00,564.0999755859375,565.77001953125,563.2999877929688,565.02001953125,9941820
2025-07-24 14:30:00+00:00,565.2650146484375,565.6300048828125,564.030029296875,564.1099853515625,4265979
2025-07-24 15:30:00+00:00,564.5399780273438,565.719970703125,564.2799072265625,565.280029296875,4227017
2025-07-24 16:30:00+00:00,565.4550170898438,566.219970703125,564.394775390625,564.530029296875,3711710
2025-07-24 17:30:00+00:00,566.0700073242188,566.22998046875,565.25,565.4600219726562,3932122
2025-07-24 18:30:00+00:00,566.0650024414062,566.239990234375,565.1599731445312,566.0800170898438,6125220
2025-07-24 19:30:00+00:00,565.0900268554688,566.177978515625,564.97998046875,566.0599975585938,8118390
2025-07-25 13:30:00+00:00,566.0549926757812,566.3099975585938,564.27001953125,565.0,7451230
2025-07-25 14:30:00+00:00,566.3699951171875,566.4285278320312,565.6599731445312,566.0548095703125,3834350
2025-07-25 15:30:00+00:00,567.4149780273438,567.5900268554688,565.9550170898438,566.344970703125,4549026
2025-07-25 16:30:00+00:00,566.969970703125,567.6950073242188,566.6719970703125,567.4000244140625,2609703
2025-07-25 17:30:00+00:00,567.1300048828125,567.3200073242188,566.5499877929688,566.969970703125,1936187
2025-07-25 18:30:00+00:00,566.8200073242188,567.3099975585938,566.7949829101562,567.1400146484375,3273857
2025-07-25 19:30:00+00:00,566.3900146484375,567.085205078125,566.0599975585938,566.8049926757812,4379800
2025-07-28 13:30:00+00:00,568.4650268554688,569.0399780273438,567.5399780273438,567.719970703125,8396604
2025-07-28 14:30:00+00:00,567.9166870117188,568.8300170898438,566.8800048828125,568.4400024414062,4021035
2025-07-28 15:30:00+00:00,568.2550048828125,568.5700073242188,567.77001953125,567.9249877929688,3354062
2025-07-28 16:30:00+00:00,567.5300903320312,568.260009765625,567.3200073242188,568.260009765625,2775832
2025-07-28 17:30:00+00:00,567.4650268554688,568.0452270507812,566.9600219726562,567.530029296875,2990389
2025-07-28 18:30:00+00:00,567.469970703125,567.6599731445312,567.0894775390625,567.469970703125,3243862
2025-07-28 19:30:00+00:00,568.2000122070312,568.280029296875,567.2999877929688,567.4600219726562,4175518
2025-07-29 13:30:00+00:00,569.8900146484375,572.1099853515625,569.4099731445312,570.7899780273438,10374415
2025-07-29 14:30:00+00:00,567.5449829101562,570.2899780273438,567.4199829101562,569.8800048828125,6639083
2025-07-29 15:30:00+00:00,567.8499755859375,568.8800048828125,566.9199829101562,567.5399780273438,7180583
2025-07-29 16:30:00+00:00,568.5698852539062,568.97998046875,567.1799926757812,567.8400268554688,3537224
2025-07-29 17:30:00+00:00,567.8765258789062,568.739990234375,567.489990234375,568.5800170898438,3482778
2025-07-29 18:30:00+00:00,567.4000244140625,568.5599975585938,567.3900146484375,567.8699951171875,2933919
2025-07-29 19:30:00+00:00,567.3200073242188,567.530029296875,566.530029296875,567.4099731445312,8142748
2025-07-30 13:30:00+00:00,568.5700073242188,569.1099853515625,567.27001953125,568.1699829101562,6817561
2025-07-30 14:30:00+00:00,568.1699829101562,569.468017578125,567.875,568.60498046875,3379877
2025-07-30 15:30:00+00:00,569.3300170898438,569.5999755859375,567.9099731445312,568.1799926757812,2161614
2025-07-30 16:30:00+00:00,569.10009765625,569.489990234375,568.9400024414062,569.3350219726562,1374060
2025-07-30 17:30:00+00:00,569.7947998046875,569.9000244140625,568.77001953125,569.1199951171875,3448184
2025-07-30 18:30:00+00:00,565.9891967773438,570.6199951171875,565.0499877929688,569.7999877929688,15525560
2025-07-30 19:30:00+00:00,568.1400146484375,568.260009765625,565.7000122070312,566.0,6206395
2025-07-31 13:30:00+00:00,571.9301147460938,574.580078125,571.2000122070312,574.5399780273438,13703804
2025-07-31 14:30:00+00:00,569.4199829101562,572.3187866210938,568.1749877929688,571.9099731445312,8606201
2025-07-31 15:30:00+00:00,571.1300048828125,571.3499755859375,569.2999877929688,569.4299926757812,4781437
2025-07-31 16:30:00+00:00,567.4450073242188,571.4000244140625,567.0499877929688,571.1500244140625,5703519
2025-07-31 17:30:00+00:00,566.5900268554688,568.469970703125,563.8699951171875,567.47998046875,11347765
2025-07-31 18:30:00+00:00,565.5607299804688,567.530029296875,565.4000244140625,566.5800170898438,6801137
2025-07-31 19:30:00+00:00,565.0,566.489990234375,564.0117797851562,565.6099853515625,8594336
2025-08-01 13:30:00+00:00,556.3800048828125,559.0194091796875,551.8800048828125,558.8200073242188,24450011
2025-08-01 14:30:00+00:00,554.378173828125,557.25,554.3200073242188,556.3800048828125,8502978
2025-08-01 15:30:00+00:00,556.97998046875,557.8410034179688,554.2349853515625,554.3599853515625,6455860
2025-08-01 16:30:00+00:00,553.1300048828125,557.219970703125,552.8400268554688,556.9600219726562,6650572
2025-08-01 17:30:00+00:00,554.1199951171875,554.2899780273438,551.7000122070312,553.1099853515625,5966567
2025-08-01 18:30:00+00:00,553.7899780273438,555.3583984375,553.0847778320312,554.1199951171875,5678246
2025-08-01 19:30:00+00:00,553.8499755859375,555.4299926757812,552.8099975585938,553.780029296875,7351638
2025-08-04 13:30:00+00:00,562.8200073242188,563.1279907226562,558.9500122070312,559.0800170898438,14056755
2025-08-04 14:30:00+00:00,561.9299926757812,562.9500122070312,561.3699951171875,562.8499755859375,5913478
2025-08-04 15:30:00+00:00,563.219970703125,563.510009765625,561.6300048828125,561.9099731445312,4809358
2025-08-04 16:30:00+00:00,563.60498046875,563.7100219726562,562.9550170898438,563.2150268554688,4425439
2025-08-04 17:30:00+00:00,563.2750244140625,563.7349853515625,562.6900024414062,563.6099853515625,3752977
2025-08-04 18:30:00+00:00,563.2999877929688,564.1199951171875,563.030029296875,563.27001953125,3443739
2025-08-04 19:30:00+00:00,564.0999755859375,564.3150024414062,562.97998046875,563.2999877929688,6592101
2025-08-05 13:30:00+00:00,563.9500122070312,566.5607299804688,563.280029296875,565.2949829101562,11228360
2025-08-05 14:30:00+00:00,561.114990234375,563.989990234375,560.2999877929688,563.9500122070312,9535371
2025-08-05 15:30:00+00:00,561.760009765625,562.0700073242188,559.72998046875,561.0900268554688,5742588
2025-08-05 16:30:00+00:00,562.05126953125,562.4099731445312,560.2999877929688,561.72998046875,3772715
2025-08-05 17:30:00+00:00,561.31201171875,563.0599975585938,561.2393188476562,562.0499877929688,4178987
2025-08-05 18:30:00+00:00,561.1199951171875,561.6798706054688,559.7849731445312,561.2999877929688,5719174
2025-08-05 19:30:00+00:00,560.1900024414062,561.259521484375,559.9000244140625,561.1300048828125,5225258
2025-08-06 13:30:00+00:00,561.8300170898438,563.8900146484375,560.6300048828125,561.1199951171875,10252675
2025-08-06 14:30:00+00:00,564.8800048828125,565.0349731445312,561.364990234375,561.8499755859375,6356892
2025-08-06 15:30:00+00:00,565.9199829101562,566.3400268554688,564.260009765625,564.8599853515625,5030106
2025-08-06 16:30:00+00:00,566.1400146484375,566.4199829101562,565.3800048828125,565.9149780273438,3806023
2025-08-06 17:30:00+00:00,567.1799926757812,567.239990234375,565.8300170898438,566.1400146484375,3475007
2025-08-06 18:30:00+00:00,567.4199829101562,567.6699829101562,566.9500122070312,567.1699829101562,4371193
2025-08-06 19:30:00+00:00,567.3195190429688,567.7550048828125,566.8900146484375,567.4099731445312,5037883
2025-08-07 13:30:00+00:00,571.0250244140625,573.3200073242188,570.260009765625,571.6799926757812,11820553
2025-08-07 14:30:00+00:00,569.4450073242188,571.4600219726562,569.1599731445312,571.030029296875,6142121
2025-08-07 15:30:00+00:00,569.0700073242188,569.969970703125,568.27001953125,569.4650268554688,4426010
2025-08-07 16:30:00+00:00,567.010009765625,569.4000244140625,566.5750122070312,569.030029296875,5327807
2025-08-07 17:30:00+00:00,566.052001953125,567.6400146484375,565.1099853515625,566.9949951171875,5148401
2025-08-07 18:30:00+00:00,566.719970703125,567.3198852539062,565.5515747070312,566.0599975585938,4071395
2025-08-07 19:30:00+00:00,569.25,569.3099975585938,566.6699829101562,566.739990234375,5186285
2025-08-08 13:30:00+00:00,573.6199951171875,573.7999877929688,570.155029296875,570.530029296875,8689295
2025-08-08 14:30:00+00:00,573.4099731445312,574.260009765625,572.8599853515625,573.6099853515625,5893752
2025-08-08 15:30:00+00:00,574.0,574.3300170898438,572.1199951171875,573.3699951171875,4310828
2025-08-08 16:30:00+00:00,573.280029296875,574.1900024414062,573.1318969726562,574.0,2827278
2025-08-08 17:30:00+00:00,574.375,574.77001953125,573.239990234375,573.2750244140625,2864236
2025-08-08 18:30:00+00:00,574.375,574.7100219726562,574.25,574.375,3035754
2025-08-08 19:30:00+00:00,574.5499877929688,574.6799926757812,573.6699829101562,574.3699951171875,4721747
2025-08-11 13:30:00+00:00,575.5499877929688,575.9249877929688,573.8300170898438,574.72998046875,7746936
2025-08-11 14:30:00+00:00,575.094970703125,575.7650146484375,574.6500244140625,575.5599975585938,3122213
2025-08-11 15:30:00+00:00,576.344970703125,576.7999877929688,574.6849975585938,575.0900268554688,4196639
2025-08-11 16:30:00+00:00,574.9949951171875,576.4420166015625,574.885009765625,576.35498046875,2822223
2025-08-11 17:30:00+00:00,573.8800048828125,575.1898803710938,573.7100219726562,574.989990234375,3133985
2025-08-11 18:30:00+00:00,573.3800048828125,574.280029296875,573.1199951171875,573.8800048828125,2872621
2025-08-11 19:30:00+00:00,572.75,573.5280151367188,571.5700073242188,573.385009765625,6046929
2025-08-12 13:30:00+00:00,575.6500244140625,576.9400024414062,572.4849853515625,575.1500244140625,13776364
2025-08-12 14:30:00+00:00,577.5800170898438,578.2150268554688,575.1500244140625,575.6599731445312,6240117
2025-08-12 15:30:00+00:00,578.6599731445312,578.760009765625,577.280029296875,577.5599975585938,3778348
2025-08-12 16:30:00+00:00,578.8870849609375,579.4099731445312,578.572021484375,578.6400146484375,3400339
2025-08-12 17:30:00+00:00,579.6199951171875,579.9500122070312,578.8300170898438,578.8800048828125,2877276
2025-08-12 18:30:00+00:00,579.7449951171875,579.7725219726562,579.2399291992188,579.6500244140625,3512632
2025-08-12 19:30:00+00:00,580.02001953125,580.3499755859375,579.3699951171875,579.72998046875,6274725
2025-08-13 13:30:00+00:00,580.6492919921875,583.3198852539062,580.4099731445312,582.75,9694987
2025-08-13 14:30:00+00:00,579.875,581.030029296875,579.0698852539062,580.6300048828125,7819566
2025-08-13 15:30:00+00:00,579.7750244140625,580.6699829101562,579.4600219726562,579.9000244140625,3466645
2025-08-13 16:30:00+00:00,580.340087890625,580.3900146484375,578.9400024414062,579.760009765625,4090206
2025-08-13 17:30:00+00:00,579.8900756835938,580.594970703125,579.3200073242188,580.3599853515625,3211903
2025-08-13 18:30:00+00:00,580.155029296875,580.5800170898438,578.989990234375,579.9149780273438,4874080
2025-08-13 19:30:00+00:00,580.3400268554688,580.6400146484375,579.5599975585938,580.155029296875,4114439
2025-08-14 13:30:00+00:00,580.5800170898438,580.7999877929688,577.9199829101562,578.364990234375,12744343
2025-08-14 14:30:00+00:00,579.030029296875,581.8798828125,578.4500122070312,580.5800170898438,6047040
2025-08-14 15:30:00+00:00,578.9500122070312,580.3400268554688,578.4600219726562,579.02001953125,5891512
2025-08-14 16:30:00+00:00,581.1699829101562,581.22998046875,578.9299926757812,578.9299926757812,4301531
2025-08-14 17:30:00+00:00,579.375,581.1801147460938,579.2650146484375,581.1699829101562,4190258
2025-08-14 18:30:00+00:00,579.989990234375,580.4000244140625,579.1799926757812,579.3699951171875,4141497
2025-08-14 19:30:00+00:00,579.8699951171875,580.7449951171875,579.8200073242188,579.989990234375,4922812
2025-08-15 13:30:00+00:00,578.489990234375,579.7899780273438,576.4199829101562,579.7899780273438,10723385
2025-08-15 14:30:00+00:00,577.2100219726562,578.6400146484375,576.8400268554688,578.489990234375,9481686
2025-08-15 15:30:00+00:00,576.3099975585938,577.5999755859375,575.5742797851562,577.218017578125,9678703
2025-08-15 16:30:00+00:00,577.2750244140625,577.7493896484375,576.260009765625,576.344970703125,4465488
2025-08-15 17:30:00+00:00,577.719970703125,578.27001953125,577.1699829101562,577.260009765625,3900751
2025-08-15 18:30:00+00:00,577.3350219726562,577.8499755859375,576.5349731445312,577.719970703125,4361274
2025-08-15 19:30:00+00:00,577.22998046875,577.7999877929688,576.9450073242188,577.3499755859375,4838867
2025-08-18 13:30:00+00:00,576.5999755859375,577.7650146484375,575.64501953125,576.4199829101562,8315814
2025-08-18 14:30:00+00:00,575.849609375,576.9000244140625,575.2412109375,576.5900268554688,4736566
2025-08-18 15:30:00+00:00,576.4600219726562,576.6400146484375,575.47998046875,575.8400268554688,3072540
2025-08-18 16:30:00+00:00,576.4450073242188,576.7080078125,575.3400268554688,576.4600219726562,2820683
2025-08-18 17:30:00+00:00,576.409912109375,577.1699829101562,575.97998046875,576.4398803710938,3219203
2025-08-18 18:30:00+00:00,576.97998046875,577.47998046875,576.3800048828125,576.3900146484375,3267160
2025-08-18 19:30:00+00:00,577.0999755859375,577.5700073242188,576.8629760742188,576.989990234375,2712232
2025-08-19 13:30:00+00:00,573.094970703125,576.5599975585938,573.010009765625,576.3699951171875,12888109
2025-08-19 14:30:00+00:00,571.9650268554688,573.8499755859375,570.4000244140625,573.1199951171875,9855482
2025-08-19 15:30:00+00:00,570.8599853515625,572.1749877929688,570.4099731445312,571.9400024414062,4930150
2025-08-19 16:30:00+00:00,569.7012939453125,571.02001953125,568.7100219726562,570.8599853515625,7498101
2025-08-19 17:30:00+00:00,569.4100952148438,570.4099731445312,569.1199951171875,569.7000122070312,4226574
2025-08-19 18:30:00+00:00,569.0499877929688,569.530029296875,568.25,569.4099731445312,5031300
2025-08-19 19:30:00+00:00,569.280029296875,569.4400024414062,568.5,569.0399780273438,5911280
2025-08-20 13:30:00+00:00,560.281005859375,568.4500122070312,559.510009765625,568.219970703125,23916140
2025-08-20 14:30:00+00:00,563.4400024414062,563.5,558.8400268554688,560.3099975585938,13198180
2025-08-20 15:30:00+00:00,565.2000122070312,565.3300170898438,561.6707153320312,563.4349975585938,10193369
2025-08-20 16:30:00+00:00,563.9500122070312,565.22802734375,563.2899780273438,565.2000122070312,6087476
2025-08-20 17:30:00+00:00,563.0900268554688,565.6199951171875,562.5999755859375,563.9600219726562,7224950
2025-08-20 18:30:00+00:00,565.75,566.510009765625,563.030029296875,563.0499877929688,6359428
2025-08-20 19:30:00+00:00,565.8599853515625,566.8900146484375,565.5999755859375,565.75,6015990
2025-08-21 13:30:00+00:00,566.4099731445312,566.47998046875,561.8499755859375,564.3200073242188,13572971
2025-08-21 14:30:00+00:00,564.3300170898438,566.4199829101562,563.0100708007812,566.4199829101562,7097116
2025-08-21 15:30:00+00:00,562.4849853515625,565.219970703125,562.27001953125,564.280029296875,5211535
2025-08-21 16:30:00+00:00,561.625,563.2092895507812,560.97998046875,562.469970703125,5284151
2025-08-21 17:30:00+00:00,562.885009765625,563.4749755859375,561.5,561.5999755859375,4393128
2025-08-21 18:30:00+00:00,563.7799072265625,564.2100219726562,562.4299926757812,562.885009765625,4576506
2025-08-21 19:30:00+00:00,563.2999877929688,563.8150024414062,562.97998046875,563.780029296875,4206150
2025-08-22 13:30:00+00:00,571.6799926757812,573.5800170898438,563.280029296875,564.6699829101562,17828894
2025-08-22 14:30:00+00:00,573.3200073242188,573.989990234375,571.6950073242188,571.7100219726562,7999892
2025-08-22 15:30:00+00:00,571.2202758789062,573.8900146484375,570.969970703125,573.2899780273438,5203676
2025-08-22 16:30:00+00:00,573.2050170898438,573.2150268554688,570.5700073242188,571.2349853515625,4897978
2025-08-22 17:30:00+00:00,572.6599731445312,573.4099731445312,572.5,573.2050170898438,3162939
2025-08-22 18:30:00+00:00,572.2000122070312,573.1699829101562,572.0042114257812,572.6900024414062,3771395
2025-08-22 19:30:00+00:00,571.97998046875,572.3699951171875,571.1400146484375,572.2000122070312,5245421
2025-08-25 13:30:00+00:00,571.47998046875,571.9400024414062,569.1699829101562,570.4000244140625,10988770
2025-08-25 14:30:00+00:00,572.8599243164062,572.9650268554688,571.2650146484375,571.4500122070312,4445412
2025-08-25 15:30:00+00:00,572.8662719726562,573.287109375,572.4099731445312,572.8900146484375,3316935
2025-08-25 16:30:00+00:00,572.505126953125,573.1849975585938,572.2000122070312,572.8200073242188,2595074
2025-08-25 17:30:00+00:00,572.0599975585938,572.6699829101562,571.8499755859375,572.489990234375,2859533
2025-08-25 18:30:00+00:00,571.760009765625,572.260009765625,571.635009765625,572.0499877929688,2923208
2025-08-25 19:30:00+00:00,570.3499755859375,571.8599853515625,570.1799926757812,571.7650146484375,4947566
2025-08-26 13:30:00+00:00,571.5900268554688,571.7050170898438,568.7999877929688,569.8300170898438,9887487
2025-08-26 14:30:00+00:00,570.7402954101562,571.8099975585938,570.6799926757812,571.5886840820312,3515078
2025-08-26 15:30:00+00:00,571.5723266601562,571.8800048828125,570.3699951171875,570.7020263671875,2880978
2025-08-26 16:30:00+00:00,571.4342041015625,571.72998046875,570.7899780273438,571.5700073242188,2450731
2025-08-26 17:30:00+00:00,571.4600219726562,571.5050048828125,570.0499877929688,571.4500122070312,3549891
2025-08-26 18:30:00+00:00,572.1500244140625,572.4199829101562,571.3800048828125,571.4600219726562,4886213
2025-08-26 19:30:00+00:00,572.6599731445312,572.9199829101562,571.3400268554688,572.1300048828125,5125134
2025-08-27 13:30:00+00:00,572.9700927734375,573.1799926757812,570.3699951171875,571.6199951171875,10177016
2025-08-27 14:30:00+00:00,572.8098754882812,573.4000244140625,572.6500244140625,572.989990234375,5314240
2025-08-27 15:30:00+00:00,572.25,573.77001953125,571.739990234375,572.7899780273438,3999883
2025-08-27 16:30:00+00:00,573.080078125,573.3150024414062,571.6500244140625,572.22998046875,3005409
2025-08-27 17:30:00+00:00,574.2150268554688,574.405029296875,573.0900268554688,573.0900268554688,2867709
2025-08-27 18:30:00+00:00,572.989990234375,574.25,571.9400024414062,574.2000122070312,4609739
2025-08-27 19:30:00+00:00,573.5399780273438,574.14501953125,572.97998046875,572.989990234375,3739086
2025-08-28 13:30:00+00:00,573.8118286132812,576.530029296875,572.4600219726562,574.0700073242188,14880749
2025-08-28 14:30:00+00:00,574.8599243164062,576.760009765625,573.802001953125,573.8187866210938,7219003
2025-08-28 15:30:00+00:00,576.8209838867188,577.0900268554688,574.8200073242188,574.8599853515625,4646949
2025-08-28 16:30:00+00:00,576.969970703125,576.97998046875,576.0499877929688,576.8099975585938,4576613
2025-08-28 17:30:00+00:00,577.3350219726562,577.3699951171875,576.840087890625,576.969970703125,3440743
2025-08-28 18:30:00+00:00,577.3784790039062,577.8499755859375,577.219970703125,577.3400268554688,3685446
2025-08-28 19:30:00+00:00,577.0700073242188,577.989990234375,577.0399780273438,577.3699951171875,5399602
2025-08-29 13:30:00+00:00,570.947998046875,575.030029296875,569.25,574.6400146484375,16883264
2025-08-29 14:30:00+00:00,570.5401000976562,571.3699951171875,568.9600219726562,570.9400024414062,7978145
2025-08-29 15:30:00+00:00,569.8599853515625,570.64501953125,569.1749877929688,570.5399780273438,5188745
2025-08-29 16:30:00+00:00,569.219970703125,570.739990234375,568.5399780273438,569.8499755859375,4648724
2025-08-29 17:30:00+00:00,569.5401000976562,570.3800048828125,568.9299926757812,569.22998046875,4749274
2025-08-29 18:30:00+00:00,570.0999755859375,570.6300048828125,569.47998046875,569.5499877929688,4617085
2025-08-29 19:30:00+00:00,570.3099975585938,570.844970703125,569.1799926757812,570.094970703125,8062558
2025-09-02 13:30:00+00:00,565.239990234375,565.7000122070312,559.5549926757812,561.3300170898438,21506650
2025-09-02 14:30:00+00:00,561.5700073242188,565.219970703125,561.239990234375,565.2000122070312,8674561
2025-09-02 15:30:00+00:00,560.5499877929688,561.5700073242188,559.5700073242188,561.5700073242188,7014899
2025-09-02 16:30:00+00:00,562.8099975585938,563.0,560.5399780273438,560.5449829101562,5484743
2025-09-02 17:30:00+00:00,562.8900146484375,564.3400268554688,562.8200073242188,562.8300170898438,6228144
2025-09-02 18:30:00+00:00,564.5900268554688,564.719970703125,562.739990234375,562.9000244140625,5464820
2025-09-02 19:30:00+00:00,565.6400146484375,565.9650268554688,564.5,564.5850219726562,6765457
2025-09-03 13:30:00+00:00,569.510009765625,570.4099731445312,567.97998046875,569.25,14022403
2025-09-03 14:30:00+00:00,569.280029296875,571.6950073242188,569.1900024414062,569.510009765625,7524676
2025-09-03 15:30:00+00:00,569.5,570.2435302734375,568.75,569.260009765625,6580318
2025-09-03 16:30:00+00:00,569.364990234375,570.1799926757812,568.489990234375,569.52001953125,4259085
2025-09-03 17:30:00+00:00,567.47998046875,569.530029296875,567.030029296875,569.3200073242188,6321137
2025-09-03 18:30:00+00:00,567.5900268554688,567.760009765625,566.72998046875,567.4600219726562,5805953
2025-09-03 19:30:00+00:00,569.989990234375,570.0700073242188,567.5650024414062,567.5900268554688,7139950
2025-09-04 13:30:00+00:00,570.77001953125,572.3400268554688,569.0250244140625,570.739990234375,12195419
2025-09-04 14:30:00+00:00,572.2999877929688,572.530029296875,570.72998046875,570.75,6935041
2025-09-04 15:30:00+00:00,571.6928100585938,572.52001953125,571.52001953125,572.3250122070312,3959670
2025-09-04 16:30:00+00:00,573.030029296875,573.1199951171875,571.5999755859375,571.6799926757812,3921907
2025-09-04 17:30:00+00:00,573.5599975585938,573.780029296875,572.8099975585938,573.02001953125,3842267
2025-09-04 18:30:00+00:00,574.3300170898438,574.6607055664062,573.47998046875,573.5650024414062,5359630
2025-09-04 19:30:00+00:00,575.260009765625,575.594970703125,574.1699829101562,574.3099975585938,6850583
2025-09-05 13:30:00+00:00,575.1290283203125,581.1199951171875,574.52001953125,580.5900268554688,23651306
2025-09-05 14:30:00+00:00,574.6199951171875,575.4099731445312,571.5399780273438,575.0999755859375,14079388
2025-09-05 15:30:00+00:00,574.3200073242188,575.5,573.719970703125,574.6099853515625,7461609
2025-09-05 16:30:00+00:00,574.6500244140625,575.3200073242188,573.75,574.3699951171875,5604855
2025-09-05 17:30:00+00:00,574.869873046875,575.1799926757812,573.489990234375,574.6599731445312,4654869
2025-09-05 18:30:00+00:00,575.844970703125,576.0700073242188,574.594970703125,574.8599853515625,4766751
2025-09-05 19:30:00+00:00,576.030029296875,576.1199951171875,574.9202270507812,575.844970703125,5732942
2025-09-08 13:30:00+00:00,580.25,580.5599975585938,578.3400268554688,578.5,14553913
2025-09-08 14:30:00+00:00,580.5650024414062,580.8400268554688,579.7899780273438,580.239990234375,6001256
2025-09-08 15:30:00+00:00,579.489990234375,580.739990234375,579.25,580.5599975585938,4723997
2025-09-08 16:30:00+00:00,578.8524169921875,579.6500244140625,578.3800048828125,579.489990234375,4659397
2025-09-08 17:30:00+00:00,579.0449829101562,579.2100219726562,577.8400268554688,578.875,4182475
2025-09-08 18:30:00+00:00,578.010009765625,579.139892578125,577.77001953125,579.0499877929688,3701595
2025-09-08 19:30:00+00:00,578.8200073242188,579.02001953125,578.02001953125,578.02001953125,6232931
2025-09-09 13:30:00+00:00,579.10498046875,580.2000122070312,578.3499755859375,579.6500244140625,10733806
2025-09-09 14:30:00+00:00,578.4400024414062,579.0999755859375,577.0399780273438,579.0700073242188,7674939
2025-09-09 15:30:00+00:00,579.25,579.6300048828125,577.6849975585938,578.4199829101562,4816213
2025-09-09 16:30:00+00:00,579.8200073242188,580.155029296875,578.9700927734375,579.260009765625,3456904
2025-09-09 17:30:00+00:00,579.6199951171875,579.97998046875,579.3800048828125,579.8300170898438,4599986
2025-09-09 18:30:00+00:00,580.1799926757812,580.2899780273438,579.3800048828125,579.6300048828125,4033353
2025-09-09 19:30:00+00:00,580.469970703125,580.9299926757812,579.6900024414062,580.1900024414062,4798483
2025-09-10 13:30:00+00:00,582.8499755859375,583.6900024414062,581.3300170898438,583.6900024414062,15252783
2025-09-10 14:30:00+00:00,582.3300170898438,583.4500122070312,581.8499145507812,582.7999877929688,6852478
2025-09-10 15:30:00+00:00,581.72998046875,582.9699096679688,581.4199829101562,582.3499755859375,4583484
2025-09-10 16:30:00+00:00,580.9500732421875,582.280029296875,580.72998046875,581.7349853515625,3898926
2025-09-10 17:30:00+00:00,580.3099975585938,581.5399780273438,580.0,580.9400024414062,4525887
2025-09-10 18:30:00+00:00,579.1199951171875,580.8200073242188,578.5499877929688,580.2949829101562,5860182
2025-09-10 19:30:00+00:00,580.7000122070312,581.1400146484375,579.1099853515625,579.155029296875,5987729
2025-09-11 13:30:00+00:00,582.9500122070312,583.8499755859375,581.6199951171875,583.22998046875,13812607
2025-09-11 14:30:00+00:00,584.6799926757812,584.8800048828125,582.8699951171875,582.9400024414062,7268007
2025-09-11 15:30:00+00:00,584.3599853515625,584.860107421875,583.8699951171875,584.6799926757812,4137355
2025-09-11 16:30:00+00:00,584.155029296875,584.5599975585938,583.6699829101562,584.4000244140625,3384296
2025-09-11 17:30:00+00:00,584.2899780273438,584.6599731445312,583.9000244140625,584.1300048828125,3462937
2025-09-11 18:30:00+00:00,584.5900268554688,584.7999877929688,584.219970703125,584.3099975585938,3561350
2025-09-11 19:30:00+00:00,584.0999755859375,584.8599853515625,584.0050048828125,584.5700073242188,5165597
2025-09-12 13:30:00+00:00,585.75,585.875,584.0999755859375,585.02001953125,10741486
2025-09-12 14:30:00+00:00,586.135009765625,586.8300170898438,585.5999755859375,585.760009765625,6718340
2025-09-12 15:30:00+00:00,586.5800170898438,586.6199951171875,585.77001953125,586.1500244140625,4552225
2025-09-12 16:30:00+00:00,586.4550170898438,586.969970703125,586.3800048828125,586.5800170898438,6566732
2025-09-12 17:30:00+00:00,586.9849853515625,587.1099853515625,586.2349853515625,586.4550170898438,6933871
2025-09-12 18:30:00+00:00,587.02001953125,587.8599853515625,586.8800048828125,586.989990234375,5773738
2025-09-12 19:30:00+00:00,586.6599731445312,587.2288818359375,586.125,587.02001953125,6736882
2025-09-15 13:30:00+00:00,590.2907104492188,590.5599975585938,588.2949829101562,588.4600219726562,11260507
2025-09-15 14:30:00+00:00,590.2780151367188,590.6500244140625,589.875,590.280029296875,5329170
2025-09-15 15:30:00+00:00,590.6699829101562,591.1799926757812,590.2050170898438,590.27880859375,4898856
2025-09-15 16:30:00+00:00,590.2999267578125,591.0900268554688,590.27001953125,590.6707153320312,4110169
2025-09-15 17:30:00+00:00,590.5200805664062,591.1798706054688,590.1900024414062,590.2949829101562,3846380
2025-09-15 18:30:00+00:00,590.7650146484375,590.89501953125,590.0900268554688,590.5213012695312,4622100
2025-09-15 19:30:00+00:00,591.6900024414062,591.7899780273438,590.5449829101562,590.7449951171875,6525651
2025-09-16 13:30:00+00:00,591.405029296875,592.8400268554688,590.989990234375,592.6099853515625,4492352
2025-09-16 14:30:00+00:00,590.9249877929688,591.8300170898438,590.75,591.4000244140625,2091702
2025-09-16 15:30:00+00:00,591.1500244140625,591.1799926757812,590.489990234375,590.9099731445312,1654780
2025-09-16 16:30:00+00:00,591.2999877929688,591.6300048828125,590.7100830078125,591.1400146484375,2216847
2025-09-16 17:30:00+00:00,591.2849731445312,591.4500122070312,591.0700073242188,591.3300170898438,1415764
2025-09-16 18:30:00+00:00,591.4799194335938,591.9600219726562,591.2100219726562,591.2849731445312,1825778
2025-09-16 19:30:00+00:00,591.1699829101562,592.0700073242188,591.010009765625,591.47998046875,2612783
2025-09-17 13:30:00+00:00,589.0806884765625,591.5599975585938,589.0,591.1300048828125,9917795
2025-09-17 14:30:00+00:00,588.4387817382812,589.5499877929688,588.2301025390625,589.0900268554688,4844695
2025-09-17 15:30:00+00:00,588.61572265625,588.7050170898438,587.989990234375,588.4400024414062,3278586
2025-09-17 16:30:00+00:00,588.3499755859375,588.5999755859375,587.5250244140625,588.5999755859375,3684291
2025-09-17 17:30:00+00:00,589.1599731445312,591.0900268554688,585.52001953125,588.3599853515625,13150466
2025-09-17 18:30:00+00:00,591.239990234375,591.75,584.364990234375,589.1599731445312,21604327
2025-09-17 19:30:00+00:00,589.9299926757812,591.6699829101562,589.27001953125,591.2000122070312,10198395
2025-09-18 13:30:00+00:00,597.4500122070312,597.4824829101562,592.9600219726562,594.9099731445312,18517034
2025-09-18 14:30:00+00:00,597.3400268554688,598.1300048828125,596.1599731445312,597.4400024414062,9918512
2025-09-18 15:30:00+00:00,597.0692749023438,597.9000244140625,595.9000244140625,597.3499755859375,6762573
2025-09-18 16:30:00+00:00,596.8699951171875,597.6849975585938,596.8599853515625,597.0700073242188,4544843
2025-09-18 17:30:00+00:00,596.2850952148438,596.9450073242188,595.9349975585938,596.8800048828125,5422620
2025-09-18 18:30:00+00:00,595.885009765625,596.9500122070312,595.780029296875,596.2899780273438,4273396
2025-09-18 19:30:00+00:00,595.3699951171875,596.1199951171875,595.2899780273438,595.8800048828125,7270667
2025-09-19 13:30:00+00:00,597.6298828125,598.4199829101562,596.5549926757812,597.2899780273438,12235891
2025-09-19 14:30:00+00:00,596.3200073242188,597.7880249023438,596.1099853515625,597.6199951171875,10704460
2025-09-19 15:30:00+00:00,598.4299926757812,598.510009765625,595.8599853515625,596.280029296875,9444307
2025-09-19 16:30:00+00:00,598.125,598.818115234375,597.9144287109375,598.4199829101562,3974332
2025-09-19 17:30:00+00:00,598.22998046875,598.6799926757812,598.0750122070312,598.114990234375,3127616
2025-09-19 18:30:00+00:00,599.02001953125,599.25,598.1199951171875,598.22998046875,5652580
2025-09-19 19:30:00+00:00,599.4600219726562,600.0499877929688,598.7100219726562,599.02001953125,7695367
2025-09-22 13:30:00+00:00,599.9301147460938,599.9700927734375,597.739990234375,597.739990234375,12800375
2025-09-22 14:30:00+00:00,600.3200073242188,600.719970703125,599.6115112304688,599.9299926757812,6762260
2025-09-22 15:30:00+00:00,601.5650024414062,601.6298828125,599.77001953125,600.3200073242188,11839575
2025-09-22 16:30:00+00:00,601.9349975585938,602.0700073242188,601.4901123046875,601.5780029296875,5585008
2025-09-22 17:30:00+00:00,602.4199829101562,602.5250244140625,601.6799926757812,601.9349975585938,4651616
2025-09-22 18:30:00+00:00,602.635009765625,602.8699951171875,602.27001953125,602.4199829101562,5453162
2025-09-22 19:30:00+00:00,602.239990234375,602.6900024414062,602.0,602.6400146484375,6301691
2025-09-23 13:30:00+00:00,601.1900024414062,602.5650024414062,600.6199951171875,602.3499755859375,4806052
2025-09-23 14:30:00+00:00,601.2999267578125,601.7000122070312,600.6749877929688,601.2100219726562,4097335
2025-09-23 15:30:00+00:00,600.6500854492188,601.385009765625,600.260009765625,601.2999877929688,2634298
2025-09-23 16:30:00+00:00,599.135009765625,601.14501953125,599.0599975585938,600.6500244140625,3400325
2025-09-23 17:30:00+00:00,597.75,599.3800048828125,596.989990234375,599.0900268554688,29360976
2025-09-23 18:30:00+00:00,597.510986328125,598.3400268554688,597.0999755859375,597.72998046875,6243111
2025-09-23 19:30:00+00:00,598.1599731445312,598.4600219726562,597.510009765625,597.5399780273438,7795633
2025-09-24 13:30:00+00:00,597.9299926757812,599.3300170898438,597.1400146484375,599.25,5233043
2025-09-24 14:30:00+00:00,597.35498046875,598.2050170898438,596.940185546875,597.8900146484375,2339556
2025-09-24 15:30:00+00:00,595.0499877929688,597.364990234375,593.3699951171875,597.3599853515625,6063201
2025-09-24 16:30:00+00:00,595.860107421875,596.0999755859375,594.5999755859375,595.0599975585938,2488146
2025-09-24 17:30:00+00:00,595.1099853515625,596.4299926757812,594.6900024414062,595.8980102539062,2190566
2025-09-24 18:30:00+00:00,595.6599731445312,596.1007080078125,595.0599975585938,595.2056274414062,1881238
2025-09-24 19:30:00+00:00,596.0599975585938,596.2999877929688,595.1099853515625,595.6699829101562,1928448
2025-09-25 13:30:00+00:00,593.239990234375,593.7899780273438,588.5,592.0,9465041
2025-09-25 14:30:00+00:00,592.75,594.1389770507812,592.4000244140625,593.25,4215648
2025-09-25 15:30:00+00:00,593.5700073242188,595.114990234375,592.7899780273438,592.7999877929688,3095315
2025-09-25 16:30:00+00:00,592.6799926757812,594.5050048828125,591.9299926757812,593.5700073242188,2678836
2025-09-25 17:30:00+00:00,592.3499755859375,592.9199829101562,589.27001953125,592.6699829101562,4393587
2025-09-25 18:30:00+00:00,592.9600219726562,593.739990234375,592.02001953125,592.3300170898438,3475829
2025-09-25 19:30:00+00:00,593.5499877929688,593.8499755859375,592.5850219726562,592.97998046875,2198655
2025-09-26 13:30:00+00:00,592.2100219726562,596.2000122070312,591.0599975585938,593.5,6334623
2025-09-26 14:30:00+00:00,593.77001953125,594.010009765625,591.5499877929688,592.25,3642256
2025-09-26 15:30:00+00:00,594.489990234375,594.9450073242188,592.280029296875,593.77001953125,2664880
2025-09-26 16:30:00+00:00,595.6300048828125,595.80859375,594.02001953125,594.47998046875,2532922
2025-09-26 17:30:00+00:00,595.760009765625,596.1099853515625,594.5700073242188,595.6300048828125,2182244
2025-09-26 18:30:00+00:00,596.030029296875,596.2999877929688,595.510009765625,595.7999877929688,1681084
2025-09-26 19:30:00+00:00,596.0499877929688,596.27001953125,595.4044799804688,596.030029296875,2076500
2025-09-29 13:30:00+00:00,601.60498046875,602.0399780273438,599.0499877929688,599.125,5708923
2025-09-29 14:30:00+00:00,599.4849853515625,601.719970703125,599.3699951171875,601.60498046875,2788045
2025-09-29 15:30:00+00:00,599.0499877929688,599.630126953125,598.5112915039062,599.47998046875,2837830
2025-09-29 16:30:00+00:00,598.6799926757812,599.469970703125,597.9199829101562,599.0599975585938,1709158
2025-09-29 17:30:00+00:00,599.3306884765625,599.5499877929688,598.280029296875,598.6900024414062,1738080
2025-09-29 18:30:00+00:00,598.0643920898438,599.4199829101562,597.4099731445312,599.3350219726562,2145965
2025-09-29 19:30:00+00:00,598.75,599.0599975585938,597.885009765625,598.0599975585938,2617030
2025-09-30 13:30:00+00:00,597.530029296875,598.6599731445312,596.0999755859375,598.57861328125,4534773
2025-09-30 14:30:00+00:00,597.4349975585938,599.4099731445312,596.7999877929688,597.510009765625,2914304
2025-09-30 15:30:00+00:00,598.1348876953125,598.9600219726562,597.030029296875,597.4400024414062,2228721
2025-09-30 16:30:00+00:00,596.701904296875,598.489990234375,596.3331298828125,598.2313232421875,2465564
2025-09-30 17:30:00+00:00,598.6099853515625,598.7598876953125,596.3300170898438,596.7000122070312,2192023
2025-09-30 18:30:00+00:00,599.4201049804688,599.5280151367188,598.3300170898438,598.5698852539062,2175450
2025-09-30 19:30:00+00:00,600.2999877929688,600.7100219726562,598.844970703125,599.4299926757812,3027056
2025-10-01 13:30:00+00:00,600.1199951171875,600.3499755859375,596.3400268554688,596.75,6093555
2025-10-01 14:30:00+00:00,600.3099975585938,601.02001953125,599.9099731445312,600.1799926757812,3010897
2025-10-01 15:30:00+00:00,601.5750122070312,601.6900024414062,600.3200073242188,600.3300170898438,1887447
2025-10-01 16:30:00+00:00,602.5250244140625,602.6900024414062,601.2449951171875,601.6099853515625,1819191
2025-10-01 17:30:00+00:00,603.25,603.5,602.0800170898438,602.5579833984375,20172431
2025-10-01 18:30:00+00:00,603.5316162109375,603.780029296875,603.14501953125,603.2301025390625,4376992
2025-10-01 19:30:00+00:00,603.2899780273438,603.7899780273438,603.0399780273438,603.530029296875,6446642
2025-10-02 13:30:00+00:00,604.9550170898438,607.114990234375,603.4500122070312,607.0599975585938,12377730
2025-10-02 14:30:00+00:00,604.1199951171875,605.280029296875,602.9299926757812,604.9500122070312,6265143
2025-10-02 15:30:00+00:00,604.5900268554688,605.0800170898438,603.1400146484375,604.0900268554688,4295820
2025-10-02 16:30:00+00:00,605.2301025390625,605.4500122070312,603.969970703125,604.5800170898438,3513525
2025-10-02 17:30:00+00:00,605.6900024414062,605.8800048828125,605.0499877929688,605.230712890625,3196334
2025-10-02 18:30:00+00:00,606.0598754882812,606.1099853515625,605.47998046875,605.6799926757812,2851405
2025-10-02 19:30:00+00:00,605.6900024414062,606.1500244140625,605.2949829101562,606.0349731445312,4890505
2025-10-03 13:30:00+00:00,605.4799194335938,607.3200073242188,604.52001953125,606.5750122070312,9549058
2025-10-03 14:30:00+00:00,606.4901123046875,606.705322265625,605.1900024414062,605.4299926757812,4640793
2025-10-03 15:30:00+00:00,606.719970703125,607.0150146484375,605.7899780273438,606.469970703125,4398219
2025-10-03 16:30:00+00:00,603.9000244140625,606.760009765625,603.780029296875,606.7000122070312,6246549
2025-10-03 17:30:00+00:00,604.130126953125,604.6500244140625,601.385009765625,603.8499755859375,9300418
2025-10-03 18:30:00+00:00,603.3400268554688,604.22998046875,602.7449951171875,604.1599731445312,4810378
2025-10-03 19:30:00+00:00,603.155029296875,603.8599853515625,602.77001953125,603.3400268554688,4935942
2025-10-06 13:30:00+00:00,606.7449951171875,608.6099853515625,606.0999755859375,608.4400024414062,12380387
2025-10-06 14:30:00+00:00,607.1986083984375,607.5599975585938,605.969970703125,606.739990234375,4735780
2025-10-06 15:30:00+00:00,608.1699829101562,608.4949951171875,607.1343994140625,607.2000122070312,4334288
2025-10-06 16:30:00+00:00,608.625,608.8699951171875,607.7100219726562,608.1849975585938,3581696
2025-10-06 17:30:00+00:00,608.9500122070312,609.0792846679688,608.3200073242188,608.625,3531846
2025-10-06 18:30:00+00:00,608.6640014648438,609.3599853515625,608.5399780273438,608.9550170898438,3265962
2025-10-06 19:30:00+00:00,607.7100219726562,608.7999877929688,607.625,608.6599731445312,7298431
2025-10-07 13:30:00+00:00,608.47998046875,609.7100219726562,608.3400268554688,609.0150146484375,11393157
2025-10-07 14:30:00+00:00,605.2100219726562,608.9000244140625,604.6699829101562,608.5,11663983
2025-10-07 15:30:00+00:00,604.3300170898438,605.2899780273438,603.0499877929688,605.1699829101562,12595151
2025-10-07 16:30:00+00:00,604.625,605.6300048828125,603.719970703125,604.2899780273438,5329988
2025-10-07 17:30:00+00:00,604.2100219726562,604.7899780273438,603.2100219726562,604.5900268554688,4981274
2025-10-07 18:30:00+00:00,604.2260131835938,604.7999877929688,604.0700073242188,604.22998046875,3432551
2025-10-07 19:30:00+00:00,604.469970703125,605.1199951171875,604.0599975585938,604.2100219726562,4223592
2025-10-08 13:30:00+00:00,608.6300048828125,608.9401245117188,605.2849731445312,605.3049926757812,13624271
2025-10-08 14:30:00+00:00,609.0999755859375,609.3499755859375,607.5850219726562,608.6199951171875,5892253
2025-10-08 15:30:00+00:00,609.4992065429688,610.0599975585938,608.9400024414062,609.0800170898438,4521323
2025-10-08 16:30:00+00:00,609.8436279296875,609.8499755859375,609.030029296875,609.489990234375,2949795
2025-10-08 17:30:00+00:00,610.25,610.5900268554688,609.7050170898438,609.8599853515625,6286073
2025-10-08 18:30:00+00:00,610.9492797851562,611.0499877929688,609.8400268554688,610.260009765625,4614623
2025-10-08 19:30:00+00:00,611.4400024414062,611.75,610.739990234375,610.9400024414062,8318985
2025-10-09 13:30:00+00:00,610.1400756835938,611.409912109375,609.780029296875,611.3599853515625,11408467
2025-10-09 14:30:00+00:00,609.239990234375,609.9699096679688,608.3619995117188,609.0700073242188,6244683
2025-10-09 15:30:00+00:00,609.2949829101562,610.155029296875,608.780029296875,609.0150146484375,4341165
2025-10-09 16:30:00+00:00,607.9400024414062,609.77001953125,607.9400024414062,609.6900024414062,6320190
2025-10-09 17:30:00+00:00,608.9749755859375,609.030029296875,607.5798950195312,607.9299926757812,4347582
2025-10-09 18:30:00+00:00,609.9099731445312,609.9099731445312,608.6699829101562,608.7999877929688,4034496
2025-10-09 19:30:00+00:00,610.2849731445312,610.5399780273438,610.010009765625,610.010009765625,5333401
2025-10-10 13:30:00+00:00,612.2647705078125,613.105224609375,611.1318969726562,611.9099731445312,10679504
2025-10-10 14:30:00+00:00,600.7000122070312,612.3200073242188,599.469970703125,611.8366088867188,19360571
2025-10-10 15:30:00+00:00,598.8099975585938,600.885009765625,596.8955078125,598.010009765625,17808495
2025-10-10 16:30:00+00:00,597.0449829101562,599.9099731445312,594.3300170898438,598.739990234375,10673093
2025-10-10 17:30:00+00:00,595.8699951171875,597.8804931640625,595.2711791992188,596.9400024414062,7402784
2025-10-10 18:30:00+00:00,592.6010131835938,596.3400268554688,592.1599731445312,595.8800048828125,8236593
2025-10-10 19:30:00+00:00,589.47998046875,593.239990234375,589.0499877929688,592.6599731445312,13112149
2025-10-13 13:30:00+00:00,599.6300048828125,601.739990234375,597.22998046875,599.6799926757812,24505863
2025-10-13 14:30:00+00:00,600.8956298828125,601.1500244140625,597.6842041015625,599.6500244140625,9240069
2025-10-13 15:30:00+00:00,601.6599731445312,602.1799926757812,600.2999877929688,600.9000244140625,5951054
2025-10-13 16:30:00+00:00,601.5399780273438,602.8300170898438,601.1500244140625,601.6699829101562,6268258
2025-10-13 17:30:00+00:00,602.6599731445312,602.72998046875,601.1600952148438,601.5800170898438,3468352
2025-10-13 18:30:00+00:00,601.8090209960938,602.9500122070312,601.030029296875,602.6900024414062,4845532
2025-10-13 19:30:00+00:00,602.0449829101562,602.669921875,601.6500244140625,601.7899780273438,6699910
2025-10-14 13:30:00+00:00,597.2999877929688,597.375,590.1300048828125,595.1884765625,19348805
2025-10-14 14:30:00+00:00,596.8298950195312,598.3900146484375,596.0399780273438,597.2899780273438,8264651
2025-10-14 15:30:00+00:00,600.8699951171875,601.02001953125,596.7999877929688,596.8800048828125,9120138
2025-10-14 16:30:00+00:00,602.1699829101562,602.6900024414062,600.5349731445312,600.8679809570312,7243550
2025-10-14 17:30:00+00:00,601.8800048828125,602.3701171875,601.0499877929688,602.2000122070312,5021109
2025-10-14 18:30:00+00:00,601.5399780273438,602.1599731445312,601.0800170898438,601.8800048828125,4669301
2025-10-14 19:30:00+00:00,598.0499877929688,601.5599975585938,596.3699951171875,601.5399780273438,10875463
2025-10-15 13:30:00+00:00,606.3900146484375,606.6699829101562,601.510009765625,604.010009765625,16325002
2025-10-15 14:30:00+00:00,605.215576171875,606.7000122070312,605.0999755859375,606.4400024414062,6464275
2025-10-15 15:30:00+00:00,603.0283813476562,605.3699951171875,601.0250244140625,605.1799926757812,9661848
2025-10-15 16:30:00+00:00,597.9600219726562,603.2050170898438,595.9400024414062,603.030029296875,10690128
2025-10-15 17:30:00+00:00,601.3699951171875,602.1099853515625,597.7249755859375,597.9550170898438,6702669
2025-10-15 18:30:00+00:00,602.580078125,602.989990234375,601.260009765625,601.3499755859375,4250964
2025-10-15 19:30:00+00:00,602.1599731445312,602.739990234375,600.2899780273438,602.6199951171875,5671060
2025-10-16 13:30:00+00:00,605.9600219726562,607.02001953125,604.3699951171875,605.0900268554688,13733817
2025-10-16 14:30:00+00:00,604.9462280273438,608.3099975585938,604.489990234375,605.97998046875,8159593
2025-10-16 15:30:00+00:00,601.0750122070312,605.77001953125,600.9000244140625,604.8599853515625,9887252
2025-10-16 16:30:00+00:00,602.4201049804688,603.1900024414062,597.6400146484375,601.0700073242188,11730758
2025-10-16 17:30:00+00:00,596.7999877929688,603.0399780273438,595.9500122070312,602.3930053710938,8110725
2025-10-16 18:30:00+00:00,597.7000122070312,599.6900024414062,595.5,596.7999877929688,8874635
2025-10-16 19:30:00+00:00,599.989990234375,600.3300170898438,597.0399780273438,597.7000122070312,6676171
2025-10-17 13:30:00+00:00,602.0700073242188,603.3200073242188,596.3699951171875,597.9500122070312,19483057
2025-10-17 14:30:00+00:00,597.8699951171875,602.1849975585938,597.02001953125,602.0999755859375,13915395
2025-10-17 15:30:00+00:00,602.9998779296875,603.1793212890625,596.4240112304688,597.9000244140625,9856519
2025-10-17 16:30:00+00:00,600.860107421875,603.5800170898438,600.1199951171875,602.9500122070312,6822241
2025-10-17 17:30:00+00:00,604.5999755859375,604.9400024414062,600.239990234375,600.8800048828125,7655506
2025-10-17 18:30:00+00:00,604.8399047851562,605.510009765625,603.6900024414062,604.6099853515625,4675503
2025-10-17 19:30:00+00:00,603.8800048828125,604.8300170898438,603.719970703125,604.8200073242188,5946566
2025-10-20 13:30:00+00:00,611.09912109375,611.1400146484375,607.0601196289062,607.1400146484375,13519255
2025-10-20 14:30:00+00:00,611.989990234375,612.1699829101562,610.7000122070312,611.0999755859375,6842093
2025-10-20 15:30:00+00:00,611.72998046875,612.5800170898438,611.4000244140625,612.0516967773438,5854081
2025-10-20 16:30:00+00:00,612.3699951171875,612.719970703125,611.27001953125,611.77001953125,3940921
2025-10-20 17:30:00+00:00,612.3900146484375,612.7999877929688,612.239990234375,612.3713989257812,3087700
2025-10-20 18:30:00+00:00,612.0399780273438,612.4349975585938,611.4429931640625,612.4000244140625,4061352
2025-10-20 19:30:00+00:00,611.5399780273438,612.3499755859375,611.510009765625,612.0399780273438,4659546
2025-10-21 13:30:00+00:00,609.7349853515625,611.7150268554688,609.3599853515625,611.6300048828125,12277423
2025-10-21 14:30:00+00:00,611.0386962890625,611.7199096679688,609.3300170898438,609.739990234375,7201298
2025-10-21 15:30:00+00:00,612.47998046875,612.6099853515625,610.60498046875,611.0499877929688,4943769
2025-10-21 16:30:00+00:00,611.2000122070312,612.7213134765625,610.3800048828125,612.4918823242188,6253082
2025-10-21 17:30:00+00:00,611.9600219726562,612.1900024414062,610.9299926757812,611.2100219726562,3318416
2025-10-21 18:30:00+00:00,611.8150024414062,612.2000122070312,611.5250244140625,611.9658203125,3329453
2025-10-21 19:30:00+00:00,611.4099731445312,612.4299926757812,611.27001953125,611.8099975585938,4323077
2025-10-22 13:30:00+00:00,607.4199829101562,611.4099731445312,607.25,610.8200073242188,12779526
2025-10-22 14:30:00+00:00,605.1099853515625,609.7999877929688,604.97998046875,607.4299926757812,10536090
2025-10-22 15:30:00+00:00,605.135009765625,607.5599975585938,604.4949951171875,605.1199951171875,7620604
2025-10-22 16:30:00+00:00,602.27001953125,605.7000122070312,601.2999877929688,605.1500244140625,9183666
2025-10-22 17:30:00+00:00,602.4099731445312,603.0499877929688,599.739990234375,602.2000122070312,7566904
2025-10-22 18:30:00+00:00,604.6793212890625,604.8800048828125,601.780029296875,602.4000244140625,6066128
2025-10-22 19:30:00+00:00,605.4099731445312,605.8400268554688,604.6599731445312,604.6699829101562,4452661
2025-10-23 13:30:00+00:00,608.02001953125,608.8300170898438,604.5499877929688,604.9000244140625,13297042
2025-10-23 14:30:00+00:00,608.8099975585938,609.25,607.760009765625,608.0399169921875,4635768
2025-10-23 15:30:00+00:00,609.3200073242188,609.9387817382812,607.4000244140625,608.8499755859375,4815579
2025-10-23 16:30:00+00:00,609.47998046875,610.4099731445312,609.0700073242188,609.3099975585938,3949952
2025-10-23 17:30:00+00:00,611.1500244140625,611.2999877929688,609.4299926757812,609.4749755859375,4601726
2025-10-23 18:30:00+00:00,611.14501953125,611.3699951171875,610.614990234375,611.155029296875,3205120
2025-10-23 19:30:00+00:00,610.6199951171875,611.1400146484375,610.0800170898438,611.1400146484375,3582107
2025-10-24 13:30:00+00:00,616.7650146484375,617.9000244140625,615.1380004882812,615.989990234375,14200332
2025-10-24 14:30:00+00:00,617.5800170898438,617.8300170898438,615.1799926757812,616.72998046875,7003670
2025-10-24 15:30:00+00:00,617.6655883789062,618.2000122070312,616.8599853515625,617.6300048828125,4749402
2025-10-24 16:30:00+00:00,617.9199829101562,618.27001953125,617.280029296875,617.6699829101562,3770980
2025-10-24 17:30:00+00:00,617.8800048828125,618.4099731445312,617.6226806640625,617.9000244140625,3622452
2025-10-24 18:30:00+00:00,618.25,618.405029296875,617.5,617.89501953125,4888690
2025-10-24 19:30:00+00:00,617.0,618.2899780273438,616.75,618.2650146484375,6683062
2025-10-27 13:30:00+00:00,625.7949829101562,625.9400024414062,624.0399780273438,624.5,13414817
2025-10-27 14:30:00+00:00,626.510009765625,626.5800170898438,625.3900146484375,625.780029296875,6960315
2025-10-27 15:30:00+00:00,626.6400146484375,626.8300170898438,626.2899780273438,626.510009765625,4945094
2025-10-27 16:30:00+00:00,626.5900268554688,626.9755859375,626.3814697265625,626.6400146484375,4590096
2025-10-27 17:30:00+00:00,627.2899780273438,627.3900146484375,626.47998046875,626.5999755859375,4819196
2025-10-27 18:30:00+00:00,627.219970703125,627.6849975585938,627.0700073242188,627.2899780273438,5779143
2025-10-27 19:30:00+00:00,628.0800170898438,628.5499877929688,627.1600952148438,627.219970703125,9452423
2025-10-28 13:30:00+00:00,630.2000122070312,631.3599853515625,629.77001953125,630.3200073242188,13927784
2025-10-28 14:30:00+00:00,630.155029296875,630.3900146484375,629.280029296875,630.1900024414062,4794536
2025-10-28 15:30:00+00:00,631.2949829101562,631.3599853515625,629.25,630.155029296875,5012446
2025-10-28 16:30:00+00:00,632.125,632.5800170898438,630.969970703125,631.2949829101562,10445676
2025-10-28 17:30:00+00:00,633.4500122070312,633.5599975585938,632.0650024414062,632.1400146484375,7867389
2025-10-28 18:30:00+00:00,634.5499877929688,634.6699829101562,633.3397827148438,633.4500122070312,5838904
2025-10-28 19:30:00+00:00,632.8900146484375,634.6799926757812,632.8599853515625,634.5599975585938,7743011
2025-10-29 13:30:00+00:00,636.3200073242188,637.010009765625,635.3099975585938,635.5900268554688,14952284
2025-10-29 14:30:00+00:00,635.2650146484375,636.5784912109375,634.8800048828125,636.3200073242188,6352052
2025-10-29 15:30:00+00:00,635.1400146484375,635.3900146484375,634.039306640625,635.2650146484375,6317811
2025-10-29 16:30:00+00:00,634.6849975585938,635.5900268554688,634.4299926757812,635.1500244140625,5098641
2025-10-29 17:30:00+00:00,635.0700073242188,636.0499877929688,634.0599975585938,634.6300048828125,5950249
2025-10-29 18:30:00+00:00,633.72998046875,635.9400024414062,630.25,635.1099853515625,17687960
2025-10-29 19:30:00+00:00,635.9000244140625,635.969970703125,632.7000122070312,633.75,7122013
2025-10-30 13:30:00+00:00,629.6400146484375,633.5,627.760009765625,632.1699829101562,11923388
2025-10-30 14:30:00+00:00,630.5598754882812,631.52001953125,628.6699829101562,629.6199951171875,4695383
2025-10-30 15:30:00+00:00,631.1599731445312,631.5,628.3699951171875,630.5700073242188,3617307
2025-10-30 16:30:00+00:00,630.6500244140625,631.1843872070312,629.1799926757812,631.1699829101562,3064498
2025-10-30 17:30:00+00:00,629.1199951171875,631.0,628.8001098632812,630.6599731445312,2438353
2025-10-30 18:30:00+00:00,627.4000244140625,629.755615234375,626.3302001953125,629.1900024414062,3759327
2025-10-30 19:30:00+00:00,626.0,628.2449951171875,626.0,627.4299926757812,4304099
2025-10-31 13:30:00+00:00,631.9100952148438,634.1699829101562,630.8499755859375,634.1699829101562,8988781
2025-10-31 14:30:00+00:00,632.6599731445312,633.75,631.780029296875,631.9299926757812,4436577
2025-10-31 15:30:00+00:00,629.4793090820312,633.1400146484375,628.280029296875,632.6500244140625,5446546
2025-10-31 16:30:00+00:00,627.1900024414062,630.260009765625,626.7913818359375,629.489990234375,5367720
2025-10-31 17:30:00+00:00,629.6099853515625,629.75,626.6900024414062,627.2000122070312,4351216
2025-10-31 18:30:00+00:00,631.4500122070312,631.6799926757812,628.6900024414062,629.6199951171875,25977970
2025-10-31 19:30:00+00:00,629.2100219726562,632.239990234375,629.2000122070312,631.4550170898438,0
2025-11-03 14:30:00+00:00,630.5299072265625,635.8200073242188,630.2899780273438,635.1199951171875,6480473
2025-11-03 15:30:00+00:00,630.6950073242188,632.1799926757812,629.8499755859375,630.52001953125,3392251
2025-11-03 16:30:00+00:00,631.9000244140625,632.9199829101562,630.5050048828125,630.6900024414062,2752050
2025-11-03 17:30:00+00:00,632.8151245117188,633.3099975585938,631.875,631.9099731445312,1726904
2025-11-03 18:30:00+00:00,631.75,633.4199829101562,631.5599975585938,632.8300170898438,1796636
2025-11-03 19:30:00+00:00,631.8400268554688,632.4755859375,631.0355834960938,631.739990234375,1756720
2025-11-03 20:30:00+00:00,632.0599975585938,632.1199951171875,631.1884765625,631.8599853515625,16856159
2025-11-04 14:30:00+00:00,626.22998046875,626.9500122070312,621.3687133789062,623.280029296875,10214445
2025-11-04 15:30:00+00:00,623.97802734375,626.8499755859375,623.1900024414062,626.219970703125,4096303
2025-11-04 16:30:00+00:00,622.5399169921875,624.5800170898438,620.889892578125,623.989990234375,4001783
2025-11-04 17:30:00+00:00,620.4827270507812,622.9500122070312,620.1500244140625,622.5349731445312,3318011
2025-11-04 18:30:00+00:00,621.2999877929688,621.969970703125,619.9099731445312,620.47998046875,3576445
2025-11-04 19:30:00+00:00,620.2999877929688,621.4199829101562,619.239990234375,621.260009765625,3717719
2025-11-04 20:30:00+00:00,619.219970703125,620.8300170898438,618.4550170898438,620.3200073242188,28443351
2025-11-05 14:30:00+00:00,622.0399780273438,622.739990234375,617.2100219726562,618.489990234375,9119729
2025-11-05 15:30:00+00:00,623.3499755859375,623.4600219726562,621.3499145507812,622.0399780273438,3886544
2025-11-05 16:30:00+00:00,624.4500122070312,624.6400146484375,623.0,623.3499755859375,2446493
2025-11-05 17:30:00+00:00,625.4299926757812,625.5449829101562,624.3599853515625,624.4500122070312,1648444
2025-11-05 18:30:00+00:00,626.010009765625,626.47998046875,625.2899780273438,625.4199829101562,2091280
2025-11-05 19:30:00+00:00,625.5447998046875,626.5999755859375,625.4099731445312,626.0050048828125,2224034
2025-11-05 20:30:00+00:00,623.3900146484375,625.5449829101562,623.0650024414062,625.5449829101562,3903151
2025-11-06 14:30:00+00:00,617.719970703125,622.0263061523438,615.2999877929688,621.7999877929688,10641855
2025-11-06 15:30:00+00:00,613.5700073242188,617.9099731445312,612.2100219726562,617.72998046875,7707667
2025-11-06 16:30:00+00:00,611.4500122070312,613.5399780273438,610.3099975585938,613.5399780273438,6137753
2025-11-06 17:30:00+00:00,613.344970703125,614.1500244140625,610.989990234375,611.4199829101562,5490458
2025-11-06 18:30:00+00:00,615.9500732421875,616.094970703125,612.969970703125,613.3400268554688,4391199
2025-11-06 19:30:00+00:00,614.0599975585938,616.1300048828125,613.969970703125,615.9500122070312,3173757
2025-11-06 20:30:00+00:00,611.7100219726562,614.47998046875,610.9500122070312,614.0700073242188,4897527
2025-11-07 14:30:00+00:00,604.9500122070312,608.3200073242188,602.8599853515625,608.3200073242188,11633298
2025-11-07 15:30:00+00:00,600.75,605.235595703125,600.1649780273438,604.9299926757812,6991286
2025-11-07 16:30:00+00:00,601.6599731445312,602.4099731445312,598.6699829101562,600.72998046875,6020547
2025-11-07 17:30:00+00:00,603.780029296875,603.85498046875,599.8599853515625,601.60498046875,4893957
2025-11-07 18:30:00+00:00,604.6099853515625,604.8800048828125,602.27001953125,603.7999877929688,4466216
2025-11-07 19:30:00+00:00,607.0800170898438,608.8099975585938,604.5900268554688,604.5900268554688,7100335
2025-11-07 20:30:00+00:00,609.760009765625,609.9400024414062,607.0700073242188,607.094970703125,4901656
2025-11-10 14:30:00+00:00,621.4650268554688,622.0399780273438,618.5900268554688,618.8900146484375,8454383
2025-11-10 15:30:00+00:00,617.610107421875,621.97998046875,617.3699951171875,621.47998046875,5558495
2025-11-10 16:30:00+00:00,619.24072265625,619.8699951171875,616.89501953125,617.6099853515625,3266029
2025-11-10 17:30:00+00:00,621.1920166015625,621.8099975585938,619.280029296875,619.280029296875,3302984
2025-11-10 18:30:00+00:00,622.52001953125,622.760009765625,621.219970703125,621.239990234375,2305887
2025-11-10 19:30:00+00:00,623.0850219726562,623.5499877929688,622.2899780273438,622.52001953125,3276998
2025-11-10 20:30:00+00:00,623.1900024414062,624.2899780273438,622.8099975585938,623.0800170898438,3751161
2025-11-11 14:30:00+00:00,619.1199951171875,621.5700073242188,618.8200073242188,620.5700073242188,6875393
2025-11-11 15:30:00+00:00,618.3099975585938,620.22998046875,617.6900024414062,619.1400146484375,4090251
2025-11-11 16:30:00+00:00,619.552490234375,620.3499755859375,617.52001953125,618.3300170898438,3761211
2025-11-11 17:30:00+00:00,621.4498901367188,622.1599731445312,619.5098876953125,619.5800170898438,2864351
2025-11-11 18:30:00+00:00,621.9299926757812,622.719970703125,620.6024780273438,621.4500122070312,3083055
2025-11-11 19:30:00+00:00,621.8400268554688,622.3897094726562,621.52001953125,621.9450073242188,2056277
2025-11-11 20:30:00+00:00,621.5130004882812,622.5999755859375,620.8903198242188,621.8400268554688,3132995
2025-11-12 14:30:00+00:00,620.8099975585938,624.8400268554688,619.5999755859375,624.8400268554688,7565016
2025-11-12 15:30:00+00:00,620.0313110351562,621.02001953125,617.97998046875,620.8200073242188,4669341
2025-11-12 16:30:00+00:00,619.4299926757812,620.6599731445312,617.8099975585938,620.030029296875,3217817
2025-11-12 17:30:00+00:00,620.7449951171875,621.1799926757812,619.31201171875,619.4099731445312,2854769
2025-11-12 18:30:00+00:00,620.02001953125,621.405029296875,619.719970703125,620.7301025390625,16949758
2025-11-12 19:30:00+00:00,620.5399780273438,620.6099853515625,619.1599731445312,620.030029296875,0
2025-11-12 20:30:00+00:00,621.0800170898438,621.7000122070312,620.2999877929688,620.5499877929688,2577000
2025-11-13 14:30:00+00:00,615.3099975585938,618.1199951171875,612.8400268554688,617.5650024414062,8429287
2025-11-13 15:30:00+00:00,611.469970703125,615.3499755859375,610.4400024414062,615.3200073242188,6470373
2025-11-13 16:30:00+00:00,611.6699829101562,612.4099731445312,609.6799926757812,611.4000244140625,5833502
2025-11-13 17:30:00+00:00,607.8099975585938,612.1799926757812,607.510009765625,611.6300048828125,4564345
2025-11-13 18:30:00+00:00,608.97998046875,609.0700073242188,606.3200073242188,607.7999877929688,4978322
2025-11-13 19:30:00+00:00,607.7899780273438,609.25,606.0855102539062,608.97998046875,5117474
2025-11-13 20:30:00+00:00,608.385009765625,609.530029296875,606.8300170898438,607.7999877929688,5695670
2025-11-14 14:30:00+00:00,606.47998046875,606.9299926757812,597.1799926757812,599.5499877929688,15481766
2025-11-14 15:30:00+00:00,612.0800170898438,612.739990234375,605.719970703125,606.52001953125,7650116
2025-11-14 16:30:00+00:00,612.6300048828125,613.3499755859375,610.5499877929688,612.1199951171875,5190762
2025-11-14 17:30:00+00:00,610.27001953125,613.1300048828125,609.1900024414062,612.6300048828125,4576313
2025-11-14 18:30:00+00:00,611.1749877929688,611.60498046875,608.3800048828125,610.22998046875,3720209
2025-11-14 19:30:00+00:00,609.6920166015625,612.3400268554688,609.25,611.1699829101562,3693531
2025-11-14 20:30:00+00:00,608.8099975585938,610.2100219726562,607.97998046875,609.6699829101562,4730003
2025-11-17 14:30:00+00:00,609.6799926757812,612.47998046875,605.239990234375,606.280029296875,8810686
2025-11-17 15:30:00+00:00,608.0460205078125,610.1099853515625,605.0399780273438,609.6500244140625,5666970
2025-11-17 16:30:00+00:00,609.9500122070312,611.1699829101562,607.9299926757812,608.0599975585938,4154416
2025-11-17 17:30:00+00:00,605.9400024414062,610.3099975585938,605.260009765625,609.9600219726562,4009176
2025-11-17 18:30:00+00:00,603.1300048828125,607.5900268554688,602.1115112304688,605.8800048828125,4343930
2025-11-17 19:30:00+00:00,601.239990234375,603.5549926757812,599.8699951171875,603.1300048828125,5201960
2025-11-17 20:30:00+00:00,603.6400146484375,603.72998046875,600.5599975585938,601.22998046875,4915795
2025-11-18 14:30:00+00:00,595.3599853515625,602.3099975585938,592.5900268554688,599.6199951171875,17039896
2025-11-18 15:30:00+00:00,597.8699951171875,598.3250732421875,591.3400268554688,595.3800048828125,9815577
2025-11-18 16:30:00+00:00,595.1292114257812,599.0499877929688,594.9630126953125,597.8699951171875,5942777
2025-11-18 17:30:00+00:00,599.7999267578125,601.3499755859375,594.0999755859375,595.0800170898438,5448234
2025-11-18 18:30:00+00:00,599.4000244140625,601.6300048828125,598.9500122070312,599.7999877929688,3967332
2025-11-18 19:30:00+00:00,598.989990234375,601.7899780273438,597.8400268554688,599.4299926757812,4251791
2025-11-18 20:30:00+00:00,596.3499755859375,599.3499755859375,596.2000122070312,598.9500122070312,3954927
2025-11-19 14:30:00+00:00,605.3599243164062,606.1599731445312,596.1400146484375,597.0700073242188,10301103
2025-11-19 15:30:00+00:00,599.4000244140625,605.719970703125,598.27001953125,605.3599853515625,7886741
2025-11-19 16:30:00+00:00,597.5700073242188,599.8099975585938,596.3499755859375,599.4099731445312,5219288
2025-11-19 17:30:00+00:00,596.75,598.905029296875,594.5900268554688,597.530029296875,4352911
2025-11-19 18:30:00+00:00,596.6400146484375,599.6099853515625,596.260009765625,596.75,4272993
2025-11-19 19:30:00+00:00,600.9099731445312,601.739990234375,596.0999755859375,596.6400146484375,4352247
2025-11-19 20:30:00+00:00,599.760009765625,602.3399047851562,598.9000854492188,600.9349975585938,3406510
2025-11-20 14:30:00+00:00,612.780029296875,613.7899780273438,610.1099853515625,611.6300048828125,12745830
2025-11-20 15:30:00+00:00,604.2899780273438,614.02001953125,603.8400268554688,612.780029296875,10359188
2025-11-20 16:30:00+00:00,593.22998046875,604.8300170898438,590.9299926757812,604.2999877929688,14721991
2025-11-20 17:30:00+00:00,594.489990234375,596.8900756835938,589.8300170898438,593.1900024414062,12723650
2025-11-20 18:30:00+00:00,590.780029296875,595.030029296875,587.3400268554688,594.4600219726562,7908997
2025-11-20 19:30:00+00:00,589.4299926757812,592.0999755859375,588.219970703125,590.739990234375,6467009
2025-11-20 20:30:00+00:00,585.5599975585938,589.9000244140625,584.75,589.4400024414062,5471749
2025-11-21 14:30:00+00:00,583.5999755859375,589.77001953125,583.1699829101562,587.510009765625,30078084
2025-11-21 15:30:00+00:00,586.780029296875,586.844970703125,580.739990234375,583.6099853515625,0
2025-11-21 16:30:00+00:00,591.239990234375,592.0549926757812,585.9400024414062,586.77001953125,9403428
2025-11-21 17:30:00+00:00,588.9400024414062,592.6099853515625,587.469970703125,591.22998046875,4533199
2025-11-21 18:30:00+00:00,596.5800170898438,596.97998046875,588.5599975585938,588.9400024414062,6441753
2025-11-21 19:30:00+00:00,591.9600219726562,596.9000244140625,591.9500122070312,596.5900268554688,4654642
2025-11-21 20:30:00+00:00,590.1500244140625,593.5250244140625,589.4400024414062,591.9299926757812,5479395
2025-11-24 14:30:00+00:00,600.52001953125,601.260009765625,595.1599731445312,595.239990234375,9893110
2025-11-24 15:30:00+00:00,603.5499877929688,603.9592895507812,599.8200073242188,600.4949951171875,5057162
2025-11-24 16:30:00+00:00,604.02001953125,604.2100219726562,602.6799926757812,603.52001953125,3419792
2025-11-24 17:30:00+00:00,605.1599731445312,605.6998901367188,603.9600219726562,604.010009765625,3171111
2025-11-24 18:30:00+00:00,605.2050170898438,605.8900146484375,604.739990234375,605.1500244140625,2565005
2025-11-24 19:30:00+00:00,605.2999877929688,605.9099731445312,604.239990234375,605.22998046875,3461712
2025-11-24 20:30:00+00:00,605.2899780273438,606.6799926757812,605.0599975585938,605.27001953125,4685378
2025-11-25 14:30:00+00:00,601.6605834960938,604.0599975585938,597.3300170898438,603.4949951171875,11701031
2025-11-25 15:30:00+00:00,603.4199829101562,604.0999755859375,601.2100830078125,601.6400146484375,5025624
2025-11-25 16:30:00+00:00,606.75,607.3699951171875,603.0999755859375,603.4099731445312,3902458
2025-11-25 17:30:00+00:00,607.5150146484375,608.4199829101562,606.3800048828125,606.739990234375,3526600
2025-11-25 18:30:00+00:00,606.5200805664062,608.1699829101562,605.8699951171875,607.5250244140625,2394186
2025-11-25 19:30:00+00:00,608.125,608.25,605.469970703125,606.5599975585938,3140367
2025-11-25 20:30:00+00:00,608.9000244140625,610.2600708007812,608.1087036132812,608.1400146484375,3798258
2025-11-26 14:30:00+00:00,611.719970703125,613.8966064453125,610.4000244140625,612.5,6599431
2025-11-26 15:30:00+00:00,614.9301147460938,615.309814453125,611.780029296875,611.8200073242188,3602827
2025-11-26 16:30:00+00:00,615.3049926757812,616.1900024414062,614.5910034179688,615.010009765625,2803753
2025-11-26 17:30:00+00:00,615.52001953125,616.0599975585938,613.9500122070312,615.3099975585938,2675642
2025-11-26 18:30:00+00:00,615.469970703125,615.5499877929688,614.0499877929688,615.5250244140625,1846827
2025-11-26 19:30:00+00:00,615.5100708007812,615.8499755859375,614.5900268554688,615.47998046875,2088816
2025-11-26 20:30:00+00:00,614.3099975585938,615.6300048828125,614.27001953125,615.510009765625,3129325
2025-11-28 14:30:00+00:00,616.3099975585938,617.5800170898438,615.4174194335938,616.1099853515625,4418452
2025-11-28 15:30:00+00:00,616.780029296875,617.9400024414062,616.0850219726562,616.3099975585938,2616470
2025-11-28 16:30:00+00:00,617.52001953125,618.0,616.4199829101562,616.780029296875,2822927
2025-12-01 14:30:00+00:00,615.2899780273438,616.851318359375,612.52001953125,613.6300048828125,8081344
2025-12-01 15:30:00+00:00,616.6799926757812,617.6087036132812,613.94873046875,615.3099975585938,3615659
2025-12-01 16:30:00+00:00,618.4232788085938,618.75,616.6599731445312,616.6799926757812,2339406
2025-12-01 17:30:00+00:00,618.64990234375,619.4401245117188,618.1300048828125,618.4199829101562,1758817
2025-12-01 18:30:00+00:00,617.02001953125,619.3599853515625,616.9197998046875,618.6900024414062,2207952
2025-12-01 19:30:00+00:00,617.1480712890625,617.5,616.06201171875,617.030029296875,2555938
2025-12-01 20:30:00+00:00,617.1900024414062,617.6599731445312,616.2999877929688,617.1699829101562,3179447
2025-12-02 14:30:00+00:00,621.3963012695312,623.3400268554688,618.97998046875,619.0999755859375,8607562
2025-12-02 15:30:00+00:00,618.6799926757812,623.75,618.27001953125,621.3900146484375,7217260
2025-12-02 16:30:00+00:00,622.1900024414062,622.405029296875,617.5900268554688,618.6599731445312,5005602
2025-12-02 17:30:00+00:00,621.1799926757812,622.6199951171875,619.5750122070312,622.1900024414062,3319331
2025-12-02 18:30:00+00:00,621.719970703125,622.3200073242188,620.3800048828125,621.1300048828125,2966698
2025-12-02 19:30:00+00:00,622.885009765625,623.1099853515625,621.5700073242188,621.7100219726562,2944037
2025-12-02 20:30:00+00:00,622.0700073242188,623.219970703125,621.8599853515625,622.885009765625,3555307
2025-12-03 14:30:00+00:00,620.4099731445312,621.530029296875,618.0399780273438,619.5999755859375,7806591
2025-12-03 15:30:00+00:00,621.3400268554688,622.280029296875,619.75,620.3900146484375,5507276
2025-12-03 16:30:00+00:00,622.6300048828125,622.9199829101562,620.469970703125,621.3599853515625,4071067
2025-12-03 17:30:00+00:00,622.8099975585938,623.0800170898438,622.1099853515625,622.6300048828125,2242634
2025-12-03 18:30:00+00:00,623.3499755859375,623.5399780273438,622.7100219726562,622.8300170898438,2412204
2025-12-03 19:30:00+00:00,624.1528930664062,624.219970703125,623.1599731445312,623.3400268554688,2602920
2025-12-03 20:30:00+00:00,623.530029296875,624.1599731445312,623.1500244140625,624.1400146484375,3097795
2025-12-04 14:30:00+00:00,622.0,624.7999877929688,620.3200073242188,624.7999877929688,8526009
2025-12-04 15:30:00+00:00,621.8200073242188,623.1900024414062,619.9600219726562,622.02001953125,4832741
2025-12-04 16:30:00+00:00,622.2698974609375,623.469970703125,621.3801879882812,621.8099975585938,3666928
2025-12-04 17:30:00+00:00,622.7650146484375,622.8800048828125,621.6300048828125,622.27001953125,2581176
2025-12-04 18:30:00+00:00,620.5941772460938,623.02001953125,619.5399780273438,622.760009765625,3524610
2025-12-04 19:30:00+00:00,621.3200073242188,622.489990234375,620.4099731445312,620.5999755859375,3548969
2025-12-04 20:30:00+00:00,622.8599853515625,623.0,621.27001953125,621.3397216796875,17297260
2025-12-05 14:30:00+00:00,628.1799926757812,628.9199829101562,624.239990234375,624.3699951171875,9146428
2025-12-05 15:30:00+00:00,624.8399047851562,628.7650146484375,624.5,628.1799926757812,6860244
2025-12-05 16:30:00+00:00,624.7598876953125,626.3599853515625,623.7100219726562,624.8400268554688,4455632
2025-12-05 17:30:00+00:00,625.9500122070312,626.02001953125,624.02001953125,624.77001953125,3301855
2025-12-05 18:30:00+00:00,625.4199829101562,626.280029296875,625.0598754882812,625.94580078125,2434676
2025-12-05 19:30:00+00:00,625.5,625.9400024414062,624.9500122070312,625.4299926757812,2268732
2025-12-05 20:30:00+00:00,625.530029296875,625.8350219726562,624.3200073242188,625.489990234375,3116989
2025-12-08 14:30:00+00:00,624.989990234375,628.8400268554688,623.9400024414062,627.1500244140625,6766443
2025-12-08 15:30:00+00:00,624.0700073242188,625.5499877929688,623.2100219726562,624.989990234375,4527671
2025-12-08 16:30:00+00:00,622.9639892578125,624.25,622.3699951171875,624.0599975585938,9968387
2025-12-08 17:30:00+00:00,623.27001953125,624.8699951171875,622.8381958007812,622.9650268554688,0
2025-12-08 18:30:00+00:00,622.4857788085938,623.5399780273438,621.6900024414062,623.22998046875,3187088
2025-12-08 19:30:00+00:00,622.8900146484375,623.0599975585938,622.0999755859375,622.47998046875,2277512
2025-12-08 20:30:00+00:00,624.1799926757812,624.27001953125,622.280029296875,622.9000244140625,2619789
2025-12-09 14:30:00+00:00,623.969970703125,624.280029296875,621.6199951171875,624.280029296875,9135070
2025-12-09 15:30:00+00:00,624.77001953125,625.260009765625,623.47998046875,624.0,0
2025-12-09 16:30:00+00:00,625.2150268554688,625.8099975585938,624.27001953125,624.7999877929688,2844181
2025-12-09 17:30:00+00:00,625.6500244140625,625.780029296875,624.780029296875,625.2150268554688,2061231
2025-12-09 18:30:00+00:00,625.280029296875,625.8699951171875,624.8098754882812,625.6400146484375,2193478
2025-12-09 19:30:00+00:00,624.97998046875,625.4199829101562,624.6300048828125,625.280029296875,1972074
2025-12-09 20:30:00+00:00,625.1099853515625,625.5499877929688,624.280029296875,624.9600219726562,2468779
2025-12-10 14:30:00+00:00,623.5599975585938,624.4400024414062,621.9199829101562,623.8400268554688,5445587
2025-12-10 15:30:00+00:00,623.8499755859375,623.9387817382812,620.989990234375,623.5599975585938,4301634
2025-12-10 16:30:00+00:00,623.280029296875,624.0897216796875,622.9400024414062,623.8200073242188,2296151
2025-12-10 17:30:00+00:00,622.8718872070312,624.6699829101562,622.6099853515625,623.25,1885058
2025-12-10 18:30:00+00:00,624.3400268554688,626.1099853515625,622.5900268554688,622.8599853515625,5300211
2025-12-10 19:30:00+00:00,628.4099731445312,629.2000122070312,623.0,624.3599853515625,8809027
2025-12-10 20:30:00+00:00,627.5399780273438,629.0599975585938,627.35498046875,628.4199829101562,22636148
2025-12-11 14:30:00+00:00,622.77001953125,623.9550170898438,617.719970703125,623.8200073242188,10969207
2025-12-11 15:30:00+00:00,619.5700073242188,623.0399780273438,619.3099975585938,622.77001953125,6336198
2025-12-11 16:30:00+00:00,622.8900146484375,623.6801147460938,619.489990234375,619.5700073242188,4863234
2025-12-11 17:30:00+00:00,623.3499755859375,623.9400024414062,622.3001708984375,622.8900146484375,2922460
2025-12-11 18:30:00+00:00,625.1799926757812,625.27001953125,623.0800170898438,623.3400268554688,2908092
2025-12-11 19:30:00+00:00,624.7050170898438,625.780029296875,624.6300048828125,625.1799926757812,2193183
2025-12-11 20:30:00+00:00,625.6199951171875,625.719970703125,624.260009765625,624.7000122070312,3095870
2025-12-12 14:30:00+00:00,616.27001953125,623.5399780273438,616.155029296875,621.9509887695312,11575455
2025-12-12 15:30:00+00:00,613.9400024414062,618.25,611.739990234375,616.260009765625,9521995
2025-12-12 16:30:00+00:00,613.8900146484375,615.780029296875,611.3599853515625,613.9306030273438,6817979
2025-12-12 17:30:00+00:00,616.739990234375,617.469970703125,613.1799926757812,613.8900146484375,4434091
2025-12-12 18:30:00+00:00,613.9600219726562,616.8300170898438,613.6900024414062,616.719970703125,3299065
2025-12-12 19:30:00+00:00,613.5800170898438,614.9199829101562,613.4500122070312,613.97998046875,3400472
2025-12-12 20:30:00+00:00,613.5999755859375,613.8800048828125,612.02001953125,613.5800170898438,6084891
2025-12-15 14:30:00+00:00,610.1599731445312,618.1500244140625,609.3200073242188,617.75,9650459
2025-12-15 15:30:00+00:00,614.6199951171875,614.9000244140625,609.8200073242188,610.1400146484375,4555293
2025-12-15 16:30:00+00:00,612.0700073242188,614.780029296875,611.3800048828125,614.635009765625,3387389
2025-12-15 17:30:00+00:00,610.8499755859375,612.97998046875,610.510009765625,612.0999755859375,14652555
2025-12-15 18:30:00+00:00,611.75,612.8699951171875,610.4299926757812,610.8400268554688,0
2025-12-15 19:30:00+00:00,611.3499755859375,612.22998046875,611.02001953125,611.739990234375,2188146
2025-12-15 20:30:00+00:00,610.47998046875,611.5098876953125,610.4099731445312,611.3599853515625,2732630
2025-12-16 14:30:00+00:00,608.5,612.47998046875,606.969970703125,608.2739868164062,7763467
2025-12-16 15:30:00+00:00,608.2999877929688,610.9450073242188,607.3809814453125,608.489990234375,4263980
2025-12-16 16:30:00+00:00,609.280029296875,611.2000122070312,607.8800048828125,608.2999877929688,3399787
2025-12-16 17:30:00+00:00,607.6441040039062,610.4000244140625,606.9100952148438,609.2501220703125,3013476
2025-12-16 18:30:00+00:00,609.5349731445312,611.1300048828125,607.5900268554688,607.6500244140625,3275726
2025-12-16 19:30:00+00:00,611.7999877929688,611.8699951171875,609.3400268554688,609.530029296875,2870342
2025-12-16 20:30:00+00:00,611.7999877929688,613.510009765625,611.756591796875,611.7899780273438,2987603
2025-12-17 14:30:00+00:00,610.7100219726562,613.6500244140625,608.8900756835938,613.0900268554688,8564983
2025-12-17 15:30:00+00:00,604.739990234375,611.02978515625,603.27001953125,610.6699829101562,8475669
2025-12-17 16:30:00+00:00,604.1500244140625,604.9949951171875,602.719970703125,604.7000122070312,5737522
2025-12-17 17:30:00+00:00,603.4099731445312,605.1500244140625,602.75,604.1500244140625,4047035
2025-12-17 18:30:00+00:00,601.77001953125,603.5650024414062,601.5700073242188,603.4149780273438,4131817
2025-12-17 19:30:00+00:00,602.0399780273438,602.8250122070312,601.2999877929688,601.75,4396349
2025-12-17 20:30:00+00:00,600.3599853515625,602.4500122070312,600.280029296875,602.0499877929688,4619597
2025-12-18 14:30:00+00:00,610.8298950195312,611.1599731445312,606.9199829101562,609.760009765625,13010791
2025-12-18 15:30:00+00:00,611.5399780273438,612.9299926757812,610.4600219726562,610.8200073242188,7042260
2025-12-18 16:30:00+00:00,608.5999755859375,612.9199829101562,607.510009765625,611.530029296875,7361216
2025-12-18 17:30:00+00:00,611.739990234375,612.0549926757812,608.27001953125,608.5900268554688,4171049
2025-12-18 18:30:00+00:00,609.780029296875,612.7000122070312,609.2100219726562,611.75,3869187
2025-12-18 19:30:00+00:00,610.4400024414062,610.6300048828125,607.719970703125,609.77001953125,4343318
2025-12-18 20:30:00+00:00,609.1500244140625,611.2730102539062,609.1400146484375,610.4400024414062,3535816
2025-12-19 14:30:00+00:00,615.4000244140625,617.6199951171875,611.885009765625,611.9500122070312,10056847
2025-12-19 15:30:00+00:00,616.2000122070312,616.6500244140625,614.239990234375,615.4000244140625,8248943
2025-12-19 16:30:00+00:00,616.9600219726562,617.0900268554688,615.0900268554688,616.2100219726562,3834635
2025-12-19 17:30:00+00:00,616.97998046875,617.5,616.5599975585938,616.969970703125,2391214
2025-12-19 18:30:00+00:00,617.1300048828125,617.239990234375,616.280029296875,616.989990234375,2510296
2025-12-19 19:30:00+00:00,617.239990234375,617.3900146484375,616.8599853515625,617.10498046875,2539119
2025-12-19 20:30:00+00:00,617.239990234375,617.47998046875,616.3499755859375,617.219970703125,5195501
2025-12-22 14:30:00+00:00,619.1799926757812,621.6500244140625,618.7525024414062,621.3800048828125,6893887
2025-12-22 15:30:00+00:00,619.739990234375,619.9400024414062,617.77001953125,619.1900024414062,4410625
2025-12-22 16:30:00+00:00,619.4299926757812,619.9000244140625,619.2100219726562,619.739990234375,2360312
2025-12-22 17:30:00+00:00,619.1799926757812,620.0700073242188,618.8200073242188,619.4299926757812,2260596
2025-12-22 18:30:00+00:00,619.4000244140625,619.4400024414062,618.8623046875,619.1799926757812,2229147
2025-12-22 19:30:00+00:00,619.1300048828125,619.7100219726562,618.9299926757812,619.39501953125,1878576
2025-12-22 20:30:00+00:00,619.1500244140625,619.489990234375,618.9600219726562,619.1199951171875,2568169
2025-12-23 14:30:00+00:00,618.8988037109375,620.7150268554688,617.780029296875,620.0,6382666
2025-12-23 15:30:00+00:00,620.52001953125,620.75,618.8699951171875,618.8900146484375,2999901
2025-12-23 16:30:00+00:00,621.0700073242188,621.3300170898438,620.239990234375,620.52001953125,2523412
2025-12-23 17:30:00+00:00,621.1699829101562,621.405029296875,620.6900024414062,621.0700073242188,2173834
2025-12-23 18:30:00+00:00,621.5499877929688,621.6699829101562,621.1099853515625,621.1799926757812,1710592
2025-12-23 19:30:00+00:00,621.8499755859375,622.0150146484375,621.4500122070312,621.5499877929688,1837126
2025-12-23 20:30:00+00:00,622.2100219726562,622.4000244140625,621.760009765625,621.8400268554688,2299848
2025-12-24 14:30:00+00:00,622.4813232421875,623.0700073242188,621.719970703125,622.25,3766900
2025-12-24 15:30:00+00:00,623.3599853515625,623.4299926757812,622.3200073242188,622.481201171875,2009489
2025-12-24 16:30:00+00:00,623.8699951171875,624.0800170898438,623.2899780273438,623.3699951171875,2024298
2025-12-26 14:30:00+00:00,624.3400268554688,625.5150146484375,623.1400146484375,624.625,4414078
2025-12-26 15:30:00+00:00,624.2999877929688,624.989990234375,623.7000122070312,624.3300170898438,2222671
2025-12-26 16:30:00+00:00,624.239990234375,624.4949951171875,623.510009765625,624.3099975585938,7617255
2025-12-26 17:30:00+00:00,623.989990234375,624.2802734375,623.6199951171875,624.239990234375,0
2025-12-26 18:30:00+00:00,624.260009765625,624.6699829101562,623.969970703125,623.989990234375,1178089
2025-12-26 19:30:00+00:00,624.0599975585938,624.5900268554688,623.9299926757812,624.260009765625,1492855
2025-12-26 20:30:00+00:00,623.8400268554688,624.2150268554688,623.6699829101562,624.0599975585938,2441586
2025-12-29 14:30:00+00:00,621.030029296875,622.7750244140625,619.030029296875,620.0,6221181
2025-12-29 15:30:00+00:00,620.0650024414062,621.6900024414062,619.344970703125,621.02001953125,2781947
2025-12-29 16:30:00+00:00,618.97607421875,620.3800048828125,618.72998046875,620.030029296875,2045812
2025-12-29 17:30:00+00:00,620.02001953125,620.2100219726562,618.9000244140625,618.9749755859375,1697698
2025-12-29 18:30:00+00:00,620.2249755859375,620.6599731445312,619.5900268554688,620.02001953125,1296367
2025-12-29 19:30:00+00:00,621.1099853515625,621.6950073242188,620.1799926757812,620.219970703125,2120970
2025-12-29 20:30:00+00:00,620.8800048828125,621.3200073242188,620.6099853515625,621.114990234375,1629283
2025-12-30 14:30:00+00:00,619.9600219726562,621.75,619.3800048828125,620.5,4445964
2025-12-30 15:30:00+00:00,621.7100219726562,622.1699829101562,619.5800170898438,619.9400024414062,2708925
2025-12-30 16:30:00+00:00,620.5399780273438,621.77001953125,620.010009765625,621.7100219726562,2218429
2025-12-30 17:30:00+00:00,620.8699951171875,620.9199829101562,620.1900024414062,620.5399780273438,1739264
2025-12-30 18:30:00+00:00,620.8150024414062,621.030029296875,620.3300170898438,620.8699951171875,1549942
2025-12-30 19:30:00+00:00,620.125,620.9400024414062,619.5999755859375,620.8200073242188,2055001
2025-12-30 20:30:00+00:00,619.4199829101562,620.35498046875,619.2150268554688,620.1199951171875,1937195
2025-12-31 14:30:00+00:00,617.8400268554688,619.9600219726562,617.030029296875,619.625,5193488
2025-12-31 15:30:00+00:00,617.719970703125,617.989990234375,616.4500122070312,617.8300170898438,2831143
2025-12-31 16:30:00+00:00,617.4849853515625,617.969970703125,617.0399780273438,617.72998046875,1919063
2025-12-31 17:30:00+00:00,617.85009765625,617.9099731445312,617.1300048828125,617.47998046875,1682055
2025-12-31 18:30:00+00:00,617.3400268554688,618.5999755859375,617.3079833984375,617.8599853515625,1814985
2025-12-31 19:30:00+00:00,614.8767700195312,617.4199829101562,614.75,617.3400268554688,3557018
2025-12-31 20:30:00+00:00,614.280029296875,615.739990234375,614.0499877929688,614.8800048828125,4763742
2026-01-02 14:30:00+00:00,615.4099731445312,622.8499755859375,614.6099853515625,620.0,9852588
2026-01-02 15:30:00+00:00,612.760009765625,618.1199951171875,610.75,615.4099731445312,9227443
2026-01-02 16:30:00+00:00,613.0098876953125,613.9249877929688,611.0,612.72998046875,3779399
2026-01-02 17:30:00+00:00,611.760009765625,613.3372192382812,611.1500244140625,613.010009765625,2529260
2026-01-02 18:30:00+00:00,613.5900268554688,613.8099975585938,610.1500244140625,611.75,3392364
2026-01-02 19:30:00+00:00,614.1099853515625,614.6900024414062,613.0650024414062,613.5900268554688,3270693
2026-01-02 20:30:00+00:00,613.0900268554688,614.3200073242188,612.5,614.0999755859375,3941755
2026-01-05 14:30:00+00:00,619.9801025390625,620.22998046875,616.719970703125,619.280029296875,8454332
2026-01-05 15:30:00+00:00,620.239990234375,620.5399780273438,619.1199951171875,620.0,3460224
2026-01-05 16:30:00+00:00,618.9199829101562,620.8099975585938,618.6190185546875,620.22998046875,3220714
2026-01-05 17:30:00+00:00,618.385009765625,619.0999755859375,617.25,618.9500122070312,2845291
2026-01-05 18:30:00+00:00,617.9000244140625,618.8599853515625,617.8599853515625,618.3900146484375,2337767
2026-01-05 19:30:00+00:00,618.25,618.3800048828125,617.0399780273438,617.9000244140625,2603087
2026-01-05 20:30:00+00:00,617.9500122070312,618.5800170898438,617.4500122070312,618.25,2377188
2026-01-06 14:30:00+00:00,622.4299926757812,622.5900268554688,618.5700073242188,619.219970703125,6731922
2026-01-06 15:30:00+00:00,620.2000122070312,622.4500122070312,619.405029296875,622.4199829101562,4947224
2026-01-06 16:30:00+00:00,621.58251953125,621.7899780273438,620.0427856445312,620.2100219726562,2886797
2026-01-06 17:30:00+00:00,622.1400146484375,622.780029296875,621.5700073242188,621.5900268554688,2281149
2026-01-06 18:30:00+00:00,623.340087890625,623.4053955078125,621.9199829101562,622.2509765625,2249118
2026-01-06 19:30:00+00:00,623.3599853515625,623.6400146484375,623.155029296875,623.4066772460938,1888577
2026-01-06 20:30:00+00:00,623.7999877929688,623.989990234375,623.2999877929688,623.3499755859375,1976703
2026-01-07 14:30:00+00:00,624.8300170898438,625.1500244140625,622.5599975585938,623.0399780273438,6463394
2026-01-07 15:30:00+00:00,625.5399780273438,626.3099975585938,623.52001953125,624.8300170898438,3943700
2026-01-07 16:30:00+00:00,627.655029296875,627.7999877929688,625.4099731445312,625.5399169921875,3092681
2026-01-07 17:30:00+00:00,626.3699951171875,627.9400024414062,626.280029296875,627.6599731445312,2268308
2026-01-07 18:30:00+00:00,625.64501953125,627.5399780273438,625.4400024414062,626.3800048828125,2696264
2026-01-07 19:30:00+00:00,624.7000122070312,626.169921875,624.510009765625,625.669921875,2649016
2026-01-07 20:30:00+00:00,624.030029296875,624.75,623.6199951171875,624.7000122070312,3653613
2026-01-08 14:30:00+00:00,620.8699951171875,622.4949951171875,617.7999877929688,622.25,8688862
2026-01-08 15:30:00+00:00,619.1199951171875,621.0599975585938,618.7979736328125,620.8499755859375,4915742
2026-01-08 16:30:00+00:00,619.3630981445312,620.4199829101562,618.1199951171875,619.0700073242188,3306660
2026-01-08 17:30:00+00:00,619.9000244140625,620.989990234375,618.9600219726562,619.3599853515625,2918081
2026-01-08 18:30:00+00:00,619.1400146484375,620.3101196289062,618.4099731445312,619.9000244140625,2715270
2026-01-08 19:30:00+00:00,620.27001953125,620.4600219726562,618.7899780273438,619.1300048828125,2382383
2026-01-08 20:30:00+00:00,620.4099731445312,620.8499755859375,620.0599975585938,620.2899780273438,2370867
2026-01-09 14:30:00+00:00,624.739990234375,624.89501953125,619.0599975585938,621.3900146484375,9018295
2026-01-09 15:30:00+00:00,624.970703125,625.8800048828125,622.530029296875,624.75,4745028
2026-01-09 16:30:00+00:00,626.1599731445312,626.4600219726562,624.530029296875,624.969970703125,2903200
2026-01-09 17:30:00+00:00,626.0700073242188,626.6900024414062,625.4400024414062,626.1599731445312,2547052
2026-01-09 18:30:00+00:00,627.260009765625,627.4600219726562,626.0399780273438,626.0499877929688,2093574
2026-01-09 19:30:00+00:00,627.4500122070312,627.8900146484375,627.030029296875,627.260009765625,2162120
2026-01-09 20:30:00+00:00,626.6599731445312,627.5900268554688,626.635009765625,627.4600219726562,3207172
2026-01-12 14:30:00+00:00,626.47998046875,626.760009765625,622.260009765625,622.3099975585938,7729164
2026-01-12 15:30:00+00:00,626.9299926757812,627.3900146484375,625.0900268554688,626.469970703125,3514688
2026-01-12 16:30:00+00:00,627.4495849609375,627.7100219726562,626.47998046875,626.9349975585938,1863214
2026-01-12 17:30:00+00:00,628.1199951171875,628.27001953125,626.8699951171875,627.4400024414062,1530716
2026-01-12 18:30:00+00:00,628.260009765625,628.4199829101562,627.4400024414062,628.1300048828125,1361852
2026-01-12 19:30:00+00:00,628.1400146484375,628.844970703125,628.02001953125,628.27001953125,1967232
2026-01-12 20:30:00+00:00,627.1799926757812,628.260009765625,627.1799926757812,628.1400146484375,2321256
2026-01-13 14:30:00+00:00,624.6691284179688,629.469970703125,623.9400024414062,627.239990234375,6815212
2026-01-13 15:30:00+00:00,626.1881713867188,626.6500244140625,623.8800048828125,624.6339721679688,3094388
2026-01-13 16:30:00+00:00,627.6298828125,629.0399780273438,625.9099731445312,626.1300048828125,3423735
2026-01-13 17:30:00+00:00,625.4199829101562,627.9099731445312,624.8599853515625,627.6300048828125,2649459
2026-01-13 18:30:00+00:00,625.219970703125,626.1199951171875,624.1500244140625,625.4099731445312,2262981
2026-01-13 19:30:00+00:00,624.2849731445312,625.6900024414062,624.22998046875,625.1901245117188,2039165
2026-01-13 20:30:00+00:00,626.1300048828125,626.2899780273438,623.6950073242188,624.280029296875,2470204
2026-01-14 14:30:00+00:00,619.1699829101562,623.4500122070312,617.25,622.219970703125,11711871
2026-01-14 15:30:00+00:00,618.3099975585938,619.6599731445312,615.75,619.1199951171875,7210363
2026-01-14 16:30:00+00:00,616.2899780273438,618.6300048828125,614.9299926757812,618.3099975585938,5566932
2026-01-14 17:30:00+00:00,616.375,616.659912109375,614.8599853515625,616.27001953125,3434034
2026-01-14 18:30:00+00:00,616.75,617.0499877929688,614.5599975585938,616.3599853515625,4344537
2026-01-14 19:30:00+00:00,617.9299926757812,618.6799926757812,615.530029296875,616.760009765625,4223944
2026-01-14 20:30:00+00:00,619.5999755859375,619.7999877929688,617.9199829101562,617.9400024414062,4974668
2026-01-15 14:30:00+00:00,625.1400146484375,627.260009765625,624.6099853515625,626.6300048828125,9126751
2026-01-15 15:30:00+00:00,626.1900024414062,630.0,623.760009765625,625.1500244140625,5369065
2026-01-15 16:30:00+00:00,625.590087890625,626.9600219726562,625.510009765625,626.1400146484375,2450518
2026-01-15 17:30:00+00:00,626.0001220703125,626.030029296875,624.8499755859375,625.603271484375,2623836
2026-01-15 18:30:00+00:00,623.6799926757812,626.3200073242188,623.47998046875,625.97998046875,2520926
2026-01-15 19:30:00+00:00,621.7100219726562,623.780029296875,621.030029296875,623.6500244140625,5223563
2026-01-15 20:30:00+00:00,621.6599731445312,621.8900146484375,620.7899780273438,621.6799926757812,3185174
2026-01-16 14:30:00+00:00,620.75,626.0800170898438,620.6599731445312,625.530029296875,9319867
2026-01-16 15:30:00+00:00,621.8499145507812,621.9149780273438,618.8900146484375,620.739990234375,8932564
2026-01-16 16:30:00+00:00,621.4400024414062,622.7000122070312,621.125,621.8599853515625,3192541
2026-01-16 17:30:00+00:00,621.8800048828125,622.1300048828125,620.3200073242188,621.4400024414062,2827500
2026-01-16 18:30:00+00:00,620.97998046875,622.5599975585938,620.760009765625,621.8800048828125,3026986
2026-01-16 19:30:00+00:00,621.6900024414062,622.1199951171875,620.9199829101562,620.97998046875,2493011
2026-01-16 20:30:00+00:00,621.0499877929688,621.9598999023438,620.969970703125,621.6799926757812,3426785
2026-01-20 14:30:00+00:00,613.4359741210938,613.594970703125,610.3300170898438,610.530029296875,15209890
2026-01-20 15:30:00+00:00,614.4500122070312,615.0399780273438,612.3099975585938,613.4299926757812,8221596
2026-01-20 16:30:00+00:00,612.8806762695312,615.0499877929688,612.5900268554688,614.4500122070312,5794861
2026-01-20 17:30:00+00:00,610.6900024414062,612.8800048828125,610.6099853515625,612.8800048828125,4916990
2026-01-20 18:30:00+00:00,608.5900268554688,610.8699951171875,608.2999877929688,610.6599731445312,5617848
2026-01-20 19:30:00+00:00,607.77001953125,609.0280151367188,607.469970703125,608.5599975585938,6121529
2026-01-20 20:30:00+00:00,608.0399780273438,608.1300048828125,607.0599975585938,607.7999877929688,5959035
2026-01-21 14:30:00+00:00,613.9044799804688,614.0800170898438,607.863525390625,609.469970703125,10471803
2026-01-21 15:30:00+00:00,615.75,616.619873046875,613.8699951171875,614.1300048828125,5316171
2026-01-21 16:30:00+00:00,609.75,615.7899780273438,608.219970703125,615.75,8406876
2026-01-21 17:30:00+00:00,610.4500122070312,611.0501098632812,608.4168701171875,609.75,4373687
2026-01-21 18:30:00+00:00,615.0800170898438,615.1099853515625,609.7000122070312,610.4600219726562,4507943
2026-01-21 19:30:00+00:00,616.4600830078125,620.4199829101562,615.1599731445312,616.219970703125,10797717
2026-01-21 20:30:00+00:00,616.1099853515625,617.1900024414062,615.510009765625,616.4600219726562,32211136
2026-01-22 14:30:00+00:00,619.0999755859375,622.3900146484375,617.780029296875,622.3900146484375,8457572
2026-01-22 15:30:00+00:00,621.0499877929688,621.3298950195312,618.6300048828125,619.1300048828125,3803848
2026-01-22 16:30:00+00:00,621.1799926757812,621.6699829101562,620.5499877929688,621.010009765625,2042765
2026-01-22 17:30:00+00:00,621.6544799804688,622.239990234375,621.2000122070312,621.219970703125,1852243
2026-01-22 18:30:00+00:00,621.9099731445312,622.030029296875,620.9000244140625,621.6500244140625,1524821
2026-01-22 19:30:00+00:00,619.5,622.0,619.469970703125,621.9099731445312,2708164
2026-01-22 20:30:00+00:00,620.7899780273438,620.8200073242188,618.9099731445312,619.47998046875,19414602
2026-01-23 14:30:00+00:00,623.0499877929688,623.4600219726562,618.6500244140625,619.6900024414062,7525572
2026-01-23 15:30:00+00:00,624.090087890625,625.39990234375,623.0299072265625,623.0700073242188,4149702
2026-01-23 16:30:00+00:00,624.260009765625,624.9600219726562,623.3800048828125,624.0900268554688,2922092
2026-01-23 17:30:00+00:00,623.2050170898438,624.3099975585938,621.5349731445312,624.280029296875,3462575
2026-01-23 18:30:00+00:00,623.0349731445312,623.739990234375,622.280029296875,623.219970703125,2319588
2026-01-23 19:30:00+00:00,622.2000122070312,623.3400268554688,621.7399291992188,623.030029296875,2496343
2026-01-23 20:30:00+00:00,622.780029296875,623.260009765625,621.8599853515625,622.1950073242188,3179553
2026-01-26 14:30:00+00:00,625.489990234375,626.4500122070312,622.1199951171875,623.1900024414062,9923420
2026-01-26 15:30:00+00:00,626.9000244140625,627.0,625.2000122070312,625.47998046875,0
2026-01-26 16:30:00+00:00,627.0900268554688,627.6099853515625,626.489990234375,626.9299926757812,2330236
2026-01-26 17:30:00+00:00,626.97998046875,627.1599731445312,626.1701049804688,627.0800170898438,1805240
2026-01-26 18:30:00+00:00,626.8200073242188,627.5499877929688,626.4600219726562,626.97998046875,1571193
2026-01-26 19:30:00+00:00,626.3699951171875,627.1099853515625,626.0499877929688,626.7999877929688,1591212
2026-01-26 20:30:00+00:00,625.47998046875,626.719970703125,625.4000854492188,626.3800048828125,17562761
2026-01-27 14:30:00+00:00,630.3200073242188,631.0700073242188,627.3400268554688,628.9000244140625,6666333
2026-01-27 15:30:00+00:00,631.4349975585938,631.8300170898438,630.239990234375,630.3300170898438,2833257
2026-01-27 16:30:00+00:00,631.2999877929688,631.6599731445312,630.5150146484375,631.469970703125,2421416
2026-01-27 17:30:00+00:00,631.1500244140625,631.489990234375,630.219970703125,631.2899780273438,1961709
2026-01-27 18:30:00+00:00,631.5208129882812,631.6199951171875,631.0700073242188,631.1500244140625,1735811
2026-01-27 19:30:00+00:00,631.61767578125,632.042724609375,631.1799926757812,631.530029296875,2218671
2026-01-27 20:30:00+00:00,631.0800170898438,631.719970703125,630.9199829101562,631.5999755859375,3045456
2026-01-28 14:30:00+00:00,634.6900024414062,636.5900268554688,634.3699951171875,635.4600219726562,7728905
2026-01-28 15:30:00+00:00,633.7899780273438,635.0599975585938,632.9849853515625,634.6799926757812,4203008
2026-01-28 16:30:00+00:00,632.4199829101562,633.7868041992188,631.8099975585938,633.7868041992188,3022097
2026-01-28 17:30:00+00:00,633.25,633.5150146484375,632.0399780273438,632.4400024414062,1915281
2026-01-28 18:30:00+00:00,632.3499755859375,634.0900268554688,632.1799926757812,633.27001953125,2747607
2026-01-28 19:30:00+00:00,633.5899047851562,634.489990234375,632.0999755859375,632.3499755859375,4893625
2026-01-28 20:30:00+00:00,633.010009765625,633.9199829101562,632.5900268554688,633.5900268554688,2989546
2026-01-29 14:30:00+00:00,623.1099853515625,633.6699829101562,622.7000122070312,632.5800170898438,11967986
2026-01-29 15:30:00+00:00,621.8900146484375,623.52001953125,618.27001953125,623.1199951171875,10310379
2026-01-29 16:30:00+00:00,625.6199951171875,625.9299926757812,621.469970703125,621.8800048828125,6685082
2026-01-29 17:30:00+00:00,625.7999877929688,626.5700073242188,623.4600219726562,625.5900268554688,4672024
2026-01-29 18:30:00+00:00,626.5800170898438,627.0700073242188,625.1699829101562,625.7999877929688,3732882
2026-01-29 19:30:00+00:00,625.9550170898438,626.77001953125,625.489990234375,626.5700073242188,3314753
2026-01-29 20:30:00+00:00,629.3599853515625,629.97998046875,625.789306640625,625.9500122070312,4690053
2026-01-30 14:30:00+00:00,624.7598876953125,628.2559814453125,624.6500244140625,625.719970703125,8850271
2026-01-30 15:30:00+00:00,624.8400268554688,628.1099853515625,623.75,624.72998046875,6433601
2026-01-30 16:30:00+00:00,624.4400024414062,626.280029296875,622.1300048828125,624.8499755859375,4603282
2026-01-30 17:30:00+00:00,621.760009765625,624.760009765625,619.2974853515625,624.4400024414062,5486457
2026-01-30 18:30:00+00:00,622.8200073242188,624.39990234375,620.0598754882812,621.75,4216579
2026-01-30 19:30:00+00:00,619.9199829101562,623.3699951171875,619.3203125,622.7899780273438,4178803
2026-01-30 20:30:00+00:00,621.8099975585938,623.1400146484375,619.7899780273438,619.9099731445312,5790006
2026-02-02 14:30:00+00:00,626.47998046875,627.5999755859375,618.7000122070312,618.7000122070312,8268494
2026-02-02 15:30:00+00:00,627.1500244140625,627.4697265625,624.989990234375,626.510009765625,4358845
2026-02-02 16:30:00+00:00,627.6950073242188,627.89501953125,625.780029296875,627.1400146484375,3040167
2026-02-02 17:30:00+00:00,627.6099853515625,628.3099975585938,627.27001953125,627.7100219726562,2021080
2026-02-02 18:30:00+00:00,627.8499755859375,628.489990234375,627.5,627.6099853515625,1709694
2026-02-02 19:30:00+00:00,626.4749755859375,627.85498046875,625.4224853515625,627.8350219726562,3468864
2026-02-02 20:30:00+00:00,626.25,626.5599975585938,625.6602783203125,626.4500122070312,3980840
2026-02-03 14:30:00+00:00,618.9199829101562,629.97998046875,617.0800170898438,628.2349853515625,12782801
2026-02-03 15:30:00+00:00,617.6799926757812,620.9500122070312,617.3499755859375,618.9000244140625,6766964
2026-02-03 16:30:00+00:00,615.719970703125,618.5999755859375,615.3699951171875,617.7000122070312,5915818
2026-02-03 17:30:00+00:00,613.7100219726562,616.0,613.260009765625,615.6799926757812,5668778
2026-02-03 18:30:00+00:00,612.8400268554688,614.3599853515625,610.9600219726562,613.6699829101562,6537883
2026-02-03 19:30:00+00:00,613.6849975585938,613.9899291992188,611.3499755859375,612.7899780273438,5025272
2026-02-03 20:30:00+00:00,616.4500122070312,616.77001953125,613.6599731445312,613.6900024414062,5908452
2026-02-04 14:30:00+00:00,611.719970703125,615.0999755859375,608.2899780273438,614.7999877929688,11538756
2026-02-04 15:30:00+00:00,608.8599853515625,612.260009765625,606.7249755859375,611.72998046875,7241073
2026-02-04 16:30:00+00:00,603.0,609.010009765625,602.6799926757812,608.9099731445312,6004683
2026-02-04 17:30:00+00:00,604.3400268554688,604.530029296875,600.469970703125,603.0,5632885
2026-02-04 18:30:00+00:00,604.8400268554688,604.9199829101562,601.7100219726562,604.3400268554688,4363222
2026-02-04 19:30:00+00:00,607.2000122070312,608.6300048828125,604.75,604.8200073242188,5617535
2026-02-04 20:30:00+00:00,605.6199951171875,608.1300048828125,605.2100219726562,607.1799926757812,4289470
2026-02-05 14:30:00+00:00,595.5900268554688,604.8099975585938,594.9199829101562,600.2100219726562,15081122
2026-02-05 15:30:00+00:00,600.4500122070312,600.5499877929688,594.77001953125,595.5800170898438,9858691
2026-02-05 16:30:00+00:00,601.8599853515625,602.5,599.0709838867188,600.4600219726562,5511152
2026-02-05 17:30:00+00:00,599.3099975585938,603.0499877929688,598.77001953125,601.8800048828125,4768839
2026-02-05 18:30:00+00:00,600.0700073242188,601.8599853515625,597.5900268554688,599.27001953125,29907041
2026-02-05 19:30:00+00:00,597.0,601.10498046875,596.8400268554688,600.0700073242188,0
2026-02-05 20:30:00+00:00,597.0800170898438,597.8900146484375,595.2899780273438,596.97998046875,5143623
2026-02-06 14:30:00+00:00,603.6400146484375,605.6099853515625,598.77001953125,600.2000122070312,14496848
2026-02-06 15:30:00+00:00,606.1300048828125,606.8499755859375,601.6400146484375,603.6500244140625,7337063
2026-02-06 16:30:00+00:00,607.6799926757812,607.7886962890625,605.4600219726562,606.1199951171875,21550978
2026-02-06 17:30:00+00:00,608.1849975585938,608.989990234375,606.9099731445312,607.6900024414062,0
2026-02-06 18:30:00+00:00,608.5700073242188,608.6699829101562,607.6099853515625,608.1799926757812,3314034
2026-02-06 19:30:00+00:00,608.6900024414062,609.0900268554688,607.3599853515625,608.5599975585938,3765270
2026-02-06 20:30:00+00:00,609.6300048828125,611.4099731445312,608.4600219726562,608.6799926757812,6613446
2026-02-09 14:30:00+00:00,610.510009765625,612.239990234375,605.0700073242188,607.5399780273438,10356349
2026-02-09 15:30:00+00:00,614.7100219726562,614.75,610.489990234375,610.530029296875,4675347
2026-02-09 16:30:00+00:00,615.3900146484375,616.1900024414062,614.3300170898438,614.7000122070312,3419099
2026-02-09 17:30:00+00:00,614.4000244140625,615.8099975585938,613.6799926757812,615.405029296875,3540056
2026-02-09 18:30:00+00:00,616.2550048828125,616.3599853515625,614.1199951171875,614.4000244140625,3516224
2026-02-09 19:30:00+00:00,614.9299926757812,616.4600219726562,614.7100219726562,616.25,3096588
2026-02-09 20:30:00+00:00,614.3200073242188,615.619873046875,614.2100219726562,614.9199829101562,4154907
2026-02-10 14:30:00+00:00,615.9299926757812,617.02001953125,612.4000244140625,615.3049926757812,11397517
2026-02-10 15:30:00+00:00,614.6900024414062,616.7999877929688,614.239990234375,615.9099731445312,5046548
2026-02-10 16:30:00+00:00,615.0900268554688,615.530029296875,613.6099853515625,614.6500244140625,3661600
2026-02-10 17:30:00+00:00,613.2899780273438,615.8300170898438,613.2100219726562,615.0800170898438,2579342
2026-02-10 18:30:00+00:00,613.469970703125,614.030029296875,612.7999877929688,613.280029296875,3455529
2026-02-10 19:30:00+00:00,612.364990234375,613.7899780273438,612.1300048828125,613.489990234375,3295209
2026-02-10 20:30:00+00:00,611.510009765625,612.7100219726562,611.010009765625,612.3499755859375,4347494
2026-02-11 14:30:00+00:00,608.1099853515625,617.52001953125,607.6900024414062,616.3980102539062,11419488
2026-02-11 15:30:00+00:00,610.9600219726562,612.9299926757812,607.9500122070312,608.1500244140625,7414209
2026-02-11 16:30:00+00:00,613.27001953125,613.4600219726562,609.7349853515625,610.9600219726562,16191693
2026-02-11 17:30:00+00:00,612.9749755859375,614.1099853515625,611.1599731445312,613.280029296875,0
2026-02-11 18:30:00+00:00,614.6900024414062,614.97998046875,612.4500122070312,612.97998046875,3551584
2026-02-11 19:30:00+00:00,613.1500244140625,614.8800048828125,613.0900268554688,614.7000122070312,3115199
2026-02-11 20:30:00+00:00,612.97998046875,614.0499877929688,612.8499755859375,613.1500244140625,3121736
2026-02-12 14:30:00+00:00,611.97998046875,615.8099975585938,610.469970703125,614.7030029296875,9570103
2026-02-12 15:30:00+00:00,601.9400024414062,612.47998046875,601.7999877929688,611.97998046875,10759935
2026-02-12 16:30:00+00:00,603.280029296875,604.52001953125,601.6500244140625,601.9450073242188,8804978
2026-02-12 17:30:00+00:00,602.510009765625,604.9199829101562,601.5399780273438,603.2100219726562,4829567
2026-02-12 18:30:00+00:00,603.25,604.6300048828125,602.1099853515625,602.5399780273438,4330889
2026-02-12 19:30:00+00:00,601.5850219726562,604.962890625,601.4099731445312,603.2000122070312,5105158
2026-02-12 20:30:00+00:00,600.5599975585938,602.2949829101562,599.5698852539062,601.5800170898438,6344966
2026-02-13 14:30:00+00:00,602.9500122070312,603.469970703125,596.4199829101562,600.2249755859375,11390134
2026-02-13 15:30:00+00:00,603.0098876953125,604.9000244140625,599.8400268554688,602.9400024414062,5020931
2026-02-13 16:30:00+00:00,605.3599853515625,605.8400268554688,602.0,602.97998046875,3987606
2026-02-13 17:30:00+00:00,605.489990234375,606.4299926757812,604.1900024414062,605.3800048828125,3832911
2026-02-13 18:30:00+00:00,604.760009765625,606.469970703125,604.461181640625,605.510009765625,24872824
2026-02-13 19:30:00+00:00,600.89990234375,605.3499755859375,600.6300048828125,604.75,0
2026-02-13 20:30:00+00:00,601.8200073242188,601.9949951171875,600.0900268554688,600.8900146484375,4608444
2026-02-17 14:30:00+00:00,595.2000122070312,602.1900024414062,593.7000122070312,598.3900146484375,10462831
2026-02-17 15:30:00+00:00,600.0599975585938,601.6901245117188,593.3400268554688,595.1699829101562,7870621
2026-02-17 16:30:00+00:00,600.7100219726562,601.489990234375,598.6500244140625,600.030029296875,4967521
2026-02-17 17:30:00+00:00,601.0349731445312,601.4450073242188,597.1900024414062,600.719970703125,5078983
2026-02-17 18:30:00+00:00,602.6900024414062,603.5700073242188,600.5999755859375,601.0599975585938,4447666
2026-02-17 19:30:00+00:00,601.16162109375,603.9500122070312,600.989990234375,602.6799926757812,4222970
2026-02-17 20:30:00+00:00,601.1900024414062,601.7000122070312,600.25,601.1599731445312,3950826
2026-02-18 14:30:00+00:00,608.0700073242188,608.4600219726562,600.719970703125,602.1099853515625,10840555
2026-02-18 15:30:00+00:00,608.9400024414062,609.47998046875,607.2000122070312,608.0599975585938,4625752
2026-02-18 16:30:00+00:00,608.8699951171875,609.77099609375,608.0900268554688,608.9400024414062,3709146
2026-02-18 17:30:00+00:00,608.219970703125,609.760009765625,607.9299926757812,608.8590698242188,2855777
2026-02-18 18:30:00+00:00,606.510009765625,608.52001953125,606.260009765625,608.22998046875,3981601
2026-02-18 19:30:00+00:00,603.7324829101562,606.7000122070312,603.25,606.510009765625,5945724
2026-02-18 20:30:00+00:00,605.6699829101562,606.6749877929688,603.6199951171875,603.72998046875,4078267
2026-02-19 14:30:00+00:00,603.4099731445312,605.6199951171875,601.0999755859375,602.8099975585938,8561752
2026-02-19 15:30:00+00:00,603.75,605.8150024414062,603.1900024414062,603.3900146484375,4812394
2026-02-19 16:30:00+00:00,603.4299926757812,604.8699951171875,602.0250244140625,603.760009765625,4431446
2026-02-19 17:30:00+00:00,601.7050170898438,603.6900024414062,600.760009765625,603.4299926757812,9531318
2026-02-19 18:30:00+00:00,602.1900024414062,603.1500244140625,601.1599731445312,601.6900024414062,3265074
2026-02-19 19:30:00+00:00,601.6799926757812,602.5800170898438,600.8200073242188,602.1799926757812,3628014
2026-02-19 20:30:00+00:00,603.47998046875,603.5399780273438,601.5499877929688,601.6599731445312,3406062
2026-02-20 14:30:00+00:00,606.3499755859375,608.9600219726562,599.22998046875,600.1099853515625,10009262
2026-02-20 15:30:00+00:00,606.47998046875,610.3499755859375,604.7899780273438,606.3900146484375,8548339
2026-02-20 16:30:00+00:00,605.239990234375,610.1165161132812,604.0800170898438,606.469970703125,5229538
2026-02-20 17:30:00+00:00,606.1099853515625,608.0800170898438,604.9000244140625,605.260009765625,4879404
2026-02-20 18:30:00+00:00,608.27197265625,609.9000244140625,605.3099975585938,606.1699829101562,4540342
2026-02-20 19:30:00+00:00,607.469970703125,608.8400268554688,607.3200073242188,608.280029296875,33032790
2026-02-20 20:30:00+00:00,608.8699951171875,608.8699951171875,607.4000244140625,607.489990234375,0
2026-02-23 14:30:00+00:00,603.97998046875,608.010009765625,603.2249755859375,606.6270141601562,8664759
2026-02-23 15:30:00+00:00,601.6699829101562,604.6649780273438,599.0499877929688,603.969970703125,18473412
2026-02-23 16:30:00+00:00,600.8400268554688,601.9500122070312,600.4299926757812,601.6599731445312,0
2026-02-23 17:30:00+00:00,602.4550170898438,602.7000732421875,599.280029296875,600.8400268554688,4382196
2026-02-23 18:30:00+00:00,600.1699829101562,602.6799926757812,600.0399780273438,602.4500122070312,21490122
2026-02-23 19:30:00+00:00,599.969970703125,600.5399780273438,599.3098754882812,600.1599731445312,0
2026-02-23 20:30:00+00:00,601.4199829101562,601.5311889648438,599.9299926757812,599.969970703125,3920156
2026-02-24 14:30:00+00:00,607.3800048828125,607.4299926757812,599.7390747070312,602.0549926757812,9230616
2026-02-24 15:30:00+00:00,607.4400024414062,608.2100219726562,606.3099975585938,607.3599853515625,4375178
2026-02-24 16:30:00+00:00,608.5399780273438,608.9099731445312,606.3499755859375,607.4199829101562,3460175
2026-02-24 17:30:00+00:00,607.5596923828125,608.989990234375,607.4564819335938,608.530029296875,2548953
2026-02-24 18:30:00+00:00,607.1599731445312,608.3099975585938,606.8099975585938,607.5599975585938,2912897
2026-02-24 19:30:00+00:00,607.0700073242188,608.4000244140625,607.0,607.1500244140625,2861444
2026-02-24 20:30:00+00:00,607.8400268554688,608.8200073242188,606.969970703125,607.0700073242188,2837072
2026-02-25 14:30:00+00:00,615.260009765625,615.8900146484375,611.0,611.0900268554688,8174727
2026-02-25 15:30:00+00:00,614.469970703125,615.4400024414062,613.6099853515625,615.260009765625,4510731
2026-02-25 16:30:00+00:00,614.97998046875,615.4600219726562,614.3101196289062,614.4600219726562,2461841
2026-02-25 17:30:00+00:00,615.4149780273438,615.8300170898438,614.8300170898438,614.9650268554688,2058336
2026-02-25 18:30:00+00:00,616.1849975585938,616.35498046875,615.30029296875,615.4199829101562,2239030
2026-02-25 19:30:00+00:00,616.10498046875,616.3599853515625,615.9349975585938,616.1799926757812,2543860
2026-02-25 20:30:00+00:00,616.52001953125,616.8300170898438,615.7550048828125,616.1099853515625,4878727
2026-02-26 14:30:00+00:00,605.7000122070312,615.530029296875,604.5499877929688,615.489990234375,16997382
2026-02-26 15:30:00+00:00,608.719970703125,609.35498046875,603.97998046875,605.7100219726562,14218333
2026-02-26 16:30:00+00:00,606.52001953125,608.969970703125,606.1699829101562,608.7249755859375,6275769
2026-02-26 17:30:00+00:00,605.3599853515625,607.47998046875,604.5399780273438,606.510009765625,4551639
2026-02-26 18:30:00+00:00,608.4492797851562,609.3599853515625,605.0700073242188,605.3699951171875,7237394
2026-02-26 19:30:00+00:00,607.969970703125,609.6599731445312,607.8699951171875,608.4450073242188,4397875
2026-02-26 20:30:00+00:00,609.260009765625,609.3400268554688,607.9299926757812,607.9650268554688,3032939
2026-02-27 14:30:00+00:00,606.780029296875,607.4000244140625,602.1900024414062,602.9500122070312,12250055
2026-02-27 15:30:00+00:00,606.6950073242188,607.969970703125,605.6300048828125,606.77001953125,7105237
2026-02-27 16:30:00+00:00,606.3150024414062,608.3200073242188,605.0399780273438,606.7050170898438,6242043
2026-02-27 17:30:00+00:00,605.3300170898438,607.2899780273438,604.4500122070312,606.3200073242188,18594344
2026-02-27 18:30:00+00:00,605.2000122070312,606.47998046875,604.7000122070312,605.3200073242188,0
2026-02-27 19:30:00+00:00,606.9249877929688,607.5399780273438,604.4199829101562,605.2100219726562,4242691
2026-02-27 20:30:00+00:00,607.35498046875,608.02001953125,605.5750122070312,606.9099731445312,27698302
2026-03-02 14:30:00+00:00,604.6799926757812,606.260009765625,597.989990234375,598.9299926757812,12160572
2026-03-02 15:30:00+00:00,604.3200073242188,607.27001953125,603.719970703125,604.6300048828125,7951126
2026-03-02 16:30:00+00:00,608.60498046875,609.3599853515625,604.1699829101562,604.2999877929688,6082326
2026-03-02 17:30:00+00:00,608.4000244140625,609.3200073242188,607.8499755859375,608.5900268554688,19884471
2026-03-02 18:30:00+00:00,609.4249877929688,609.6599731445312,606.72998046875,608.4199829101562,0
2026-03-02 19:30:00+00:00,606.7100219726562,609.9199829101562,606.260009765625,609.4249877929688,7180867
2026-03-02 20:30:00+00:00,608.0399780273438,609.0599975585938,606.6099853515625,606.7100219726562,5077252
2026-03-03 14:30:00+00:00,592.030029296875,599.3900146484375,591.8699951171875,596.3200073242188,27883874
2026-03-03 15:30:00+00:00,598.3499755859375,598.8900146484375,591.969970703125,592.030029296875,17429134
2026-03-03 16:30:00+00:00,600.3900146484375,600.89501953125,596.989990234375,598.3400268554688,12259602
2026-03-03 17:30:00+00:00,601.4400024414062,602.030029296875,597.9299926757812,600.4000244140625,9154178
2026-03-03 18:30:00+00:00,601.72998046875,603.4949951171875,601.0399780273438,601.4400024414062,9350869
2026-03-03 19:30:00+00:00,602.2999877929688,603.9550170898438,600.5399780273438,601.739990234375,10458269
2026-03-03 20:30:00+00:00,601.6599731445312,602.919921875,600.739990234375,602.2999877929688,6222219
2026-03-04 14:30:00+00:00,610.97998046875,611.0700073242188,603.4299926757812,604.1500244140625,21661944
2026-03-04 15:30:00+00:00,610.1699829101562,611.4500122070312,608.5399780273438,610.97998046875,14216167
2026-03-04 16:30:00+00:00,610.8499755859375,611.8250122070312,609.97998046875,610.1749877929688,8129264
2026-03-04 17:30:00+00:00,611.7816772460938,612.0499877929688,610.1900024414062,610.8499755859375,5374158
2026-03-04 18:30:00+00:00,612.3400268554688,612.8800048828125,611.760009765625,611.7899780273438,5002974
2026-03-04 19:30:00+00:00,611.3300170898438,612.625,610.6599731445312,612.3350219726562,5365688
2026-03-04 20:30:00+00:00,610.5499877929688,611.72998046875,610.4199829101562,611.3200073242188,6955666
2026-03-05 14:30:00+00:00,608.0150146484375,612.760009765625,607.3800048828125,607.4500122070312,19942130
2026-03-05 15:30:00+00:00,606.9500122070312,610.0800170898438,606.0700073242188,608.02001953125,14193248
2026-03-05 16:30:00+00:00,606.0,610.6799926757812,606.0,606.9600219726562,10307258
2026-03-05 17:30:00+00:00,602.739990234375,606.3599853515625,602.4600219726562,606.010009765625,12746213
2026-03-05 18:30:00+00:00,603.8350219726562,604.8300170898438,602.260009765625,602.7050170898438,8711574
2026-03-05 19:30:00+00:00,606.6400146484375,607.5900268554688,602.739990234375,603.8200073242188,11229825
2026-03-05 20:30:00+00:00,608.969970703125,609.1199951171875,606.2899780273438,606.6400146484375,9490136
2026-03-06 14:30:00+00:00,603.6300048828125,603.7999877929688,598.5399780273438,600.3350219726562,23120571
2026-03-06 15:30:00+00:00,604.159912109375,605.5,601.9299926757812,603.6099853515625,11781675
2026-03-06 16:30:00+00:00,603.4000244140625,605.989990234375,602.9199829101562,604.1799926757812,8857333
2026-03-06 17:30:00+00:00,603.8200073242188,605.4500122070312,601.72998046875,603.4000244140625,8578735
2026-03-06 18:30:00+00:00,603.530029296875,604.530029296875,602.6699829101562,603.8300170898438,8860321
2026-03-06 19:30:00+00:00,599.530029296875,604.3499755859375,599.2999877929688,603.52001953125,10776011
2026-03-06 20:30:00+00:00,599.8699951171875,600.8599853515625,598.3699951171875,599.530029296875,11223982
